# gyro bias rad/s: -0.04661,0.00906,0.07026
# t_ms,yaw_deg,pitc
_de2733,0.00,-0.03,3.58,187,1
2744,0.00,-0.07,7.09,187,1
2754,0.00,-0.10,10.53,187,1
2764,0.00,-0.13,13.90,187,1
2774,0.00,-0.15,17.20,187,1
2784,0.00,-0.18,20.43,187,1
2794,0.00,-0.21,23.60,187,1
2804,0.00,-0.24,26.71,187,1
2814,0.00,-0.26,29.76,187,1
2824,0.00,-0.29,32.74,187,1
2834,0.00,-0.33,35.66,187,1
2844,0.00,-0.35,38.52,187,1
2854,0.00,-0.38,41.33,187,1
2864,0.00,-0.40,44.08,187,1
2874,0.00,-0.43,46.78,187,1
2884,0.00,-0.46,49.42,187,1
2894,0.00,-0.48,52.01,187,1
2904,0.00,-0.51,54.55,187,1
2914,0.00,-0.52,57.04,187,1
2924,0.00,-0.55,59.48,187,1
2934,0.00,-0.56,61.87,187,1
2944,0.00,-0.59,64.21,187,1
2954,0.00,-0.61,66.50,187,1
2964,0.00,-0.63,68.75,187,1
2974,0.00,-0.65,70.96,187,1
2984,0.00,-0.67,73.12,187,1
2994,0.00,-0.69,75.23,187,1
3004,0.00,-0.71,77.31,187,1
3014,0.00,-0.73,79.34,187,1
3024,0.00,-0.75,81.33,187,1
3034,0.00,-0.77,83.28,187,1
3044,0.00,-0.79,85.20,187,1
3054,0.00,-0.81,87.07,187,1
3064,0.00,-0.83,88.91,187,1
3074,0.00,-0.84,90.71,187,1
3084,0.00,-0.85,92.47,187,1
3094,0.00,-0.87,94.19,187,1
3104,0.00,-0.88,95.89,187,1
3114,0.00,-0.90,97.55,187,1
3124,0.00,-0.92,99.17,187,1
3134,0.00,-0.93,100.76,187,1
3144,0.00,-0.94,102.33,187,1
3154,0.00,-0.96,103.86,187,1
3164,0.00,-0.97,105.36,187,1
3174,0.00,-0.99,106.83,187,1
3184,0.00,-1.00,108.27,187,1
3194,0.00,-1.02,109.68,187,1
3204,0.00,-1.03,111.07,187,1
3214,0.00,-1.05,112.42,187,1
3224,0.00,-1.06,113.75,187,1
3237,0.00,-1.07,115.05,183,1
3248,0.00,-1.08,116.33,183,1
3258,0.00,-1.09,117.58,183,1
3268,0.00,-1.10,118.81,183,1
3278,0.00,-1.11,120.01,183,1
3288,0.00,-1.12,121.19,183,1
3298,0.00,-1.13,122.35,183,1
3308,0.00,-1.14,123.48,183,1
3318,0.00,-1.15,124.59,183,1
3328,0.00,-1.16,125.68,183,1
3338,0.00,-1.17,126.74,183,1
3348,0.00,-1.18,127.79,183,1
3358,0.00,-1.19,128.81,183,1
3368,0.00,-1.20,129.81,183,1
3378,0.00,-1.21,130.79,183,1
3388,0.00,-1.22,131.76,183,1
3398,0.00,-1.23,132.70,183,1
3408,0.00,-1.23,133.62,183,1
3418,0.00,-1.24,134.53,183,1
3428,0.00,-1.25,135.42,183,1
3438,0.00,-1.25,136.29,183,1
3448,0.00,-1.26,137.14,183,1
3458,0.00,-1.27,137.98,183,1
3468,0.00,-1.27,138.80,183,1
3478,0.00,-1.29,139.60,183,1
3488,0.00,-1.30,140.39,183,1
3498,0.00,-1.30,141.16,183,1
3508,0.00,-1.32,141.91,183,1
3518,0.00,-1.32,142.65,183,1
3528,0.00,-1.33,143.37,183,1
3538,0.00,-1.34,144.09,183,1
3548,0.00,-1.34,144.79,183,1
3558,0.00,-1.34,145.47,183,1
3568,0.00,-1.35,146.14,183,1
3578,0.00,-1.36,146.79,183,1
3588,0.00,-1.36,147.44,183,1
3598,0.00,-1.37,148.06,183,1
3608,0.00,-1.38,148.68,183,1
3618,0.00,-1.37,149.29,183,1
3628,0.00,-1.35,149.90,183,1
3638,0.00,-1.37,150.46,183,1
3648,0.00,-1.41,151.00,183,1
3658,0.00,-1.44,151.56,183,1
3668,0.00,-1.43,152.12,183,1
3678,0.00,-1.40,152.67,183,1
3688,0.00,-1.39,153.21,183,1
3698,0.00,-1.40,153.72,183,1
3708,0.00,-1.41,154.21,183,1
3718,0.00,-1.41,154.70,183,1
3728,0.00,-1.42,155.20,183,1
3741,0.00,-1.42,155.68,182,1
3752,0.00,-1.42,156.14,182,1
3762,0.00,-1.44,156.59,182,1
3772,0.00,-1.46,157.03,182,1
3782,0.00,-1.45,157.47,182,1
3792,0.00,-1.45,157.91,182,1
3802,0.00,-1.44,158.34,182,1
3812,0.00,-1.46,158.74,182,1
3822,0.00,-1.47,159.13,182,1
3832,0.00,-1.48,159.53,182,1
3842,0.00,-1.47,159.93,182,1
3852,0.00,-1.47,160.31,182,1
3862,0.00,-1.48,160.67,182,1
3872,0.00,-1.50,161.03,182,1
3882,0.00,-1.49,161.39,182,1
3892,0.00,-1.49,161.75,182,1
3902,0.00,-1.49,162.09,182,1
3912,0.00,-1.49,162.43,182,1
3922,0.00,-1.49,162.76,182,1
3932,0.00,-1.50,163.08,182,1
3942,0.00,-1.51,163.40,182,1
3952,0.00,-1.50,163.71,182,1
3962,0.00,-1.50,164.02,182,1
3972,0.00,-1.51,164.31,182,1
3982,0.00,-1.52,164.60,182,1
3992,0.00,-1.53,164.88,182,1
4002,0.00,-1.53,165.18,182,1
4012,0.00,-1.53,165.45,182,1
4022,0.00,-1.54,165.71,182,1
4032,0.00,-1.54,165.98,182,1
4042,0.00,-1.54,166.24,182,1
4052,0.00,-1.55,166.49,182,1
4062,0.00,-1.55,166.74,182,1
4072,0.00,-1.55,166.98,182,1
4082,0.00,-1.55,167.21,182,1
4092,0.00,-1.55,167.45,182,1
4102,0.00,-1.55,167.68,182,1
4112,0.00,-1.56,167.90,182,1
4122,0.00,-1.56,168.12,182,1
4132,0.00,-1.57,168.33,182,1
4142,0.00,-1.57,168.55,182,1
4152,0.00,-1.57,168.76,182,1
4162,0.00,-1.57,168.96,182,1
4172,0.00,-1.57,169.16,182,1
4182,0.00,-1.57,169.35,182,1
4192,0.00,-1.57,169.54,182,1
4202,0.00,-1.56,169.73,182,1
4212,0.00,-1.56,169.91,182,1
4222,0.00,-1.57,170.09,182,1
4232,0.00,-1.57,170.27,182,1
4246,0.00,-1.57,170.44,182,1
4257,0.00,-1.57,170.61,182,1
4267,0.00,-1.57,170.78,182,1
4277,0.00,-1.57,170.94,182,1
4287,0.00,-1.57,171.10,182,1
4297,0.00,-1.57,171.26,182,1
4307,0.00,-1.57,171.41,182,1
4317,0.00,-1.57,171.56,182,1
4327,0.00,-1.58,171.70,182,1
4337,0.00,-1.58,171.85,182,1
4347,0.00,-1.58,171.99,182,1
4357,0.00,-1.59,172.13,182,1
4367,0.00,-1.58,172.26,182,1
4377,0.00,-1.59,172.40,182,1
4387,0.00,-1.60,172.53,182,1
4397,0.00,-1.59,172.65,182,1
4407,0.00,-1.60,172.78,182,1
4417,0.00,-1.59,172.90,182,1
4427,0.00,-1.59,173.02,182,1
4437,0.00,-1.59,173.14,182,1
4447,0.00,-1.59,173.25,182,1
4457,0.00,-1.60,173.37,182,1
4467,0.00,-1.60,173.48,182,1
4477,0.00,-1.60,173.59,182,1
4487,0.00,-1.60,173.69,182,1
4497,0.00,-1.60,173.80,182,1
4507,0.00,-1.60,173.90,182,1
4517,0.00,-1.60,174.00,182,1
4527,0.00,-1.60,174.10,182,1
4537,0.00,-1.60,174.19,182,1
4547,0.00,-1.61,174.29,182,1
4557,0.00,-1.60,174.38,182,1
4567,0.00,-1.60,174.47,182,1
4577,0.00,-1.60,174.56,182,1
4587,0.00,-1.60,174.65,182,1
4597,0.00,-1.60,174.73,182,1
4607,0.00,-1.60,174.82,182,1
4617,0.00,-1.60,174.90,182,1
4627,0.00,-1.60,174.98,182,1
4637,0.00,-1.61,175.06,182,1
4647,0.00,-1.61,175.13,182,1
4657,0.00,-1.61,175.21,182,1
4667,0.00,-1.61,175.28,182,1
4677,0.00,-1.60,175.36,182,1
4687,0.00,-1.60,175.43,182,1
4697,0.00,-1.60,175.50,182,1
4707,0.00,-1.61,175.57,182,1
4717,0.00,-1.61,175.64,182,1
4727,0.00,-1.61,175.69,182,1
4737,0.00,-1.61,175.75,182,1
4750,0.00,-1.61,175.81,187,1
4761,0.00,-1.60,175.88,187,1
4771,0.00,-1.60,175.94,187,1
4781,0.00,-1.61,176.00,187,1
4791,0.00,-1.61,176.05,187,1
4801,0.00,-1.61,176.11,187,1
4811,0.00,-1.62,176.16,187,1
4821,0.00,-1.62,176.22,187,1
4831,0.00,-1.62,176.27,187,1
4841,0.00,-1.62,176.32,187,1
4851,0.00,-1.62,176.38,187,1
4861,0.00,-1.62,176.42,187,1
4871,0.00,-1.63,176.47,187,1
4881,0.00,-1.63,176.52,187,1
4891,0.00,-1.63,176.57,187,1
4901,0.00,-1.63,176.62,187,1
4911,0.00,-1.63,176.67,187,1
4921,0.00,-1.62,176.71,187,1
4931,0.00,-1.63,176.76,187,1
4941,0.00,-1.63,176.80,187,1
4951,0.00,-1.63,176.85,187,1
4961,0.00,-1.63,176.89,187,1
4971,0.00,-1.62,176.93,187,1
4981,0.00,-1.62,176.97,187,1
4991,0.00,-1.62,177.01,187,1
5001,0.00,-1.62,177.04,187,1
5011,0.00,-1.62,177.09,187,1
5021,0.00,-1.63,177.12,187,1
5031,0.00,-1.62,177.16,187,1
5041,0.00,-1.62,177.19,187,1
5051,0.00,-1.62,177.22,187,1
5061,0.00,-1.62,177.26,187,1
5071,0.00,-1.61,177.29,187,1
5081,0.00,-1.61,177.33,187,1
5091,0.00,-1.61,177.35,187,1
5101,0.00,-1.61,177.38,187,1
5111,0.00,-1.61,177.41,187,1
5121,0.00,-1.61,177.44,187,1
5131,0.00,-1.61,177.47,187,1
5141,0.00,-1.60,177.50,187,1
5151,0.00,-1.60,177.53,187,1
5161,0.00,-1.60,177.55,187,1
5171,0.00,-1.60,177.58,187,1
5181,0.00,-1.60,177.61,187,1
5191,0.00,-1.61,177.63,187,1
5201,0.00,-1.61,177.66,187,1
5211,0.00,-1.61,177.68,187,1
5221,0.00,-1.60,177.71,187,1
5231,0.00,-1.60,177.73,187,1
5241,0.00,-1.60,177.76,187,1
5254,0.00,-1.60,177.78,187,1
5265,0.00,-1.61,177.80,187,1
5275,0.00,-1.61,177.83,187,1
5285,0.00,-1.61,177.85,187,1
5295,0.00,-1.62,177.87,187,1
5305,0.00,-1.62,177.89,187,1
5315,0.00,-1.62,177.91,187,1
5325,0.00,-1.62,177.94,187,1
5335,0.00,-1.61,177.95,187,1
5345,0.00,-1.61,177.97,187,1
5355,0.00,-1.62,177.99,187,1
5365,0.00,-1.62,178.00,187,1
5375,0.00,-1.62,178.02,187,1
5385,0.00,-1.62,178.04,187,1
5395,0.00,-1.63,178.06,187,1
5405,0.00,-1.63,178.08,187,1
5415,0.00,-1.63,178.10,187,1
5425,0.00,-1.63,178.11,187,1
5435,0.00,-1.63,178.13,187,1
5445,0.00,-1.63,178.14,187,1
5455,0.00,-1.64,178.16,187,1
5465,0.00,-1.64,178.17,187,1
5475,0.00,-1.65,178.19,187,1
5485,0.00,-1.65,178.20,187,1
5495,0.00,-1.65,178.21,187,1
5505,0.00,-1.65,178.23,187,1
5515,0.00,-1.65,178.24,187,1
5525,0.00,-1.65,178.25,187,1
5535,0.00,-1.65,178.26,187,1
5545,0.00,-1.65,178.27,187,1
5555,0.00,-1.64,178.28,187,1
5565,0.00,-1.64,178.29,187,1
5575,0.00,-1.64,178.30,187,1
5585,0.00,-1.64,178.32,187,1
5595,0.00,-1.64,178.33,187,1
5605,0.00,-1.65,178.34,187,1
5615,0.00,-1.65,178.35,187,1
5625,0.00,-1.64,178.36,187,1
5635,0.00,-1.64,178.38,187,1
5645,0.00,-1.64,178.39,187,1
5655,0.00,-1.64,178.39,187,1
5665,0.00,-1.64,178.40,187,1
5675,0.00,-1.64,178.41,187,1
5685,0.00,-1.65,178.42,187,1
5695,0.00,-1.65,178.43,187,1
5705,0.00,-1.65,178.44,187,1
5715,0.00,-1.65,178.45,187,1
5725,0.00,-1.65,178.46,187,1
5735,0.00,-1.65,178.47,187,1
5745,0.00,-1.64,178.47,187,1
5759,0.00,-1.65,178.48,187,1
5770,0.00,-1.65,178.49,187,1
5780,0.00,-1.65,178.50,187,1
5790,0.00,-1.65,178.51,187,1
5800,0.00,-1.65,178.52,187,1
5810,0.00,-1.64,178.53,187,1
5820,0.00,-1.64,178.54,187,1
5830,0.00,-1.64,178.54,187,1
5840,0.00,-1.65,178.55,187,1
5850,0.00,-1.65,178.55,187,1
5860,0.00,-1.65,178.56,187,1
5870,0.00,-1.64,178.57,187,1
5880,0.00,-1.64,178.58,187,1
5890,0.00,-1.64,178.59,187,1
5900,0.00,-1.64,178.59,187,1
5910,0.00,-1.65,178.60,187,1
5920,0.00,-1.65,178.60,187,1
5930,0.00,-1.66,178.60,187,1
5940,0.00,-1.66,178.61,187,1
5950,0.00,-1.66,178.62,187,1
5960,0.00,-1.66,178.63,187,1
5970,0.00,-1.66,178.63,187,1
5980,0.00,-1.66,178.64,187,1
5990,0.00,-1.66,178.64,187,1
6000,0.00,-1.66,178.65,187,1
6010,0.00,-1.66,178.66,187,1
6020,0.00,-1.66,178.67,187,1
6030,0.00,-1.66,178.67,187,1
6040,0.00,-1.66,178.68,187,1
6050,0.00,-1.66,178.68,187,1
6060,0.00,-1.66,178.69,187,1
6070,0.00,-1.66,178.69,187,1
6080,0.00,-1.66,178.70,187,1
6090,0.00,-1.65,178.70,187,1
6100,0.00,-1.66,178.71,187,1
6110,0.00,-1.65,178.71,187,1
6120,0.00,-1.65,178.71,187,1
6130,0.00,-1.65,178.72,187,1
6140,0.00,-1.65,178.72,187,1
6150,0.00,-1.65,178.73,187,1
6160,0.00,-1.65,178.73,187,1
6170,0.00,-1.65,178.74,187,1
6180,0.00,-1.65,178.74,187,1
6190,0.00,-1.65,178.74,187,1
6200,0.00,-1.65,178.74,187,1
6210,0.00,-1.65,178.75,187,1
6220,0.00,-1.65,178.75,187,1
6230,0.00,-1.65,178.75,187,1
6240,0.00,-1.65,178.76,187,1
6250,0.00,-1.65,178.76,187,1
6263,0.00,-1.65,178.76,191,1
6274,0.00,-1.65,178.76,191,1
6284,0.00,-1.64,178.77,191,1
6294,0.00,-1.65,178.77,191,1
6304,0.00,-1.64,178.77,191,1
6314,0.00,-1.64,178.78,191,1
6324,0.00,-1.64,178.78,191,1
6334,0.00,-1.64,178.78,191,1
6344,0.00,-1.64,178.78,191,1
6354,0.00,-1.64,178.79,191,1
6364,0.00,-1.64,178.79,191,1
6374,0.00,-1.64,178.79,191,1
6384,0.00,-1.63,178.79,191,1
6394,0.00,-1.63,178.79,191,1
6404,0.00,-1.64,178.79,191,1
6414,0.00,-1.64,178.79,191,1
6424,0.00,-1.64,178.79,191,1
6434,0.00,-1.64,178.79,191,1
6444,0.00,-1.64,178.79,191,1
6454,0.00,-1.63,178.79,191,1
6464,0.00,-1.63,178.79,191,1
6474,0.00,-1.64,178.79,191,1
6484,0.00,-1.64,178.79,191,1
6494,0.00,-1.65,178.79,191,1
6504,0.00,-1.64,178.80,191,1
6514,0.00,-1.63,178.81,191,1
6524,0.00,-1.63,178.81,191,1
6534,0.00,-1.62,178.82,191,1
6544,0.00,-1.63,178.81,191,1
6554,0.00,-1.63,178.81,191,1
6564,0.00,-1.63,178.81,191,1
6574,0.00,-1.62,178.81,191,1
6584,0.00,-1.62,178.82,191,1
6594,0.00,-1.61,178.82,191,1
6604,0.00,-1.61,178.82,191,1
6614,0.00,-1.62,178.82,191,1
6624,0.00,-1.62,178.82,191,1
6634,0.00,-1.62,178.83,191,1
6644,0.00,-1.62,178.83,191,1
6654,0.00,-1.62,178.83,191,1
6664,0.00,-1.62,178.83,191,1
6674,0.00,-1.63,178.82,191,1
6684,0.00,-1.62,178.83,191,1
6694,0.00,-1.61,178.83,191,1
6704,0.00,-1.62,178.83,191,1
6714,0.00,-1.62,178.83,191,1
6724,0.00,-1.62,178.83,191,1
6734,0.00,-1.62,178.83,191,1
6744,0.00,-1.62,178.83,191,1
6754,0.00,-1.62,178.83,191,1
6769,0.00,-1.62,178.83,393,1
6780,0.00,-1.62,178.83,393,1
6790,0.00,-1.63,178.84,393,1
6800,0.00,-1.63,178.84,393,1
6810,0.00,-1.63,178.84,393,1
6820,0.00,-1.63,178.84,393,1
6830,0.00,-1.64,178.84,393,1
6840,0.00,-1.64,178.84,393,1
6850,0.00,-1.64,178.84,393,1
6860,0.00,-1.64,178.84,393,1
6870,0.00,-1.64,178.84,393,1
6880,0.00,-1.64,178.84,393,1
6890,0.00,-1.64,178.84,393,1
6900,0.00,-1.64,178.84,393,1
6910,0.00,-1.64,178.85,393,1
6920,0.00,-1.65,178.85,393,1
6930,0.00,-1.65,178.85,393,1
6940,0.00,-1.65,178.85,393,1
6950,0.00,-1.65,178.85,393,1
6960,0.00,-1.65,178.86,393,1
6970,0.00,-1.65,178.86,393,1
6980,0.00,-1.64,178.85,393,1
6990,0.00,-1.64,178.85,393,1
7000,0.00,-1.64,178.86,393,1
7010,0.00,-1.64,178.86,393,1
7020,0.00,-1.64,178.86,393,1
7030,0.00,-1.64,178.86,393,1
7040,0.00,-1.64,178.86,393,1
7050,0.00,-1.65,178.86,393,1
7060,0.00,-1.65,178.86,393,1
7070,0.00,-1.65,178.86,393,1
7080,0.00,-1.65,178.86,393,1
7090,0.00,-1.65,178.86,393,1
7100,0.00,-1.65,178.86,393,1
7110,0.00,-1.65,178.86,393,1
7120,0.00,-1.66,178.86,393,1
7130,0.00,-1.66,178.87,393,1
7140,0.00,-1.66,178.86,393,1
7150,0.00,-1.66,178.87,393,1
7160,0.00,-1.66,178.87,393,1
7170,0.00,-1.66,178.87,393,1
7180,0.00,-1.66,178.87,393,1
7190,0.00,-1.66,178.87,393,1
7200,0.00,-1.66,178.87,393,1
7210,0.00,-1.66,178.87,393,1
7220,0.00,-1.67,178.87,393,1
7230,0.00,-1.67,178.87,393,1
7240,0.00,-1.66,178.87,393,1
7250,0.00,-1.66,178.87,393,1
7260,0.00,-1.67,178.87,393,1
7273,0.00,-1.67,178.87,187,1
7284,0.00,-1.67,178.87,187,1
7294,0.00,-1.67,178.88,187,1
7304,0.00,-1.66,178.88,187,1
7314,0.00,-1.66,178.88,187,1
7324,0.00,-1.66,178.88,187,1
7334,0.00,-1.66,178.88,187,1
7344,0.00,-1.66,178.89,187,1
7354,0.00,-1.66,178.89,187,1
7364,0.00,-1.66,178.89,187,1
7374,0.00,-1.67,178.89,187,1
7384,0.00,-1.67,178.88,187,1
7394,0.00,-1.67,178.89,187,1
7404,0.00,-1.71,178.89,187,1
7414,0.00,-1.74,178.88,187,1
7424,0.00,-1.74,178.87,187,1
7434,0.00,-1.76,178.87,187,1
7444,0.01,-1.80,178.86,187,1
7454,0.03,-1.78,178.87,187,1
7464,0.03,-1.76,178.87,187,1
7474,0.03,-1.75,178.87,187,1
7484,0.03,-1.72,178.87,187,1
7494,0.03,-1.68,178.87,187,1
7504,0.03,-1.60,178.88,187,1
7514,0.03,-1.56,178.89,187,1
7524,0.03,-1.63,178.89,187,1
7534,0.07,-1.77,178.86,187,1
7544,0.17,-1.93,178.81,187,1
7554,0.33,-2.03,178.75,187,1
7564,0.53,-2.10,178.69,187,1
7574,0.75,-2.16,178.60,187,1
7584,0.98,-2.23,178.49,187,1
7594,1.20,-2.22,178.37,187,1
7604,1.36,-2.10,171.12,187,1
7614,1.47,-1.88,164.16,187,1
7624,1.59,-1.59,157.33,187,1
7634,1.74,-1.25,150.60,187,1
7644,1.92,-0.86,151.19,187,1
7654,2.12,-0.58,151.80,187,1
7664,2.34,-0.40,152.51,187,1
7674,2.55,-0.39,146.01,187,1
7684,2.67,-0.80,146.65,187,1
7694,2.72,-1.35,147.28,187,1
7704,2.72,-1.52,147.78,187,1
7714,2.72,-1.29,148.45,187,1
7724,2.72,-1.38,149.08,187,1
7734,2.72,-1.39,149.66,187,1
7744,2.72,-1.41,150.25,187,1
7754,2.72,-1.43,150.82,187,1
7764,2.72,-1.45,151.39,187,1
7777,2.72,-1.45,151.96,175,1
7788,2.72,-1.41,145.34,175,1
7798,2.69,-1.34,146.02,175,1
7808,2.63,-1.25,146.68,175,1
7818,2.56,-1.23,147.30,175,1
7828,2.49,-1.24,147.89,175,1
7838,2.43,-1.35,148.46,175,1
7848,2.39,-1.52,149.02,175,1
7858,2.38,-1.67,149.58,175,1
7868,2.38,-1.77,150.10,175,1
7878,2.41,-1.81,150.53,175,1
7888,2.47,-1.75,150.92,175,1
7898,2.55,-1.66,151.31,175,1
7908,2.61,-1.71,151.63,175,1
7918,2.66,-1.84,151.94,175,1
7928,2.70,-1.97,152.19,175,1
7938,2.76,-2.08,152.41,175,1
7948,2.82,-2.27,152.60,175,1
7958,2.89,-2.52,152.72,175,1
7968,2.97,-2.78,152.86,175,1
7978,3.07,-3.24,152.92,175,1
7988,3.20,-3.84,152.91,175,1
7998,3.38,-4.59,152.83,175,1
8008,3.59,-5.65,152.76,175,1
8018,3.82,-6.81,145.61,175,1
8028,4.09,-8.01,138.73,175,1
8038,4.35,-9.24,139.14,175,1
8048,4.62,-10.45,139.45,175,1
8058,4.91,-11.71,139.66,175,1
8068,5.25,-13.01,139.83,175,1
8078,5.62,-14.44,140.00,175,1
8088,6.05,-16.23,140.21,175,1
8098,6.60,-18.37,140.50,175,1
8108,7.19,-20.52,140.76,175,1
8118,7.76,-22.39,140.94,175,1
8128,8.29,-23.86,141.07,175,1
8138,8.82,-24.90,141.21,175,1
8148,9.34,-25.59,141.43,175,1
8158,9.89,-26.21,141.77,175,1
8168,10.50,-26.79,142.16,175,1
8178,11.15,-27.36,142.61,175,1
8188,11.86,-27.86,143.11,175,1
8198,12.59,-28.19,143.71,175,1
8208,13.31,-28.32,144.38,175,1
8218,14.02,-28.32,145.18,175,1
8228,14.70,-28.15,146.02,175,1
8238,15.35,-27.85,146.96,175,1
8248,15.99,-27.40,147.96,175,1
8258,16.60,-26.91,141.84,175,1
8268,17.19,-26.44,135.89,175,1
8311,17.74,-25.96,130.04,175,0
8322,17.90,-24.83,124.25,175,0
8332,18.07,-23.77,118.62,175,0
8342,18.26,-22.76,113.03,175,0
8352,18.49,-21.87,107.48,175,0
8362,18.75,-21.16,101.99,175,0
8372,19.06,-20.61,96.62,175,0
8382,19.39,-20.03,91.42,175,0
8392,19.73,-19.42,86.34,175,0
8402,20.05,-18.72,81.36,175,0
8412,20.31,-17.90,76.49,175,0
8422,20.54,-17.01,71.64,175,0
8432,20.73,-16.16,66.88,175,0
8442,20.93,-15.38,62.25,175,0
8452,21.15,-14.63,57.78,175,0
8462,21.39,-13.85,53.39,175,0
8472,21.63,-13.05,49.08,175,0
8482,21.84,-12.17,44.90,175,0
8492,22.01,-11.23,40.85,175,0
8502,22.14,-10.22,36.90,175,0
8512,22.26,-9.13,33.10,175,0
8522,22.37,-7.99,29.35,175,0
8532,22.48,-6.87,25.66,175,0
8542,22.61,-5.77,22.05,175,0
8552,22.76,-4.64,18.62,175,0
8562,22.90,-3.47,15.32,175,0
8572,23.04,-2.32,12.06,175,0
8582,23.17,-1.19,8.85,175,0
8592,23.32,-0.02,5.80,175,0
8602,23.46,1.13,2.87,175,0
8612,23.63,2.22,0.04,175,0
8622,23.81,3.28,-2.67,175,0
8632,24.00,4.34,-5.30,175,0
8642,24.18,5.46,-7.88,175,0
8652,24.34,6.66,-10.36,175,0
8662,24.50,7.86,-12.78,175,0
8672,24.68,8.98,-15.10,175,0
8682,24.90,10.02,-17.26,175,0
8692,25.15,11.02,-19.29,175,0
8702,25.41,11.98,-21.31,175,0
8712,25.66,12.97,-23.25,175,0
8722,25.89,13.97,-25.11,175,0
8732,26.10,14.96,-26.84,175,0
8742,26.29,15.92,-28.44,175,0
8752,26.46,16.77,-29.98,175,0
8762,26.64,17.48,-31.49,175,0
8772,26.84,18.11,-32.86,175,0
8791,27.05,18.68,-34.11,1177,1
8802,27.22,19.41,-35.09,1177,1
8812,27.34,20.16,-36.06,1177,1
8822,27.45,20.85,-36.92,1177,1
8832,27.55,21.49,-37.68,1177,1
8842,27.65,22.09,-38.36,1177,1
8852,27.72,22.69,-39.09,1177,1
8862,27.76,23.25,-39.94,1177,1
8872,27.77,23.82,-40.85,1177,1
8882,27.77,24.40,-41.77,1177,1
8892,27.77,25.00,-42.58,1177,1
8902,27.75,25.67,-43.21,1177,1
8912,27.71,26.45,-43.78,1177,1
8922,27.64,27.32,-44.33,1177,1
8932,27.55,28.24,-44.87,1177,1
8942,27.45,29.21,-45.39,1177,1
8952,27.34,30.11,-45.91,1177,1
8962,27.24,30.97,-46.40,1177,1
8972,27.13,31.83,-46.90,1177,1
8982,27.01,32.65,-47.37,1177,1
8992,26.89,33.40,-47.67,1177,1
9002,26.77,34.14,-47.97,1177,1
9012,26.62,34.87,-48.35,1177,1
9022,26.45,35.58,-48.71,1177,1
9032,26.25,36.21,-49.07,1177,1
9042,26.06,36.79,-49.36,1177,1
9052,25.85,37.37,-49.57,1177,1
9062,25.64,38.01,-49.79,1177,1
9072,25.44,38.70,-49.98,1177,1
9082,25.24,39.41,-50.06,1177,1
9092,25.04,40.17,-50.10,1177,1
9102,24.83,40.89,-50.18,1177,1
9112,24.60,41.59,-50.18,1177,1
9122,24.34,42.32,-50.11,1177,1
9132,24.05,43.06,-50.06,1177,1
9142,23.73,43.78,-49.91,1177,1
9152,23.39,44.51,-49.71,1177,1
9162,23.01,45.22,-49.58,1177,1
9172,22.58,45.98,-49.28,1177,1
9182,22.06,46.88,-48.84,1177,1
9192,21.42,48.07,-48.24,1177,1
9202,20.66,49.55,-47.96,1177,1
9212,19.85,51.02,-48.05,1177,1
9222,19.07,52.32,-47.96,1177,1
9232,18.32,53.54,-47.31,1177,1
9242,17.55,54.87,-46.39,1177,1
9252,16.72,56.38,-45.66,1177,1
9262,15.82,57.95,-45.71,1177,1
9272,14.89,59.30,-46.29,1177,1
9291,13.97,60.42,-47.06,1210,1
9302,13.01,61.58,-48.10,1210,1
9312,12.02,62.81,-49.05,1210,1
9322,11.03,63.97,-49.99,1210,1
9332,10.04,65.05,-51.05,1210,1
9342,9.03,66.09,-52.30,1210,1
9352,7.99,66.96,-53.83,1210,1
9362,6.93,67.66,-48.28,1210,1
9372,5.86,68.26,-42.99,1210,1
9382,4.82,68.84,-37.87,1210,1
9392,3.79,69.47,-32.95,1210,1
9402,2.76,70.10,-28.17,1210,1
9412,1.74,70.63,-23.51,1210,1
9422,0.75,71.04,-18.98,1210,1
9432,-0.21,71.40,-14.66,1210,1
9442,-1.17,71.79,-10.47,1210,1
9452,-2.14,72.08,-6.44,1210,1
9462,-3.12,72.29,-2.56,1210,1
9472,-4.10,72.50,1.14,1210,1
9482,-5.07,72.74,4.74,1210,1
9492,-6.00,72.97,8.19,1210,1
9502,-6.90,73.14,11.58,1210,1
9512,-7.76,73.19,14.89,1210,1
9522,-8.60,73.11,18.09,1210,1
9532,-9.45,72.99,21.20,1210,1
9542,-10.30,72.90,24.16,1210,1
9552,-11.18,72.85,27.01,1210,1
9562,-12.07,72.79,29.77,1210,1
9572,-12.95,72.67,32.42,1210,1
9582,-13.81,72.53,34.96,1210,1
9592,-14.64,72.39,37.42,1210,1
9602,-15.39,72.20,39.54,1210,1
9612,-15.99,72.03,42.22,1210,1
9622,-16.50,71.85,44.86,1210,1
9632,-16.95,71.68,47.46,1210,1
9642,-17.26,71.41,49.91,1210,1
9652,-17.42,71.05,52.23,1210,1
9662,-17.44,70.69,54.40,1210,1
9672,-17.46,70.43,56.47,1210,1
9682,-17.53,70.55,58.52,1210,1
9692,-17.69,71.07,60.71,1210,1
9702,-18.01,71.69,63.18,1210,1
9712,-18.45,72.23,65.74,1210,1
9722,-18.99,72.70,68.31,1210,1
9732,-19.66,73.26,70.81,1210,1
9742,-20.49,74.03,73.17,1210,1
9752,-21.43,74.76,75.45,1210,1
9762,-22.40,75.03,77.62,1210,1
9772,-23.31,75.24,79.90,1210,1
9815,-24.20,75.28,82.07,1210,0
9826,-25.01,75.52,84.59,1210,0
9836,-25.86,75.76,87.13,1210,0
9845,-26.72,75.93,89.60,1210,0
9856,-27.53,76.03,91.91,1210,0
9866,-28.26,75.94,94.10,1210,0
9876,-28.92,75.62,96.27,1210,0
9885,-29.48,75.01,98.49,1210,0
9896,-29.95,74.27,100.69,1210,0
9906,-30.39,73.43,102.81,1210,0
9916,-30.85,72.32,104.77,1210,0
9926,-31.33,71.05,106.51,1210,0
9936,-31.80,69.72,108.09,1210,0
9946,-32.26,68.46,109.58,1210,0
9956,-32.72,67.36,110.95,1210,0
9966,-33.19,66.35,112.20,1210,0
9976,-33.70,65.39,113.30,1210,0
9986,-34.25,64.55,114.27,1210,0
9996,-34.83,63.64,115.24,1210,0
10006,-35.41,62.63,116.18,1210,0
10016,-35.99,61.58,117.17,1210,0
10026,-36.60,60.69,118.27,1210,0
10036,-37.25,60.01,119.51,1210,0
10046,-37.88,59.31,120.93,1210,0
10056,-38.48,58.57,122.57,1210,0
10066,-39.07,57.90,124.30,1210,0
10076,-39.72,57.27,126.15,1210,0
10086,-40.46,56.73,128.09,1210,0
10096,-41.33,55.91,130.06,1210,0
10106,-42.24,55.29,131.92,1210,0
10116,-43.12,54.91,133.61,1210,0
10126,-43.94,54.75,135.15,1210,0
10136,-44.75,54.85,136.68,1210,0
10146,-45.62,54.98,138.16,1210,0
10156,-46.61,55.13,132.33,1210,0
10166,-47.74,55.11,126.53,1210,0
10176,-48.95,54.91,127.97,1210,0
10186,-50.21,54.61,129.32,1210,0
10196,-51.48,54.34,130.59,1210,0
10206,-52.74,54.07,131.79,1210,0
10216,-53.96,53.72,132.92,1210,0
10226,-55.10,53.29,134.01,1210,0
10236,-56.13,52.83,135.05,1210,0
10246,-57.03,52.29,136.00,1210,0
10256,-57.82,51.72,136.92,1210,0
10266,-58.52,51.19,137.77,1210,0
10276,-59.17,50.66,138.59,1210,0
10300,-59.79,50.02,139.34,1210,0
10311,-60.20,49.29,140.16,1210,0
10321,-60.51,48.64,141.03,1210,0
10331,-60.76,48.07,141.92,1210,0
10341,-60.98,47.58,142.80,1210,0
10351,-61.20,47.12,143.64,1210,0
10361,-61.43,46.66,144.45,1210,0
10371,-61.66,46.22,145.24,1210,0
10381,-61.90,45.79,146.02,1210,0
10391,-62.18,45.39,146.77,1210,0
10401,-62.53,44.99,147.52,1210,0
10411,-62.94,44.58,148.26,1210,0
10421,-63.41,44.16,148.97,1210,0
10431,-63.90,43.74,149.64,1210,0
10441,-64.43,43.35,150.32,1210,0
10451,-64.99,42.91,151.00,1210,0
10461,-65.62,42.53,151.69,1210,0
10471,-66.30,42.12,152.34,1210,0
10481,-67.01,41.60,153.05,1210,0
10491,-67.70,41.03,153.83,1210,0
10501,-68.39,40.55,154.65,1210,0
10511,-69.09,40.05,155.47,1210,0
10521,-69.78,39.47,156.26,1210,0
10531,-70.45,38.82,157.03,1210,0
10541,-71.11,38.14,157.76,1210,0
10551,-71.71,37.43,158.45,1210,0
10561,-72.26,36.74,159.08,1210,0
10571,-72.73,36.10,159.65,1210,0
10581,-73.12,35.52,160.16,1210,0
10591,-73.41,34.99,160.59,1210,0
10601,-73.65,34.54,161.00,1210,0
10611,-73.86,34.17,161.39,1210,0
10621,-74.09,33.80,161.75,1210,0
10631,-74.36,33.37,162.10,1210,0
10641,-74.65,32.90,162.43,1210,0
10651,-74.93,32.42,162.74,1210,0
10661,-75.18,31.92,163.03,1210,0
10671,-75.38,31.42,163.31,1210,0
10681,-75.53,30.94,163.59,1210,0
10691,-75.63,30.50,163.87,1210,0
10701,-75.70,30.12,164.15,1210,0
10711,-75.75,29.77,164.42,1210,0
10721,-75.81,29.43,164.68,1210,0
10731,-75.91,29.10,164.93,1210,0
10741,-76.03,28.77,165.16,1210,0
10751,-76.16,28.45,165.40,1210,0
10761,-76.31,28.16,165.64,1210,0
10771,-76.46,27.89,165.88,1210,0
10781,-76.62,27.66,166.10,1210,0
10798,-76.78,27.46,166.32,919,1
10809,-76.97,27.33,166.53,919,1
10819,-77.19,27.19,166.73,919,1
10829,-77.43,27.04,166.92,919,1
10839,-77.68,26.93,167.11,919,1
10849,-77.95,26.83,167.31,919,1
10859,-78.22,26.74,167.50,919,1
10869,-78.49,26.64,167.69,919,1
10879,-78.75,26.51,167.85,919,1
10889,-78.99,26.35,168.00,919,1
10899,-79.18,26.20,168.14,919,1
10909,-79.31,26.06,168.30,919,1
10919,-79.39,25.94,168.50,919,1
10929,-79.45,25.82,168.74,919,1
10939,-79.51,25.67,169.00,919,1
10949,-79.57,25.48,169.28,919,1
10959,-79.62,25.25,169.57,919,1
10969,-79.64,25.00,169.85,919,1
10979,-79.60,24.74,170.14,919,1
10989,-79.51,24.50,170.43,919,1
10999,-79.38,24.30,170.70,919,1
11009,-79.21,24.11,170.94,919,1
11019,-79.02,23.95,171.16,919,1
11029,-78.81,23.80,171.35,919,1
11039,-78.62,23.64,171.55,919,1
11049,-78.45,23.48,171.72,919,1
11059,-78.32,23.31,171.87,919,1
11069,-78.23,23.11,171.99,919,1
11079,-78.21,22.85,172.09,919,1
11089,-78.26,22.50,172.17,919,1
11099,-78.36,22.03,172.20,919,1
11109,-78.46,21.50,172.19,919,1
11119,-78.53,20.97,172.15,919,1
11129,-78.54,20.50,172.06,919,1
11139,-78.49,20.07,171.94,919,1
11149,-78.38,19.66,171.78,919,1
11159,-78.22,19.14,171.56,919,1
11169,-78.02,18.43,171.29,919,1
11179,-77.78,17.60,170.99,919,1
11189,-77.49,16.74,170.65,919,1
11199,-77.16,15.90,170.24,919,1
11209,-76.81,14.98,169.78,919,1
11219,-76.47,13.81,169.27,919,1
11229,-76.15,12.44,168.69,919,1
11239,-75.84,10.96,168.06,919,1
11249,-75.49,9.53,167.35,919,1
11259,-75.08,8.23,166.57,919,1
11269,-74.65,7.09,165.75,919,1
11279,-74.24,6.11,164.94,919,1
11289,-73.89,5.15,164.18,919,1
11332,-73.65,4.21,163.61,919,0
11343,-73.74,3.00,163.35,919,0
11353,-73.85,1.81,163.05,919,0
11363,-73.94,0.69,162.65,919,0
11373,-73.99,-0.24,162.07,919,0
11383,-74.01,-0.88,161.30,919,0
11393,-73.97,-1.27,160.42,919,0
11403,-73.90,-1.54,159.48,919,0
11413,-73.81,-1.76,158.54,919,0
11423,-73.76,-1.77,157.58,919,0
11433,-73.72,-1.66,156.68,919,0
11443,-73.69,-1.58,155.94,919,0
11453,-73.69,-1.62,155.37,919,0
11463,-73.71,-1.72,154.88,919,0
11473,-73.73,-1.74,154.40,919,0
11483,-73.73,-1.64,153.93,919,0
11493,-73.73,-1.46,153.48,919,0
11503,-73.73,-1.25,153.08,919,0
11513,-73.73,-1.06,152.74,919,0
11523,-73.71,-0.77,152.37,919,0
11533,-73.66,-0.36,151.97,919,0
11543,-73.59,0.15,151.61,919,0
11553,-73.51,0.70,151.22,919,0
11563,-73.44,1.28,150.84,919,0
11573,-73.38,1.80,150.51,919,0
11583,-73.31,2.21,150.28,919,0
11593,-73.23,2.55,150.09,919,0
11603,-73.15,2.92,149.86,919,0
11613,-73.06,3.34,149.60,919,0
11623,-72.96,3.76,149.33,919,0
11633,-72.89,4.10,149.06,919,0
11643,-72.84,4.39,148.74,919,0
11653,-72.80,4.62,148.40,919,0
11663,-72.75,4.83,148.00,919,0
11673,-72.69,5.05,147.62,919,0
11683,-72.57,5.33,147.22,919,0
11693,-72.40,5.71,146.77,919,0
11703,-72.20,6.20,146.29,919,0
11713,-71.99,6.73,145.83,919,0
11723,-71.79,7.22,145.45,919,0
11733,-71.60,7.67,145.02,919,0
11743,-71.42,8.12,144.52,919,0
11753,-71.25,8.59,144.02,919,0
11763,-71.08,9.09,143.52,919,0
11773,-70.93,9.51,143.07,919,0
11783,-70.82,9.78,142.59,919,0
11793,-70.75,9.93,142.07,919,0
11816,-70.69,10.02,141.49,1979,1
11827,-70.55,10.29,140.72,1979,1
11837,-70.42,10.68,139.69,1979,1
11847,-70.30,11.10,138.59,1979,1
11857,-70.21,11.47,137.42,1979,1
11867,-70.16,11.82,136.16,1979,1
11877,-70.12,12.15,135.01,1979,1
11887,-70.09,12.46,133.83,1979,1
11897,-70.09,12.79,132.55,1979,1
11907,-70.09,13.15,131.31,1979,1
11917,-70.07,13.56,130.16,1979,1
11927,-70.04,13.99,129.05,1979,1
11937,-70.01,14.48,127.75,1979,1
11947,-69.96,15.11,126.42,1979,1
11957,-69.91,15.79,125.13,1979,1
11967,-69.91,16.40,123.78,1979,1
11977,-69.95,16.85,122.31,1979,1
11987,-69.99,17.21,120.85,1979,1
11997,-70.03,17.58,119.40,1979,1
12007,-70.05,18.07,117.98,1979,1
12017,-70.05,18.66,116.55,1979,1
12027,-70.03,19.33,115.08,1979,1
12037,-70.01,20.05,113.60,1979,1
12047,-69.99,20.75,112.19,1979,1
12057,-69.97,21.44,110.86,1979,1
12067,-69.95,22.22,109.66,1979,1
12077,-69.91,23.09,108.59,1979,1
12087,-69.87,24.01,107.51,1979,1
12097,-69.83,24.94,106.39,1979,1
12107,-69.81,25.82,105.25,1979,1
12117,-69.78,26.67,104.09,1979,1
12127,-69.75,27.53,103.08,1979,1
12137,-69.72,28.39,102.22,1979,1
12147,-69.69,29.22,101.43,1979,1
12157,-69.66,30.07,100.72,1979,1
12167,-69.61,30.94,100.03,1979,1
12177,-69.53,31.89,99.24,1979,1
12187,-69.41,32.97,98.33,1979,1
12197,-69.24,34.28,97.25,1979,1
12207,-69.04,35.86,96.05,1979,1
12217,-68.83,37.71,94.80,1979,1
12227,-68.64,39.70,93.68,1979,1
12237,-68.52,41.67,92.64,1979,1
12247,-68.46,43.66,91.75,1979,1
12257,-68.42,45.67,91.15,1979,1
12267,-68.40,47.68,90.87,1979,1
12277,-68.39,49.59,90.83,1979,1
12287,-68.39,51.45,90.82,1979,1
12297,-68.39,53.29,90.79,1979,1
12321,-68.39,55.14,90.80,1974,1
12332,-68.35,56.90,91.12,1974,1
12342,-68.33,58.46,91.72,1974,1
12352,-68.33,59.82,92.52,1974,1
12362,-68.32,61.01,93.47,1974,1
12372,-68.30,62.05,94.55,1974,1
12382,-68.25,62.91,95.72,1974,1
12392,-68.20,63.67,96.89,1974,1
12402,-68.14,64.40,97.98,1974,1
12412,-68.09,65.10,98.93,1974,1
12422,-68.01,65.75,99.77,1974,1
12432,-67.90,66.33,100.57,1974,1
12442,-67.77,66.86,101.39,1974,1
12452,-67.64,67.35,102.25,1974,1
12462,-67.50,67.79,103.10,1974,1
12472,-67.36,68.22,103.99,1974,1
12482,-67.21,68.67,104.87,1974,1
12492,-67.04,69.12,105.75,1974,1
12502,-66.88,69.58,106.66,1974,1
12512,-66.72,70.06,107.59,1974,1
12522,-66.56,70.50,108.54,1974,1
12532,-66.41,70.93,109.46,1974,1
12542,-66.25,71.36,110.38,1974,1
12552,-66.09,71.81,111.28,1974,1
12562,-65.94,72.20,112.19,1974,1
12572,-65.81,72.57,113.09,1974,1
12582,-65.72,72.96,114.01,1974,1
12592,-65.67,73.34,114.95,1974,1
12602,-65.67,73.70,115.94,1974,1
12612,-65.72,74.00,116.90,1974,1
12622,-65.80,74.29,117.81,1974,1
12632,-65.92,74.53,118.68,1974,1
12642,-66.05,74.72,119.52,1974,1
12652,-66.18,74.88,120.33,1974,1
12662,-66.31,75.10,121.08,1974,1
12672,-66.42,75.33,121.79,1974,1
12682,-66.49,75.58,122.46,1974,1
12692,-66.52,75.86,123.14,1974,1
12702,-66.52,76.15,123.83,1974,1
12712,-66.48,76.41,124.56,1974,1
12722,-66.41,76.66,125.34,1974,1
12732,-66.34,76.82,126.18,1974,1
12742,-66.26,76.88,127.04,1974,1
12752,-66.18,76.83,127.90,1974,1
12762,-66.09,76.67,128.75,1974,1
12772,-66.00,76.42,129.56,1974,1
12782,-65.92,76.08,130.35,1974,1
12792,-65.84,75.69,131.10,1974,1
12802,-65.76,75.26,131.82,1974,1
12845,-65.69,74.82,132.48,1974,0
12855,-65.63,74.45,133.29,1974,0
12865,-65.58,74.09,134.09,1974,0
12875,-65.53,73.73,134.87,1974,0
12885,-65.45,73.41,135.60,1974,0
12895,-65.36,73.16,136.29,1974,0
12905,-65.26,72.96,136.94,1974,0
12915,-65.18,72.77,137.55,1974,0
12925,-65.11,72.58,138.13,1974,0
12935,-65.05,72.37,138.69,1974,0
12945,-64.97,72.20,139.20,1974,0
12955,-64.86,72.11,139.69,1974,0
12965,-64.70,72.11,140.18,1974,0
12976,-64.54,72.15,140.67,1974,0
12986,-64.38,72.23,141.15,1974,0
12996,-64.22,72.31,141.65,1974,0
13006,-64.08,72.34,142.16,1974,0
13016,-63.97,72.27,142.72,1974,0
13026,-63.92,72.09,143.28,1974,0
13036,-63.92,71.82,143.84,1974,0
13046,-63.94,71.47,144.40,1974,0
13056,-63.98,71.05,144.96,1974,0
13066,-64.02,70.60,145.54,1974,0
13076,-64.05,70.12,146.14,1974,0
13086,-64.05,69.61,146.75,1974,0
13096,-64.00,69.11,147.38,1974,0
13106,-63.90,68.66,147.99,1974,0
13116,-63.76,68.26,148.62,1974,0
13126,-63.62,67.89,149.31,1974,0
13136,-63.50,67.50,150.04,1974,0
13146,-63.41,67.09,150.76,1974,0
13156,-63.37,66.65,151.47,1974,0
13166,-63.37,66.13,152.18,1974,0
13176,-63.43,65.53,152.88,1974,0
13186,-63.53,64.86,153.53,1974,0
13196,-63.67,64.14,154.12,1974,0
13206,-63.82,63.36,154.65,1974,0
13216,-63.95,62.58,155.15,1974,0
13226,-64.06,61.83,155.62,1974,0
13236,-64.14,61.13,156.06,1974,0
13246,-64.18,60.47,156.49,1974,0
13256,-64.18,59.87,156.89,1974,0
13266,-64.17,59.27,157.30,1974,0
13276,-64.13,58.68,157.71,1974,0
13286,-64.08,58.15,158.10,1974,0
13296,-64.02,57.71,158.48,1974,0
13306,-63.95,57.36,158.84,1974,0
13348,-63.87,57.10,159.20,1974,0
13359,-63.81,56.93,159.64,1974,0
13369,-63.74,56.75,160.08,1974,0
13379,-63.70,56.53,160.52,1974,0
13389,-63.70,56.23,160.93,1974,0
13399,-63.76,55.85,161.30,1974,0
13409,-63.84,55.39,161.58,1974,0
13419,-63.93,54.88,161.82,1974,0
13429,-64.00,54.39,162.03,1974,0
13439,-64.07,53.93,162.23,1974,0
13449,-64.11,53.48,162.42,1974,0
13459,-64.12,53.06,162.65,1974,0
13469,-64.12,52.65,162.90,1974,0
13479,-64.12,52.26,163.14,1974,0
13489,-64.12,51.83,163.35,1974,0
13499,-64.12,51.41,163.53,1974,0
13509,-64.10,51.04,163.72,1974,0
13519,-64.06,50.70,163.90,1974,0
13529,-64.00,50.41,164.09,1974,0
13539,-63.91,50.13,164.26,1974,0
13549,-63.79,49.83,164.45,1974,0
13559,-63.65,49.55,164.64,1974,0
13569,-63.52,49.29,164.83,1974,0
13579,-63.39,49.03,165.04,1974,0
13589,-63.29,48.76,165.26,1974,0
13599,-63.22,48.49,165.52,1974,0
13609,-63.20,48.27,165.81,1974,0
13619,-63.21,48.09,166.12,1974,0
13629,-63.26,47.92,166.43,1974,0
13639,-63.31,47.78,166.68,1974,0
13649,-63.37,47.63,166.89,1974,0
13659,-63.40,47.49,167.07,1974,0
13669,-63.40,47.37,167.24,1974,0
13679,-63.36,47.29,167.41,1974,0
13689,-63.31,47.25,167.60,1974,0
13699,-63.25,47.24,167.77,1974,0
13709,-63.17,47.22,167.93,1974,0
13719,-63.09,47.20,168.10,1974,0
13729,-63.01,47.17,168.25,1974,0
13739,-62.95,47.12,168.39,1974,0
13749,-62.89,47.04,168.51,1974,0
13759,-62.82,46.91,168.61,1974,0
13769,-62.74,46.83,168.71,1974,0
13779,-62.67,46.51,168.76,1974,0
13789,-62.64,46.19,168.91,1974,0
13799,-62.64,45.86,169.04,1974,0
13809,-62.68,45.53,169.18,1974,0
13821,-62.74,45.14,169.33,42,1
13832,-62.82,44.74,169.45,42,1
13842,-62.90,44.37,169.53,42,1
13852,-62.96,44.05,169.56,42,1
13862,-63.01,43.80,169.56,42,1
13872,-63.05,43.60,169.54,42,1
13882,-63.07,43.46,169.54,42,1
13892,-63.07,43.45,169.52,42,1
13902,-63.05,43.42,169.61,42,1
13912,-63.02,43.44,169.71,42,1
13922,-63.00,43.43,169.84,42,1
13932,-62.98,43.39,169.95,42,1
13942,-62.97,43.35,170.06,42,1
13952,-62.94,43.33,170.17,42,1
13962,-62.91,43.34,170.31,42,1
13972,-62.87,43.36,170.46,42,1
13982,-62.83,43.40,170.62,42,1
13992,-62.78,43.45,170.78,42,1
14002,-62.74,43.49,170.93,42,1
14012,-62.70,43.49,171.08,42,1
14022,-62.66,43.49,171.23,42,1
14032,-62.62,43.48,171.38,42,1
14042,-62.59,43.49,171.53,42,1
14052,-62.56,43.51,171.66,42,1
14062,-62.53,43.52,171.79,42,1
14072,-62.52,43.51,171.91,42,1
14082,-62.52,43.48,172.04,42,1
14092,-62.52,43.42,172.16,42,1
14102,-62.54,43.32,172.27,42,1
14112,-62.58,43.17,172.37,42,1
14122,-62.64,42.99,172.46,42,1
14132,-62.70,42.78,172.54,42,1
14142,-62.76,42.57,172.61,42,1
14152,-62.81,42.37,172.65,42,1
14162,-62.86,42.19,172.70,42,1
14172,-62.90,42.02,172.78,42,1
14182,-62.94,41.86,172.87,42,1
14192,-62.99,41.71,172.95,42,1
14202,-63.05,41.58,173.03,42,1
14212,-63.10,41.44,173.10,42,1
14222,-63.16,41.31,173.17,42,1
14232,-63.20,41.19,173.23,42,1
14242,-63.24,41.06,173.27,42,1
14252,-63.27,40.97,173.33,42,1
14262,-63.30,40.91,173.37,42,1
14272,-63.34,40.83,173.41,42,1
14282,-63.38,40.74,173.46,42,1
14292,-63.43,40.64,173.50,42,1
14302,-63.48,40.54,173.56,42,1
14312,-63.53,40.43,173.61,42,1
14325,-63.57,40.36,173.65,32,1
14336,-63.61,40.34,173.66,32,1
14346,-63.65,40.32,173.66,32,1
14356,-63.70,40.30,173.65,32,1
14366,-63.75,40.27,173.62,32,1
14376,-63.80,40.22,173.60,32,1
14386,-63.84,40.18,173.57,32,1
14396,-63.87,40.15,173.53,32,1
14406,-63.89,40.12,173.49,32,1
14416,-63.92,40.12,173.46,32,1
14426,-63.95,40.11,173.40,32,1
14436,-63.98,40.08,173.34,32,1
14446,-64.00,40.04,173.30,32,1
14456,-64.00,40.04,173.28,32,1
14466,-64.00,40.07,173.27,32,1
14476,-64.00,40.18,173.25,32,1
14486,-63.98,40.33,173.23,32,1
14496,-63.95,40.57,173.20,32,1
14506,-63.90,40.90,173.20,32,1
14516,-63.83,41.29,173.18,32,1
14526,-63.75,41.76,173.18,32,1
14536,-63.66,42.28,173.20,32,1
14546,-63.55,42.77,173.24,32,1
14556,-63.45,43.25,173.31,32,1
14566,-63.36,43.49,173.35,32,1
14576,-63.26,44.15,173.44,32,1
14586,-63.10,44.81,173.51,32,1
14596,-62.90,45.37,173.59,32,1
14606,-62.71,45.81,173.72,32,1
14616,-62.54,46.14,173.89,32,1
14626,-62.41,46.41,174.11,32,1
14636,-62.31,46.68,174.36,32,1
14646,-62.24,47.00,167.43,32,1
14656,-62.22,47.29,160.65,32,1
14666,-62.26,47.51,161.21,32,1
14676,-62.38,47.64,161.78,32,1
14686,-62.56,47.74,162.37,32,1
14696,-62.78,47.83,162.95,32,1
14706,-63.02,47.88,163.55,32,1
14716,-63.27,47.92,164.16,32,1
14726,-63.52,47.95,164.78,32,1
14736,-63.78,47.97,165.42,32,1
14746,-64.02,48.01,158.88,32,1
14756,-64.25,48.06,152.48,32,1
14766,-64.47,48.08,146.21,32,1
14776,-64.71,48.10,140.07,32,1
14786,-64.98,48.11,134.06,32,1
14796,-65.27,48.09,128.16,32,1
14806,-65.57,48.07,122.37,32,1
14816,-65.90,48.03,116.69,32,1
14839,-66.23,47.99,111.11,1931,1
14850,-66.55,47.96,105.59,1931,1
14860,-66.86,47.94,107.35,1931,1
14870,-67.16,47.88,109.05,1931,1
14880,-67.42,47.79,110.69,1931,1
14890,-67.63,47.68,105.08,1931,1
14900,-67.81,47.55,99.56,1931,1
14910,-67.99,47.38,94.13,1931,1
14920,-68.19,47.13,88.77,1931,1
14930,-68.42,46.81,83.47,1931,1
14940,-68.66,46.43,78.22,1931,1
14950,-68.92,46.00,73.02,1931,1
14960,-69.19,45.53,67.88,1931,1
14970,-69.47,45.08,62.80,1931,1
14980,-69.75,44.60,57.79,1931,1
14990,-70.03,44.07,52.84,1931,1
15000,-70.30,43.53,47.97,1931,1
15010,-70.57,43.03,43.21,1931,1
15020,-70.83,42.57,38.55,1931,1
15030,-71.10,42.17,34.01,1931,1
15040,-71.41,41.84,29.61,1931,1
15050,-71.80,41.56,25.35,1931,1
15060,-72.31,41.32,21.21,1931,1
15071,-72.94,41.05,17.16,1931,1
15080,-73.65,40.83,13.17,1931,1
15091,-74.36,40.73,9.23,1931,1
15101,-75.06,40.77,12.56,1931,1
15111,-75.74,40.80,15.86,1931,1
15121,-76.36,40.50,19.13,1931,1
15131,-76.83,39.93,22.41,1931,1
15141,-77.10,39.26,25.70,1931,1
15151,-77.19,38.69,29.05,1931,1
15161,-77.15,38.28,32.44,1931,1
15171,-77.03,38.10,35.79,1931,1
15181,-76.90,37.98,39.09,1931,1
15191,-76.81,37.82,42.40,1931,1
15201,-76.79,37.65,38.54,1931,1
15211,-76.84,37.46,34.80,1931,1
15221,-76.91,37.27,31.11,1931,1
15231,-76.95,37.06,27.44,1931,1
15241,-76.91,36.88,23.78,1931,1
15251,-76.81,36.72,20.17,1931,1
15261,-76.68,36.62,16.64,1931,1
15271,-76.53,36.55,13.21,1931,1
15281,-76.37,36.49,9.87,1931,1
15291,-76.19,36.48,6.62,1931,1
15301,-75.98,36.48,3.44,1931,1
15311,-75.76,36.45,0.35,1931,1
15321,-75.52,36.41,-2.64,1931,1
15345,-75.29,36.31,-5.54,1931,0
15356,-75.01,36.00,-8.34,1931,0
15366,-74.73,35.71,-11.09,1931,0
15376,-74.44,35.27,-13.83,1931,0
15386,-74.16,34.79,-16.58,1931,0
15396,-73.87,34.31,-19.33,1931,0
15406,-73.56,33.82,-22.08,1931,0
15416,-73.25,33.33,-24.81,1931,0
15426,-72.96,32.80,-27.58,1931,0
15436,-72.73,32.23,-30.36,1931,0
15446,-72.56,31.51,-33.11,1931,0
15456,-72.46,30.68,-35.84,1931,0
15466,-72.44,29.73,-38.54,1931,0
15476,-72.46,28.65,-41.21,1931,0
15486,-72.52,27.51,-43.82,1931,0
15496,-72.60,26.35,-46.42,1931,0
15506,-72.69,25.16,-48.99,1931,0
15516,-72.77,23.93,-51.54,1931,0
15526,-72.85,22.63,-54.06,1931,0
15536,-72.92,21.29,-56.52,1931,0
15546,-72.95,19.95,-58.92,1931,0
15556,-72.95,18.60,-61.24,1931,0
15566,-72.91,17.22,-63.52,1931,0
15576,-72.89,15.76,-65.73,1931,0
15586,-72.94,14.17,-67.90,1931,0
15596,-73.06,12.43,-70.04,1931,0
15606,-73.29,10.60,-72.15,1931,0
15616,-73.62,8.72,-74.23,1931,0
15626,-74.02,6.75,-76.31,1931,0
15636,-74.49,4.77,-78.38,1931,0
15646,-75.04,2.75,-80.47,1931,0
15656,-75.65,0.66,-82.58,1931,0
15666,-76.30,-1.42,-84.69,1931,0
15676,-76.96,-3.45,-86.82,1931,0
15686,-77.61,-5.42,-88.98,1931,0
15696,-78.24,-7.38,-91.15,1931,0
15706,-78.86,-9.35,-93.30,1931,0
15716,-79.49,-11.35,-95.43,1931,0
15726,-80.12,-13.38,-97.54,1931,0
15736,-80.73,-15.40,-99.64,1931,0
15746,-81.28,-17.37,-94.50,1931,0
15756,-81.74,-19.20,-89.46,1931,0
15766,-82.08,-20.81,-84.52,1931,0
15776,-82.30,-22.21,-79.68,1931,0
15786,-82.42,-23.44,-82.13,1931,0
15796,-82.49,-24.54,-84.53,1931,0
15806,-82.53,-25.55,-79.70,1931,0
15816,-82.56,-26.47,-74.97,1931,0
15826,-82.61,-27.32,-70.31,1931,0
15869,-82.69,-28.07,-65.71,1931,0
15880,-82.79,-28.45,-61.19,1931,0
15890,-82.87,-28.68,-56.81,1931,0
15900,-82.92,-28.81,-52.59,1931,0
15910,-82.95,-28.90,-48.51,1931,0
15920,-82.97,-28.99,-44.55,1931,0
15930,-82.99,-29.12,-40.74,1931,0
15940,-83.02,-29.19,-37.04,1931,0
15950,-83.06,-29.18,-33.48,1931,0
15960,-83.09,-29.06,-30.05,1931,0
15970,-83.09,-28.82,-26.76,1931,0
15980,-83.07,-28.49,-23.59,1931,0
15990,-83.05,-28.13,-20.54,1931,0
16000,-83.05,-27.74,-17.56,1931,0
16010,-83.07,-27.31,-14.62,1931,0
16020,-83.08,-26.85,-11.65,1931,0
16030,-83.08,-26.33,-8.70,1931,0
16040,-83.08,-25.63,-5.74,1931,0
16050,-83.08,-24.78,-2.76,1931,0
16060,-83.08,-23.97,0.24,1931,0
16070,-83.08,-23.22,3.20,1931,0
16080,-83.12,-22.43,6.12,1931,0
16090,-83.20,-21.56,9.00,1931,0
16100,-83.29,-20.55,11.75,1931,0
16110,-83.37,-19.39,14.22,1931,0
16120,-83.41,-18.03,16.47,1931,0
16130,-83.38,-16.52,18.69,1931,0
16140,-83.31,-14.84,21.00,1931,0
16150,-83.22,-13.08,23.44,1931,0
16160,-83.14,-11.29,25.97,1931,0
16170,-83.10,-9.56,28.51,1931,0
16180,-83.12,-7.94,31.01,1931,0
16190,-83.16,-6.39,33.47,1931,0
16200,-83.20,-4.84,35.87,1931,0
16210,-83.21,-3.28,38.19,1931,0
16220,-83.21,-1.69,40.46,1931,0
16230,-83.18,-0.12,42.66,1931,0
16240,-83.13,1.44,44.76,1931,0
16250,-83.06,3.00,46.84,1931,0
16260,-82.98,4.55,48.95,1931,0
16270,-82.91,6.09,51.07,1931,0
16280,-82.84,7.59,53.20,1931,0
16290,-82.77,9.04,55.35,1931,0
16300,-82.70,10.44,57.48,1931,0
16310,-82.63,11.82,59.56,1931,0
16320,-82.55,13.18,61.58,1931,0
16330,-82.47,14.53,63.53,1931,0
16372,-82.37,15.89,65.43,1931,0
16383,-82.19,17.76,67.18,1931,0
16393,-81.99,19.83,68.86,1931,0
16403,-81.75,22.06,70.50,1931,0
16413,-81.51,24.38,72.18,1931,0
16423,-81.26,26.69,73.94,1931,0
16433,-81.03,28.93,75.79,1931,0
16443,-80.79,31.08,77.64,1931,0
16453,-80.53,33.21,79.45,1931,0
16463,-80.23,35.36,81.25,1931,0
16473,-79.90,37.51,83.06,1931,0
16483,-79.55,39.58,84.90,1931,0
16493,-79.22,41.53,86.76,1931,0
16503,-78.93,43.27,88.60,1931,0
16513,-78.70,44.83,90.44,1931,0
16523,-78.54,46.24,92.23,1931,0
16533,-78.44,47.54,93.93,1931,0
16543,-78.36,48.82,95.54,1931,0
16553,-78.29,50.11,97.09,1931,0
16563,-78.25,51.38,98.63,1931,0
16573,-78.21,52.59,100.21,1931,0
16583,-78.19,53.70,101.81,1931,0
16593,-78.17,54.74,103.40,1931,0
16603,-78.14,55.69,104.98,1931,0
16613,-78.08,56.59,106.54,1931,0
16623,-77.97,57.41,108.12,1931,0
16633,-77.82,58.17,109.72,1931,0
16643,-77.65,58.86,111.32,1931,0
16653,-77.47,59.51,112.93,1931,0
16663,-77.28,60.14,114.54,1931,0
16673,-77.09,60.71,116.14,1931,0
16683,-76.90,61.18,110.54,1931,0
16693,-76.72,61.55,105.07,1931,0
16703,-76.51,61.85,99.70,1931,0
16713,-76.31,62.16,94.45,1931,0
16723,-76.12,62.41,89.30,1931,0
16733,-75.97,62.62,84.26,1931,0
16743,-75.87,62.67,79.34,1931,0
16753,-75.80,62.64,74.50,1931,0
16763,-75.77,62.51,69.75,1931,0
16773,-75.76,62.33,65.04,1931,0
16783,-75.74,62.12,60.38,1931,0
16793,-75.71,61.88,55.76,1931,0
16803,-75.64,61.59,51.19,1931,0
16813,-75.56,61.31,46.68,1931,0
16823,-75.46,60.99,42.27,1931,0
16833,-75.38,60.62,37.93,1931,0
16854,-75.30,60.18,33.68,1459,1
16865,-75.24,59.58,29.55,1459,1
16875,-75.19,58.97,25.51,1459,1
16885,-75.15,58.31,21.54,1459,1
16895,-75.11,57.63,17.65,1459,1
16905,-75.07,56.91,13.85,1459,1
16915,-75.05,56.17,10.14,1459,1
16925,-75.07,55.40,6.53,1459,1
16935,-75.10,54.59,2.99,1459,1
16945,-75.11,53.77,-0.48,1459,1
16955,-75.09,52.99,-3.88,1459,1
16965,-75.03,52.28,-7.21,1459,1
16975,-74.97,51.69,-10.48,1459,1
16985,-74.92,51.16,-13.70,1459,1
16995,-74.86,50.67,-16.91,1459,1
17005,-74.80,50.20,-20.10,1459,1
17015,-74.73,49.73,-23.25,1459,1
17025,-74.66,49.28,-26.34,1459,1
17035,-74.61,48.80,-29.34,1459,1
17045,-74.57,48.34,-32.28,1459,1
17055,-74.53,47.85,-35.15,1459,1
17065,-74.50,47.29,-37.96,1459,1
17075,-74.47,46.76,-40.71,1459,1
17085,-74.45,46.22,-43.38,1459,1
17095,-74.45,45.68,-45.98,1459,1
17105,-74.45,45.18,-48.48,1459,1
17115,-74.41,44.70,-50.93,1459,1
17125,-74.33,44.23,-53.27,1459,1
17135,-74.23,43.76,-55.51,1459,1
17145,-74.15,43.27,-57.68,1459,1
17155,-74.09,42.70,-59.77,1459,1
17165,-74.05,42.09,-61.78,1459,1
17175,-74.03,41.32,-63.70,1459,1
17185,-74.04,40.31,-65.56,1459,1
17195,-74.14,39.04,-67.36,1459,1
17205,-74.32,37.55,-69.14,1459,1
17215,-74.55,35.85,-70.96,1459,1
17225,-74.78,34.03,-72.83,1459,1
17235,-74.96,32.16,-74.74,1459,1
17245,-75.07,30.33,-76.70,1459,1
17255,-75.15,28.56,-78.72,1459,1
17265,-75.19,26.84,-80.81,1459,1
17275,-75.20,25.17,-82.97,1459,1
17285,-75.20,23.56,-85.16,1459,1
17295,-75.19,21.98,-87.36,1459,1
17305,-75.19,20.42,-89.54,1459,1
17315,-75.23,18.87,-91.70,1459,1
17325,-75.33,17.32,-93.85,1459,1
17335,-75.47,15.76,-95.97,1459,1
17355,-75.65,14.23,-98.02,1427,1
17366,-75.82,12.81,-99.91,1427,1
17376,-75.97,11.57,-101.71,1427,1
17386,-76.09,10.50,-103.42,1427,1
17396,-76.19,9.53,-105.06,1427,1
17406,-76.29,8.64,-106.64,1427,1
17416,-76.38,7.79,-108.20,1427,1
17426,-76.46,7.01,-102.52,1427,1
17436,-76.51,6.30,-96.95,1427,1
17446,-76.53,5.73,-98.64,1427,1
17456,-76.55,5.26,-100.28,1427,1
17466,-76.58,4.86,-94.65,1427,1
17476,-76.60,4.46,-96.30,1427,1
17486,-76.64,4.06,-97.89,1427,1
17496,-76.67,3.69,-99.41,1427,1
17506,-76.72,3.37,-100.87,1427,1
17516,-76.77,3.08,-102.30,1427,1
17526,-76.85,2.75,-103.73,1427,1
17536,-76.94,2.35,-105.16,1427,1
17546,-77.03,1.91,-106.60,1427,1
17556,-77.10,1.44,-108.04,1427,1
17566,-77.17,0.96,-109.46,1427,1
17576,-77.22,0.51,-110.84,1427,1
17586,-77.28,0.06,-112.19,1427,1
17596,-77.33,-0.41,-113.51,1427,1
17606,-77.39,-0.88,-114.80,1427,1
17616,-77.45,-1.37,-116.05,1427,1
17626,-77.51,-1.88,-117.26,1427,1
17636,-77.55,-2.40,-118.43,1427,1
17646,-77.58,-2.94,-119.58,1427,1
17656,-77.58,-3.50,-120.71,1427,1
17666,-77.58,-4.09,-121.83,1427,1
17676,-77.58,-4.70,-122.93,1427,1
17686,-77.61,-5.32,-124.02,1427,1
17696,-77.68,-5.97,-125.10,1427,1
17706,-77.82,-6.67,-126.19,1427,1
17716,-78.00,-7.42,-127.29,1427,1
17726,-78.23,-8.20,-128.41,1427,1
17736,-78.47,-8.96,-129.56,1427,1
17746,-78.71,-9.69,-130.73,1427,1
17756,-78.94,-10.37,-131.92,1427,1
17766,-79.15,-10.95,-133.09,1427,1
17776,-79.35,-11.44,-134.22,1427,1
17786,-79.53,-11.81,-135.30,1427,1
17796,-79.71,-12.07,-129.14,1427,1
17806,-79.89,-12.30,-123.09,1427,1
17816,-80.08,-12.53,-117.12,1427,1
17826,-80.26,-12.72,-111.25,1427,1
17836,-80.43,-12.87,-105.50,1427,1
17857,-80.58,-13.00,-99.86,1439,1
17868,-80.68,-13.08,-94.34,1439,1
17878,-80.77,-13.17,-88.94,1439,1
17888,-80.86,-13.29,-83.63,1439,1
17898,-80.96,-13.44,-85.61,1439,1
17908,-81.06,-13.61,-87.55,1439,1
17918,-81.15,-13.75,-89.45,1439,1
17928,-81.25,-13.88,-91.31,1439,1
17938,-81.36,-14.01,-93.14,1439,1
17948,-81.47,-14.15,-94.93,1439,1
17958,-81.58,-14.29,-96.69,1439,1
17968,-81.69,-14.43,-98.42,1439,1
17978,-81.81,-14.55,-100.13,1439,1
17988,-81.95,-14.64,-101.83,1439,1
17998,-82.10,-14.79,-96.32,1439,1
18008,-82.23,-14.97,-90.94,1439,1
18018,-82.33,-15.11,-85.64,1439,1
18028,-82.41,-15.18,-80.42,1439,1
18038,-82.47,-15.22,-75.27,1439,1
18048,-82.52,-15.23,-70.21,1439,1
18058,-82.56,-15.23,-65.26,1439,1
18068,-82.59,-15.23,-60.40,1439,1
18078,-82.60,-15.21,-55.62,1439,1
18088,-82.60,-15.15,-50.92,1439,1
18098,-82.60,-15.05,-46.30,1439,1
18108,-82.60,-14.90,-41.78,1439,1
18118,-82.59,-14.75,-37.36,1439,1
18128,-82.57,-14.59,-33.01,1439,1
18138,-82.54,-14.40,-28.76,1439,1
18148,-82.52,-14.18,-24.59,1439,1
18158,-82.50,-13.96,-20.50,1439,1
18168,-82.49,-13.74,-16.49,1439,1
18178,-82.49,-13.53,-12.58,1439,1
18188,-82.49,-13.33,-8.73,1439,1
18198,-82.49,-13.17,-12.14,1439,1
18208,-82.49,-13.06,-15.48,1439,1
18218,-82.49,-12.97,-18.75,1439,1
18228,-82.49,-12.92,-21.97,1439,1
18238,-82.47,-12.84,-25.14,1439,1
18248,-82.44,-12.75,-28.24,1439,1
18258,-82.41,-12.66,-31.27,1439,1
18268,-82.38,-12.58,-34.22,1439,1
18278,-82.37,-12.53,-37.11,1439,1
18288,-82.37,-12.48,-39.94,1439,1
18298,-82.37,-12.46,-42.70,1439,1
18308,-82.37,-12.46,-45.42,1439,1
18318,-82.39,-12.43,-48.08,1439,1
18328,-82.42,-12.43,-50.71,1439,1
18338,-82.46,-12.46,-46.12,1439,1
18363,-82.51,-12.56,-41.62,1439,0
18374,-82.55,-12.77,-37.25,1439,0
18384,-82.55,-12.98,-40.16,1439,0
18394,-82.53,-13.10,-43.02,1439,0
18404,-82.49,-12.95,-45.81,1439,0
18414,-82.49,-12.43,-48.65,1439,0
18424,-82.47,-12.13,-51.56,1439,0
18434,-82.45,-12.02,-54.58,1439,0
18444,-82.48,-12.06,-50.39,1439,0
18454,-82.57,-12.23,-46.22,1439,0
18464,-82.71,-12.59,-42.04,1439,0
18474,-82.86,-13.02,-37.87,1439,0
18484,-83.00,-13.30,-33.62,1439,0
18494,-83.12,-13.06,-29.35,1439,0
18504,-83.23,-12.77,-25.10,1439,0
18514,-83.21,-12.81,-20.98,1439,0
18524,-83.11,-12.80,-17.04,1439,0
18534,-83.01,-12.60,-13.26,1439,0
18544,-82.93,-12.45,-9.60,1439,0
18554,-82.86,-12.40,-6.03,1439,0
18564,-82.83,-12.28,-2.49,1439,0
18574,-82.81,-12.32,0.99,1439,0
18584,-82.74,-12.64,4.39,1439,0
18594,-82.60,-12.98,7.72,1439,0
18604,-82.39,-13.18,11.00,1439,0
18614,-82.10,-13.28,14.23,1439,0
18624,-81.73,-13.30,17.34,1439,0
18634,-81.29,-13.28,20.35,1439,0
18644,-80.80,-13.21,23.29,1439,0
18654,-80.29,-13.00,26.21,1439,0
18664,-79.83,-12.56,22.05,1439,0
18674,-79.45,-12.15,17.90,1439,0
18684,-79.07,-11.76,13.78,1439,0
18694,-78.73,-11.34,9.80,1439,0
18704,-78.48,-11.05,5.86,1439,0
18714,-78.32,-11.00,9.14,1439,0
18724,-78.20,-11.11,12.39,1439,0
18734,-78.13,-11.37,15.66,1439,0
18744,-78.13,-11.77,11.71,1439,0
18754,-78.29,-12.15,15.04,1439,0
18764,-78.78,-13.39,18.64,1439,0
18774,-79.29,-14.81,22.25,1439,0
18784,-79.77,-16.09,25.75,1439,0
18794,-80.16,-17.04,29.02,1439,0
18804,-80.47,-17.32,31.98,1439,0
18814,-80.73,-17.12,34.63,1439,0
18824,-80.92,-16.81,37.15,1439,0
18834,-80.97,-16.19,39.58,1439,0
18844,-80.91,-15.40,41.78,1439,0
18861,-80.71,-14.32,43.85,896,1
18872,-80.38,-13.12,46.06,896,1
18882,-80.02,-12.20,48.31,896,1
18892,-79.69,-11.57,50.61,896,1
18902,-79.41,-11.26,52.87,896,1
18912,-79.18,-11.23,55.00,896,1
18922,-79.01,-11.51,57.06,896,1
18932,-78.87,-11.97,59.12,896,1
18942,-78.78,-12.53,61.16,896,1
18952,-78.69,-13.17,63.20,896,1
18962,-78.59,-13.79,65.25,896,1
18972,-78.47,-14.38,67.26,896,1
18982,-78.35,-14.91,69.25,896,1
18992,-78.20,-15.16,71.24,896,1
19002,-78.03,-15.13,73.26,896,1
19012,-77.85,-14.92,75.27,896,1
19022,-77.69,-14.59,77.22,896,1
19032,-77.55,-14.19,79.10,896,1
19042,-77.44,-13.71,80.92,896,1
19052,-77.33,-13.25,82.72,896,1
19062,-77.21,-12.85,84.46,896,1
19072,-77.08,-12.57,86.10,896,1
19082,-76.95,-12.33,87.61,896,1
19092,-76.81,-12.14,89.02,896,1
19102,-76.64,-12.07,90.37,896,1
19112,-76.46,-12.10,91.65,896,1
19122,-76.26,-12.13,92.89,896,1
19132,-76.05,-12.08,94.15,896,1
19142,-75.83,-12.00,95.40,896,1
19152,-75.61,-11.93,96.65,896,1
19162,-75.41,-11.78,97.87,896,1
19172,-75.24,-11.55,99.05,896,1
19182,-75.07,-11.30,100.16,896,1
19192,-74.91,-11.05,101.18,896,1
19202,-74.77,-10.71,102.16,896,1
19212,-74.66,-10.27,103.15,896,1
19222,-74.57,-9.77,104.18,896,1
19232,-74.51,-9.30,105.23,896,1
19242,-74.48,-8.90,106.31,896,1
19252,-74.48,-8.59,107.35,896,1
19262,-74.49,-8.33,108.38,896,1
19272,-74.52,-8.12,109.40,896,1
19282,-74.55,-8.00,110.46,896,1
19292,-74.61,-7.92,111.51,896,1
19302,-74.68,-7.86,112.61,896,1
19312,-74.77,-7.77,113.71,896,1
19322,-74.84,-7.60,114.77,896,1
19332,-74.91,-7.35,115.78,896,1
19342,-74.95,-7.12,116.73,896,1
19352,-74.98,-6.81,117.66,896,1
19376,-75.02,-6.36,118.57,1966,1
19387,-75.04,-5.83,119.42,1966,1
19397,-75.04,-5.22,120.18,1966,1
19407,-75.01,-4.51,120.91,1966,1
19417,-74.96,-3.72,121.61,1966,1
19427,-74.90,-2.84,122.30,1966,1
19437,-74.82,-1.86,122.91,1966,1
19447,-74.74,-0.79,123.38,1966,1
19457,-74.63,0.34,123.80,1966,1
19467,-74.51,1.47,124.34,1966,1
19477,-74.39,2.62,124.94,1966,1
19487,-74.28,3.81,125.61,1966,1
19497,-74.16,5.00,126.32,1966,1
19507,-74.05,6.21,127.10,1966,1
19517,-73.95,7.37,127.92,1966,1
19527,-73.89,8.52,128.70,1966,1
19537,-73.85,9.67,129.45,1966,1
19547,-73.84,10.85,130.12,1966,1
19557,-73.84,12.05,130.74,1966,1
19567,-73.84,13.29,131.29,1966,1
19577,-73.84,14.53,131.76,1966,1
19587,-73.84,15.74,132.19,1966,1
19597,-73.84,16.89,132.60,1966,1
19607,-73.85,18.00,133.00,1966,1
19617,-73.86,19.16,133.33,1966,1
19627,-73.86,20.32,133.63,1966,1
19637,-73.85,21.51,133.90,1966,1
19647,-73.82,22.73,134.15,1966,1
19657,-73.77,23.99,134.37,1966,1
19667,-73.70,25.35,134.56,1966,1
19677,-73.58,26.79,134.79,1966,1
19687,-73.44,28.28,135.11,1966,1
19697,-73.28,29.78,135.49,1966,1
19707,-73.11,31.23,135.93,1966,1
19717,-72.92,32.67,136.41,1966,1
19727,-72.73,34.11,136.87,1966,1
19737,-72.53,35.54,137.34,1966,1
19747,-72.33,36.92,137.79,1966,1
19757,-72.10,38.17,138.23,1966,1
19767,-71.81,39.35,138.64,1966,1
19777,-71.49,40.50,139.10,1966,1
19787,-71.13,41.61,139.62,1966,1
19797,-70.76,42.70,140.17,1966,1
19807,-70.37,43.79,140.72,1966,1
19817,-69.97,44.87,141.27,1966,1
19827,-69.54,45.98,141.85,1966,1
19837,-69.11,47.07,142.43,1966,1
19847,-68.67,48.14,143.00,1966,1
19857,-68.24,49.16,143.55,1966,1
19881,-67.84,50.08,144.06,1967,1
19892,-67.48,51.02,144.51,1967,1
19902,-67.14,52.05,144.95,1967,1
19912,-66.83,53.18,145.40,1967,1
19922,-66.54,54.39,145.78,1967,1
19932,-66.25,55.64,146.14,1967,1
19942,-65.96,56.80,146.57,1967,1
19952,-65.68,57.87,147.06,1967,1
19962,-65.40,58.79,147.62,1967,1
19972,-65.13,59.63,148.21,1967,1
19982,-64.86,60.41,141.63,1967,1
19992,-64.62,61.12,135.16,1967,1
20002,-64.41,61.68,128.80,1967,1
20012,-64.20,62.11,129.76,1967,1
20022,-63.98,62.49,130.72,1967,1
20032,-63.74,62.83,131.70,1967,1
20042,-63.47,63.20,132.67,1967,1
20052,-63.19,63.61,126.49,1967,1
20062,-62.91,64.07,120.46,1967,1
20072,-62.62,64.58,114.58,1967,1
20082,-62.34,65.10,108.84,1967,1
20092,-62.06,65.58,103.25,1967,1
20102,-61.77,66.04,97.84,1967,1
20112,-61.48,66.54,92.62,1967,1
20122,-61.18,67.03,87.52,1967,1
20132,-60.88,67.45,82.53,1967,1
20142,-60.57,67.74,77.62,1967,1
20152,-60.23,67.92,72.79,1967,1
20162,-59.89,68.00,68.06,1967,1
20172,-59.55,67.98,63.42,1967,1
20182,-59.23,67.84,58.86,1967,1
20192,-58.91,67.52,54.35,1967,1
20202,-58.60,67.09,49.90,1967,1
20212,-58.30,66.59,45.51,1967,1
20222,-58.04,66.05,41.20,1967,1
20232,-57.80,65.53,36.99,1967,1
20242,-57.62,65.00,32.89,1967,1
20252,-57.47,64.47,28.90,1967,1
20262,-57.36,63.94,25.03,1967,1
20272,-57.26,63.37,21.26,1967,1
20282,-57.19,62.74,17.58,1967,1
20292,-57.12,62.12,13.95,1967,1
20302,-57.08,61.42,10.37,1967,1
20312,-57.04,60.64,6.84,1967,1
20322,-57.00,59.80,3.35,1967,1
20332,-56.96,58.95,-0.08,1967,1
20342,-56.92,58.11,-3.45,1967,1
20352,-56.89,57.30,-6.77,1967,1
20362,-56.87,56.46,-10.03,1967,1
20385,-56.86,55.59,-13.26,1932,1
20396,-56.84,54.68,-16.45,1932,1
20406,-56.84,53.79,-19.59,1932,1
20416,-56.86,52.87,-22.68,1932,1
20426,-56.88,51.93,-25.73,1932,1
20436,-56.90,50.96,-28.74,1932,1
20446,-56.93,49.92,-31.72,1932,1
20456,-56.97,48.82,-34.68,1932,1
20466,-57.04,47.59,-37.59,1932,1
20476,-57.11,46.22,-40.50,1932,1
20486,-57.17,44.57,-43.42,1932,1
20496,-57.17,42.44,-46.42,1932,1
20506,-57.12,39.92,-49.50,1932,1
20516,-57.07,37.08,-52.65,1932,1
20526,-57.06,34.03,-55.87,1932,1
20536,-57.12,31.11,-59.03,1932,1
20546,-57.31,28.81,-61.95,1932,1
20556,-57.49,26.52,-64.41,1932,1
20566,-57.64,24.36,-66.81,1932,1
20576,-57.77,22.48,-69.21,1932,1
20586,-57.90,20.74,-64.32,1932,1
20596,-58.01,19.13,-66.60,1932,1
20606,-58.10,17.81,-68.80,1932,1
20616,-58.19,16.78,-70.88,1932,1
20626,-58.28,16.01,-65.72,1932,1
20636,-58.35,15.41,-60.67,1932,1
20646,-58.40,15.02,-62.86,1932,1
20656,-58.43,14.73,-64.97,1932,1
20666,-58.48,14.44,-67.02,1932,1
20676,-58.55,14.07,-69.06,1932,1
20686,-58.62,13.63,-71.06,1932,1
20696,-58.70,13.12,-73.02,1932,1
20706,-58.78,12.67,-74.96,1932,1
20716,-58.86,12.29,-76.88,1932,1
20726,-58.93,12.00,-78.78,1932,1
20736,-59.00,11.94,-80.70,1932,1
20746,-59.07,12.05,-82.59,1932,1
20756,-59.15,12.31,-84.38,1932,1
20766,-59.22,12.68,-86.13,1932,1
20777,-59.30,13.14,-87.87,1932,1
20787,-59.38,13.69,-89.59,1932,1
20797,-59.47,14.32,-91.28,1932,1
20807,-59.55,15.02,-92.91,1932,1
20817,-59.63,15.78,-94.53,1932,1
20827,-59.71,16.60,-96.16,1932,1
20837,-59.79,17.44,-97.79,1932,1
20847,-59.86,18.27,-99.39,1932,1
20857,-59.94,19.05,-100.98,1932,1
20867,-60.02,19.76,-102.54,1932,1
20890,-60.11,20.45,-104.05,1953,1
20901,-60.20,21.23,-105.59,1953,1
20911,-60.28,22.07,-107.09,1953,1
20921,-60.35,22.94,-101.38,1953,1
20931,-60.41,23.84,-95.81,1953,1
20941,-60.46,24.75,-90.36,1953,1
20951,-60.51,25.68,-85.02,1953,1
20961,-60.55,26.63,-79.79,1953,1
20971,-60.58,27.62,-74.67,1953,1
20981,-60.59,28.64,-69.64,1953,1
20991,-60.59,29.68,-64.69,1953,1
21001,-60.57,30.75,-66.98,1953,1
21011,-60.54,31.83,-69.20,1953,1
21021,-60.51,32.94,-71.39,1953,1
21031,-60.46,34.08,-73.53,1953,1
21041,-60.41,35.31,-75.63,1953,1
21051,-60.35,36.66,-77.69,1953,1
21061,-60.27,38.15,-79.70,1953,1
21071,-60.18,39.75,-81.67,1953,1
21081,-60.08,41.47,-83.57,1953,1
21091,-59.95,43.28,-85.42,1953,1
21101,-59.81,45.14,-87.16,1953,1
21111,-59.67,47.02,-88.77,1953,1
21121,-59.57,48.91,-90.28,1953,1
21131,-59.54,50.78,-91.73,1953,1
21141,-59.58,52.66,-93.14,1953,1
21151,-59.66,54.44,-94.56,1953,1
21161,-59.77,56.13,-96.02,1953,1
21171,-59.91,57.66,-97.49,1953,1
21181,-60.08,58.95,-98.92,1953,1
21191,-60.28,59.99,-100.33,1953,1
21201,-60.48,60.86,-101.67,1953,1
21211,-60.68,61.69,-102.99,1953,1
21221,-60.89,62.58,-104.32,1953,1
21231,-61.11,63.58,-105.67,1953,1
21241,-61.36,64.63,-107.02,1953,1
21251,-61.63,65.59,-108.36,1953,1
21261,-61.92,66.37,-109.71,1953,1
21271,-62.21,66.93,-111.04,1953,1
21281,-62.46,67.24,-112.36,1953,1
21291,-62.67,67.24,-106.45,1953,1
21301,-62.82,66.94,-100.59,1953,1
21311,-62.94,66.57,-101.98,1953,1
21321,-63.06,66.24,-103.29,1953,1
21331,-63.21,65.91,-104.56,1953,1
21341,-63.37,65.69,-105.76,1953,1
21351,-63.56,65.53,-106.93,1953,1
21361,-63.76,65.43,-108.07,1953,1
21371,-63.95,65.30,-109.19,1953,1
21395,-64.12,65.07,-110.29,1936,1
21406,-64.19,64.79,-111.37,1936,1
21416,-64.26,64.52,-112.38,1936,1
21426,-64.31,64.25,-113.31,1936,1
21436,-64.35,63.97,-114.21,1936,1
21446,-64.39,63.65,-115.08,1936,1
21456,-64.42,63.34,-115.95,1936,1
21466,-64.45,63.04,-116.81,1936,1
21476,-64.48,62.72,-117.68,1936,1
21486,-64.51,62.35,-118.54,1936,1
21496,-64.54,61.92,-119.39,1936,1
21506,-64.54,61.43,-120.22,1936,1
21516,-64.52,60.87,-121.04,1936,1
21526,-64.48,60.23,-121.86,1936,1
21536,-64.43,59.54,-122.66,1936,1
21546,-64.38,58.84,-123.48,1936,1
21556,-64.32,58.14,-124.29,1936,1
21566,-64.26,57.45,-125.10,1936,1
21576,-64.19,56.75,-125.91,1936,1
21586,-64.11,56.05,-126.71,1936,1
21596,-64.02,55.38,-127.50,1936,1
21606,-63.93,54.76,-128.27,1936,1
21616,-63.85,54.19,-129.03,1936,1
21626,-63.79,53.62,-129.80,1936,1
21636,-63.73,53.03,-130.58,1936,1
21646,-63.67,52.40,-131.37,1936,1
21656,-63.61,51.73,-132.17,1936,1
21666,-63.54,51.05,-132.95,1936,1
21676,-63.47,50.38,-133.70,1936,1
21686,-63.41,49.68,-134.46,1936,1
21696,-63.35,48.94,-135.21,1936,1
21706,-63.29,48.17,-135.98,1936,1
21716,-63.24,47.34,-136.76,1936,1
21726,-63.19,46.44,-137.56,1936,1
21736,-63.14,45.45,-138.39,1936,1
21746,-63.10,44.34,-139.25,1936,1
21756,-63.08,43.10,-140.14,1936,1
21766,-63.06,41.76,-141.06,1936,1
21776,-63.05,40.28,-142.02,1936,1
21786,-63.02,38.63,-143.03,1936,1
21796,-62.98,36.75,-144.12,1936,1
21806,-62.92,34.69,-145.28,1936,1
21816,-62.81,32.62,-146.47,1936,1
21826,-62.66,30.62,-147.67,1936,1
21836,-62.50,28.71,-148.89,1936,1
21846,-62.36,26.91,-150.12,1936,1
21856,-62.28,25.27,-151.31,1936,1
21866,-62.29,23.85,-152.40,1936,1
21876,-62.40,22.48,-153.34,1936,1
21899,-62.53,21.01,-154.18,1937,1
21910,-62.66,19.27,-154.97,1937,1
21920,-62.78,17.70,-148.50,1937,1
21930,-62.89,16.27,-142.09,1937,1
21940,-63.00,14.89,-135.78,1937,1
21950,-63.09,13.60,-129.55,1937,1
21960,-63.18,12.42,-123.38,1937,1
21970,-63.27,11.30,-117.31,1937,1
21980,-63.36,10.15,-111.35,1937,1
21990,-63.45,9.03,-105.48,1937,1
22000,-63.57,7.86,-106.89,1937,1
22010,-63.71,6.71,-101.08,1937,1
22020,-63.83,5.64,-95.38,1937,1
22030,-63.94,4.79,-89.81,1937,1
22040,-64.05,4.21,-84.39,1937,1
22050,-64.16,3.81,-79.12,1937,1
22060,-64.25,3.64,-73.99,1937,1
22070,-64.34,3.64,-68.94,1937,1
22080,-64.43,3.75,-64.03,1937,1
22090,-64.51,3.92,-59.25,1937,1
22100,-64.59,4.03,-54.57,1937,1
22110,-64.66,4.16,-49.99,1937,1
22120,-64.73,4.40,-45.51,1937,1
22130,-64.77,4.74,-41.08,1937,1
22140,-64.80,5.16,-36.72,1937,1
22150,-64.82,5.66,-32.44,1937,1
22160,-64.82,6.22,-28.19,1937,1
22170,-64.82,6.79,-24.03,1937,1
22180,-64.82,7.44,-19.96,1937,1
22190,-64.82,8.13,-15.93,1937,1
22200,-64.82,8.93,-11.96,1937,1
22210,-64.82,9.82,-8.09,1937,1
22220,-64.82,10.74,-4.27,1937,1
22230,-64.82,11.72,-7.73,1937,1
22240,-64.84,12.70,-11.14,1937,1
22250,-64.86,13.68,-7.32,1937,1
22260,-64.89,14.68,-3.61,1937,1
22270,-64.92,15.68,-0.02,1937,1
22280,-64.95,16.74,3.46,1937,1
22290,-64.97,17.87,6.87,1937,1
22300,-64.99,19.07,10.23,1937,1
22310,-64.99,20.32,13.51,1937,1
22320,-64.99,21.58,16.72,1937,1
22330,-64.99,22.84,19.87,1937,1
22340,-64.99,24.11,22.97,1937,1
22350,-64.97,25.33,26.03,1937,1
22360,-64.96,26.50,29.01,1937,1
22370,-64.93,27.67,31.93,1937,1
22380,-64.90,28.87,34.73,1937,1
22423,-64.85,30.13,37.42,1937,0
22434,-64.70,31.96,40.26,1937,0
22444,-64.54,33.90,35.98,1937,0
22454,-64.38,35.90,31.80,1937,0
22464,-64.23,37.92,27.75,1937,0
22474,-64.04,39.87,23.72,1937,0
22484,-63.82,41.74,19.76,1937,0
22494,-63.58,43.56,15.88,1937,0
22504,-63.35,45.30,12.09,1937,0
22514,-63.15,46.94,8.35,1937,0
22524,-62.99,48.43,4.67,1937,0
22534,-62.85,49.79,1.09,1937,0
22544,-62.72,50.91,4.76,1937,0
22554,-62.60,51.88,1.21,1937,0
22564,-62.54,52.69,-2.26,1937,0
22574,-62.52,53.27,-5.70,1937,0
22584,-62.52,53.70,-9.09,1937,0
22594,-62.54,54.03,-12.41,1937,0
22604,-62.58,54.28,-15.65,1937,0
22614,-62.65,54.52,-18.82,1937,0
22624,-62.73,54.79,-21.93,1937,0
22634,-62.82,55.12,-24.98,1937,0
22644,-62.93,55.47,-27.95,1937,0
22654,-63.08,55.88,-30.82,1937,0
22664,-63.25,56.23,-33.62,1937,0
22674,-63.43,56.55,-36.36,1937,0
22684,-63.60,56.78,-39.06,1937,0
22694,-63.75,57.01,-41.73,1937,0
22704,-63.86,57.21,-44.37,1937,0
22714,-63.96,57.47,-46.95,1937,0
22724,-64.03,57.80,-49.48,1937,0
22734,-64.11,58.24,-51.94,1937,0
22744,-64.21,58.59,-54.32,1937,0
22754,-64.32,58.77,-56.66,1937,0
22764,-64.46,58.76,-59.01,1937,0
22774,-64.60,58.67,-61.42,1937,0
22784,-64.72,58.66,-63.85,1937,0
22794,-64.83,58.68,-66.27,1937,0
22804,-64.95,58.70,-61.46,1937,0
22814,-65.10,58.71,-63.90,1937,0
22824,-65.27,58.52,-66.19,1937,0
22834,-65.47,58.07,-68.38,1937,0
22844,-65.66,57.50,-70.49,1937,0
22854,-65.84,56.87,-72.54,1937,0
22864,-66.02,56.30,-74.53,1937,0
22874,-66.21,55.72,-76.51,1937,0
22884,-66.43,55.11,-78.47,1937,0
22907,-66.65,54.50,-80.37,1933,1
22918,-66.89,53.85,-82.24,1933,1
22928,-67.12,53.23,-76.91,1933,1
22938,-67.33,52.60,-71.69,1933,1
22948,-67.50,52.00,-66.64,1933,1
22958,-67.63,51.33,-61.71,1933,1
22968,-67.70,50.58,-56.88,1933,1
22978,-67.73,49.82,-52.16,1933,1
22988,-67.73,49.03,-47.52,1933,1
22998,-67.73,48.23,-42.97,1933,1
23008,-67.73,47.43,-45.75,1933,1
23018,-67.71,46.60,-48.50,1933,1
23028,-67.65,45.76,-51.22,1933,1
23038,-67.58,44.87,-53.92,1933,1
23048,-67.48,43.89,-56.64,1933,1
23058,-67.35,42.74,-52.19,1933,1
23068,-67.18,41.38,-47.91,1933,1
23078,-66.96,39.84,-50.97,1933,1
23088,-66.71,38.18,-54.06,1933,1
23098,-66.46,36.51,-57.12,1933,1
23108,-66.25,35.07,-60.01,1933,1
23118,-66.12,33.68,-62.61,1933,1
23128,-66.02,32.23,-65.16,1933,1
23138,-65.92,30.72,-67.72,1933,1
23148,-65.82,29.02,-63.05,1933,1
23158,-65.71,27.26,-58.38,1933,1
23168,-65.61,25.50,-53.70,1933,1
23178,-65.51,23.77,-49.07,1933,1
23188,-65.43,22.12,-44.52,1933,1
23198,-65.34,20.53,-40.08,1933,1
23208,-65.23,18.95,-35.72,1933,1
23218,-65.10,17.32,-31.47,1933,1
23228,-64.95,15.69,-27.31,1933,1
23238,-64.78,14.14,-23.24,1933,1
23248,-64.60,12.65,-19.22,1933,1
23258,-64.42,11.35,-15.26,1933,1
23268,-64.28,10.29,-11.41,1933,1
23278,-64.15,9.42,-7.64,1933,1
23288,-64.05,8.69,-3.97,1933,1
23298,-63.96,8.12,-0.38,1933,1
23308,-63.91,7.74,3.12,1933,1
23318,-63.88,7.57,6.50,1933,1
23328,-63.88,7.67,9.78,1933,1
23338,-63.92,7.92,12.99,1933,1
23348,-63.97,8.23,16.16,1933,1
23358,-64.02,8.55,19.30,1933,1
23368,-64.07,8.85,22.41,1933,1
23378,-64.16,8.98,25.60,1933,1
23388,-64.27,9.11,21.60,1933,1
23412,-64.39,9.30,17.68,1943,1
23423,-64.51,9.53,20.83,1943,1
23433,-64.63,9.83,23.98,1943,1
23443,-64.73,10.18,27.10,1943,1
23453,-64.83,10.60,30.19,1943,1
23463,-64.92,11.14,33.15,1943,1
23473,-65.00,11.77,35.88,1943,1
23483,-65.08,12.51,38.47,1943,1
23493,-65.15,13.33,40.91,1943,1
23503,-65.21,14.21,43.20,1943,1
23513,-65.27,15.15,45.35,1943,1
23523,-65.33,16.10,47.44,1943,1
23533,-65.37,17.08,49.31,1943,1
23543,-65.40,18.14,50.79,1943,1
23553,-65.42,19.26,52.23,1943,1
23563,-65.42,20.44,53.79,1943,1
23573,-65.42,21.66,55.47,1943,1
23583,-65.40,22.89,57.37,1943,1
23593,-65.37,24.10,59.35,1943,1
23603,-65.34,25.28,61.33,1943,1
23613,-65.32,26.44,63.35,1943,1
23623,-65.30,27.59,65.31,1943,1
23633,-65.29,28.73,67.30,1943,1
23643,-65.28,29.87,69.14,1943,1
23653,-65.26,31.02,70.91,1943,1
23663,-65.24,32.14,72.66,1943,1
23673,-65.21,33.25,74.36,1943,1
23683,-65.19,34.36,76.16,1943,1
23693,-65.16,35.44,77.96,1943,1
23703,-65.13,36.49,79.65,1943,1
23713,-65.11,37.51,81.20,1943,1
23723,-65.08,38.55,82.67,1943,1
23733,-65.04,39.64,83.96,1943,1
23743,-64.98,40.81,85.17,1943,1
23753,-64.92,42.08,86.41,1943,1
23763,-64.84,43.46,87.71,1943,1
23773,-64.75,44.92,89.35,1943,1
23783,-64.65,46.44,91.03,1943,1
23793,-64.54,48.01,92.66,1943,1
23803,-64.42,49.62,94.18,1943,1
23813,-64.30,51.26,95.63,1943,1
23823,-64.17,52.89,97.02,1943,1
23833,-64.05,54.50,98.38,1943,1
23843,-63.91,56.10,99.78,1943,1
23853,-63.76,57.68,101.19,1943,1
23863,-63.59,59.22,102.58,1943,1
23873,-63.39,60.73,103.98,1943,1
23883,-63.17,62.13,105.41,1943,1
23893,-62.95,63.42,99.67,1943,1
23917,-62.75,64.62,94.03,1964,1
23928,-62.62,65.67,88.48,1964,1
23938,-62.52,66.65,83.00,1964,1
23948,-62.41,67.59,77.64,1964,1
23958,-62.31,68.46,72.41,1964,1
23968,-62.21,69.25,74.46,1964,1
23978,-62.09,70.04,76.45,1964,1
23988,-62.00,70.82,71.25,1964,1
23998,-61.91,71.50,73.36,1964,1
24008,-61.84,72.07,68.28,1964,1
24018,-61.77,72.47,63.36,1964,1
24028,-61.72,72.77,58.53,1964,1
24038,-61.66,72.98,60.98,1964,1
24048,-61.59,73.14,63.41,1964,1
24058,-61.53,73.24,58.63,1964,1
24068,-61.47,73.24,53.97,1964,1
24078,-61.41,73.16,49.42,1964,1
24088,-61.35,73.01,44.97,1964,1
24098,-61.29,72.82,40.59,1964,1
24108,-61.25,72.61,36.30,1964,1
24118,-61.22,72.40,32.09,1964,1
24128,-61.19,72.24,27.97,1964,1
24138,-61.16,72.18,23.93,1964,1
24148,-61.13,72.19,19.98,1964,1
24158,-61.09,72.27,16.10,1964,1
24168,-61.05,72.37,12.30,1964,1
24178,-61.00,72.47,8.58,1964,1
24188,-60.95,72.55,4.93,1964,1
24198,-60.90,72.61,1.33,1964,1
24208,-60.87,72.62,-2.22,1964,1
24218,-60.83,72.56,-5.73,1964,1
24228,-60.79,72.45,-9.18,1964,1
24238,-60.74,72.25,-12.58,1964,1
24248,-60.69,71.96,-15.93,1964,1
24258,-60.65,71.53,-19.22,1964,1
24268,-60.60,70.96,-22.42,1964,1
24278,-60.55,70.31,-25.55,1964,1
24288,-60.50,69.64,-28.61,1964,1
24298,-60.45,68.97,-31.59,1964,1
24308,-60.41,68.29,-34.50,1964,1
24318,-60.38,67.58,-37.35,1964,1
24328,-60.35,66.85,-40.14,1964,1
24338,-60.33,66.15,-42.84,1964,1
24348,-60.31,65.49,-45.49,1964,1
24358,-60.31,64.82,-48.12,1964,1
24368,-60.31,64.13,-50.71,1964,1
24378,-60.31,63.44,-53.24,1964,1
24388,-60.31,62.79,-55.71,1964,1
24398,-60.31,62.16,-58.12,1964,1
24440,-60.32,61.52,-60.50,1964,0
24451,-60.36,60.51,-62.89,1964,0
24461,-60.38,59.36,-65.23,1964,0
24471,-60.40,58.04,-67.51,1964,0
24481,-60.42,56.60,-69.71,1964,0
24491,-60.45,55.02,-71.83,1964,0
24501,-60.50,53.17,-73.90,1964,0
24511,-60.55,51.06,-75.90,1964,0
24521,-60.63,48.77,-77.81,1964,0
24531,-60.73,46.40,-79.63,1964,0
24541,-60.86,44.05,-81.33,1964,0
24551,-61.00,41.82,-82.92,1964,0
24561,-61.14,39.75,-84.52,1964,0
24571,-61.26,37.90,-86.11,1964,0
24581,-61.40,36.34,-87.71,1964,0
24591,-61.54,35.13,-89.32,1964,0
24601,-61.68,34.20,-90.96,1964,0
24611,-61.83,33.52,-92.63,1964,0
24621,-61.98,33.01,-94.34,1964,0
24631,-62.14,32.64,-96.01,1964,0
24641,-62.28,32.39,-97.61,1964,0
24651,-62.41,32.29,-99.23,1964,0
24661,-62.50,32.32,-100.77,1964,0
24671,-62.57,32.45,-102.26,1964,0
24681,-62.63,32.57,-103.85,1964,0
24691,-62.68,32.60,-98.35,1964,0
24701,-62.72,32.59,-92.97,1964,0
24711,-62.75,32.61,-87.65,1964,0
24721,-62.77,32.70,-82.31,1964,0
24731,-62.80,32.91,-84.17,1964,0
24741,-62.84,33.15,-85.98,1964,0
24751,-62.88,33.43,-87.83,1964,0
24761,-62.92,33.79,-82.47,1964,0
24771,-62.96,34.19,-77.22,1964,0
24781,-63.02,34.65,-79.11,1964,0
24791,-63.08,35.20,-80.90,1964,0
24801,-63.15,35.79,-82.67,1964,0
24811,-63.23,36.44,-84.48,1964,0
24821,-63.30,37.12,-86.17,1964,0
24831,-63.38,37.81,-87.80,1964,0
24841,-63.45,38.50,-89.37,1964,0
24851,-63.51,39.19,-91.14,1964,0
24861,-63.56,39.89,-85.73,1964,0
24871,-63.62,40.62,-80.59,1964,0
24881,-63.67,41.37,-75.75,1964,0
24891,-63.71,42.13,-71.12,1964,0
24901,-63.74,42.88,-66.52,1964,0
24926,-63.76,43.66,-62.01,1964,0
24937,-63.76,44.54,-57.73,1964,0
24947,-63.76,45.46,-53.81,1964,0
24957,-63.76,46.44,-50.07,1964,0
24967,-63.76,47.54,-50.62,1964,0
24977,-63.76,48.71,-51.05,1964,0
24987,-63.75,49.98,-51.38,1964,0
24997,-63.73,51.33,-52.04,1964,0
25007,-63.71,52.78,-53.12,1964,0
25017,-63.67,54.31,-54.75,1964,0
25027,-63.63,55.91,-52.29,1964,0
25037,-63.57,57.55,-49.42,1964,0
25047,-63.48,59.21,-45.85,1964,0
25057,-63.34,60.92,-42.27,1964,0
25067,-63.15,62.75,-38.77,1964,0
25077,-62.93,64.69,-34.68,1964,0
25087,-62.70,66.65,-30.39,1964,0
25097,-62.46,68.55,-33.29,1964,0
25107,-62.21,70.29,-36.09,1964,0
25117,-61.96,71.93,-38.83,1964,0
25127,-61.75,73.49,-41.60,1964,0
25137,-61.55,75.00,-44.37,1964,0
25147,-61.33,76.44,-47.22,1964,0
25157,-61.10,77.93,-50.05,1964,0
25167,-60.88,79.37,-45.68,1964,0
25177,-60.66,80.75,-41.38,1964,0
25187,-60.43,81.98,-37.15,1964,0
25197,-60.20,83.11,-32.97,1964,0
25207,-59.96,84.02,-28.80,1964,0
25217,-59.74,84.73,-31.83,1964,0
25227,-59.56,85.24,-34.76,1964,0
25237,-59.41,85.52,-37.58,1964,0
25247,-59.28,85.60,-40.35,1964,0
25257,-59.18,85.58,-43.07,1964,0
25267,-59.10,85.48,-45.71,1964,0
25277,-59.04,85.28,-48.24,1964,0
25287,-58.99,85.01,-50.68,1964,0
25297,-58.97,84.69,-53.05,1964,0
25307,-58.97,84.29,-55.37,1964,0
25317,-58.97,83.79,-57.65,1964,0
25327,-58.95,83.20,-59.89,1964,0
25337,-58.95,82.55,-62.08,1964,0
25347,-58.95,81.83,-64.24,1964,0
25357,-58.98,81.09,-66.35,1964,0
25367,-59.00,80.34,-68.43,1964,0
25377,-59.03,79.60,-70.49,1964,0
25387,-59.06,78.87,-72.53,1964,0
25397,-59.09,78.15,-74.57,1964,0
25407,-59.13,77.44,-76.59,1964,0
25441,-59.17,76.71,-78.58,1964,0
25452,-59.17,75.88,-80.55,1964,0
25462,-59.18,75.02,-82.48,1964,0
25472,-59.20,74.15,-84.38,1964,0
25482,-59.20,73.27,-86.24,1964,0
25492,-59.20,72.38,-88.05,1964,0
25502,-59.20,71.46,-89.82,1964,0
25512,-59.20,70.51,-91.54,1964,0
25522,-59.20,69.59,-93.18,1964,0
25532,-59.20,68.67,-94.76,1964,0
25542,-59.20,67.74,-96.30,1964,0
25552,-59.20,66.83,-97.81,1964,0
25562,-59.21,65.91,-99.28,1964,0
25572,-59.24,64.98,-100.74,1964,0
25582,-59.27,64.09,-102.18,1964,0
25592,-59.31,63.23,-103.59,1964,0
25602,-59.34,62.40,-105.00,1964,0
25613,-59.37,61.56,-106.40,1964,0
25623,-59.41,60.68,-107.81,1964,0
25633,-59.45,59.73,-109.22,1964,0
25643,-59.51,58.71,-110.62,1964,0
25653,-59.58,57.59,-112.00,1964,0
25663,-59.65,56.44,-113.37,1964,0
25673,-59.74,55.25,-114.72,1964,0
25683,-59.82,54.10,-116.05,1964,0
25693,-59.91,53.02,-117.37,1964,0
25703,-60.00,51.97,-118.64,1964,0
25713,-60.09,50.95,-119.87,1964,0
25723,-60.18,50.03,-121.07,1964,0
25733,-60.26,49.22,-122.23,1964,0
25743,-60.35,48.49,-123.36,1964,0
25753,-60.44,47.83,-124.50,1964,0
25763,-60.54,47.21,-125.69,1964,0
25773,-60.66,46.61,-119.70,1964,0
25783,-60.78,45.98,-113.89,1964,0
25793,-60.89,45.24,-108.21,1964,0
25803,-60.99,44.38,-109.72,1964,0
25813,-61.06,43.58,-111.19,1964,0
25823,-61.16,42.79,-112.63,1964,0
25833,-61.29,42.03,-106.93,1964,0
25843,-61.40,41.31,-101.41,1964,0
25853,-61.49,40.67,-103.05,1964,0
25863,-61.57,40.11,-104.55,1964,0
25873,-61.65,39.67,-106.06,1964,0
25883,-61.73,39.35,-107.56,1964,0
25893,-61.78,39.21,-108.92,1964,0
25903,-61.83,39.23,-110.05,1964,0
25913,-61.87,39.36,-110.99,1964,0
25955,-61.89,39.59,-111.64,1964,0
25966,-61.91,40.40,-112.25,1964,0
25976,-61.94,41.25,-113.03,1964,0
25986,-61.98,42.05,-113.91,1964,0
25996,-62.04,42.82,-114.89,1964,0
26006,-62.09,43.58,-115.96,1964,0
26016,-62.16,44.31,-117.06,1964,0
26026,-62.25,44.96,-118.18,1964,0
26036,-62.34,45.52,-119.26,1964,0
26046,-62.43,46.05,-120.31,1964,0
26056,-62.54,46.57,-121.37,1964,0
26066,-62.67,47.06,-122.48,1964,0
26076,-62.79,47.50,-123.59,1964,0
26086,-62.91,47.90,-117.52,1964,0
26096,-63.02,48.30,-111.61,1964,0
26106,-63.12,48.67,-105.87,1964,0
26116,-63.20,49.01,-100.28,1964,0
26126,-63.26,49.33,-94.81,1964,0
26136,-63.29,49.65,-89.47,1964,0
26146,-63.31,49.98,-84.26,1964,0
26156,-63.31,50.33,-79.12,1964,0
26166,-63.31,50.70,-74.07,1964,0
26176,-63.31,51.09,-69.17,1964,0
26186,-63.29,51.51,-64.40,1964,0
26196,-63.28,51.97,-59.74,1964,0
26206,-63.26,52.48,-55.15,1964,0
26216,-63.24,53.07,-50.68,1964,0
26226,-63.21,53.73,-46.40,1964,0
26236,-63.18,54.50,-42.24,1964,0
26246,-63.14,55.41,-38.14,1964,0
26256,-63.09,56.48,-34.21,1964,0
26266,-63.03,57.71,-30.41,1964,0
26276,-62.95,59.08,-26.65,1964,0
26286,-62.84,60.59,-22.74,1964,0
26296,-62.68,62.22,-18.67,1964,0
26306,-62.50,63.97,-21.75,1964,0
26316,-62.28,65.79,-17.67,1964,0
26326,-62.02,67.55,-13.64,1964,0
26336,-61.71,69.28,-9.72,1964,0
26346,-61.37,71.00,-5.86,1964,0
26356,-61.03,72.62,-9.26,1964,0
26366,-60.69,74.06,-5.44,1964,0
26376,-60.33,75.30,-1.71,1964,0
26386,-60.00,76.34,-5.25,1964,0
26396,-59.74,77.21,-8.68,1964,0
26406,-59.59,77.94,-12.01,1964,0
26416,-59.53,78.46,-15.22,1964,0
26458,-59.51,78.83,-18.36,1964,0
26469,-59.51,79.36,-21.40,1964,0
26479,-59.49,79.93,-24.41,1964,0
26489,-59.45,80.45,-27.41,1964,0
26499,-59.38,81.05,-30.37,1964,0
26509,-59.36,81.65,-33.25,1964,0
26519,-59.37,82.20,-36.09,1964,0
26529,-59.44,82.60,-38.88,1964,0
26539,-59.54,82.80,-41.61,1964,0
26549,-59.67,82.73,-44.33,1964,0
26559,-59.77,82.47,-47.01,1964,0
26569,-59.81,82.05,-49.64,1964,0
26579,-59.81,81.46,-52.20,1964,0
26589,-59.78,80.71,-54.70,1964,0
26599,-59.74,79.85,-57.16,1964,0
26609,-59.70,78.85,-59.60,1964,0
26619,-59.67,77.73,-62.04,1964,0
26629,-59.64,76.44,-64.51,1964,0
26639,-59.60,74.96,-66.94,1964,0
26649,-59.56,73.37,-69.32,1964,0
26659,-59.52,71.70,-71.65,1964,0
26669,-59.50,70.01,-73.92,1964,0
26679,-59.46,68.41,-76.15,1964,0
26689,-59.44,66.84,-78.35,1964,0
26699,-59.44,65.25,-80.58,1964,0
26709,-59.44,63.63,-82.77,1964,0
26719,-59.44,62.01,-84.89,1964,0
26729,-59.44,60.35,-86.91,1964,0
26739,-59.45,58.69,-88.87,1964,0
26749,-59.49,57.06,-90.82,1964,0
26759,-59.56,55.45,-92.76,1964,0
26769,-59.66,53.79,-87.48,1964,0
26779,-59.80,52.15,-82.32,1964,0
26789,-59.98,50.39,-77.18,1964,0
26799,-60.18,48.46,-79.17,1964,0
26809,-60.40,46.37,-81.04,1964,0
26819,-60.60,44.44,-82.87,1964,0
26829,-60.78,42.95,-84.57,1964,0
26839,-60.96,42.03,-79.53,1964,0
26849,-61.13,41.52,-74.67,1964,0
26859,-61.30,41.28,-69.94,1964,0
26869,-61.42,41.32,-65.23,1964,0
26879,-61.52,41.62,-60.53,1964,0
26889,-61.61,42.09,-63.03,1964,0
26899,-61.71,42.72,-65.47,1964,0
26909,-61.81,43.42,-60.77,1964,0
26919,-61.90,44.08,-63.32,1964,0
26961,-61.98,44.69,-65.78,1964,0
26972,-62.02,45.13,-68.06,1964,0
26982,-62.07,45.53,-70.25,1964,0
26992,-62.11,45.89,-72.36,1964,0
27002,-62.13,46.24,-67.25,1964,0
27012,-62.10,46.58,-62.31,1964,0
27022,-62.03,46.93,-57.50,1964,0
27032,-61.93,47.28,-52.76,1964,0
27042,-61.79,47.71,-48.02,1964,0
27052,-61.64,48.33,-43.40,1964,0
27062,-61.50,49.17,-39.20,1964,0
27072,-61.33,50.14,-35.30,1964,0
27082,-61.09,51.36,-31.32,1964,0
27092,-60.81,52.41,-27.06,1964,0
27102,-60.44,53.24,-29.74,1964,0
27112,-59.97,53.71,-32.28,1964,0
27122,-59.52,53.84,-34.78,1964,0
27132,-59.21,53.64,-37.31,1964,0
27142,-59.13,53.20,-39.80,1964,0
27152,-59.34,52.64,-42.20,1964,0
27162,-59.87,51.97,-44.53,1964,0
27172,-60.57,51.18,-46.91,1964,0
27182,-61.24,50.20,-49.32,1964,0
27192,-61.78,49.12,-44.57,1964,0
27202,-62.17,48.11,-39.94,1964,0
27212,-62.44,47.26,-35.45,1964,0
27222,-62.61,46.60,-31.06,1964,0
27232,-62.72,46.05,-26.75,1964,0
27242,-62.81,45.56,-22.50,1964,0
27252,-62.91,45.07,-18.31,1964,0
27262,-63.03,44.60,-14.19,1964,0
27272,-63.15,44.15,-10.14,1964,0
27282,-63.29,43.74,-6.23,1964,0
27292,-63.43,43.38,-2.37,1964,0
27302,-63.56,43.13,1.36,1964,0
27312,-63.68,42.96,4.97,1964,0
27322,-63.77,42.84,8.52,1964,0
27332,-63.80,42.77,12.03,1964,0
27342,-63.80,42.78,15.50,1964,0
27352,-63.78,42.87,18.90,1964,0
27362,-63.76,43.03,22.23,1964,0
27372,-63.74,43.21,25.51,1964,0
27382,-63.72,43.38,21.54,1964,0
27392,-63.70,43.56,17.65,1964,0
27402,-63.69,43.75,21.00,1964,0
27412,-63.69,43.93,24.29,1964,0
27422,-63.69,44.09,27.52,1964,0
27446,-63.69,44.21,30.62,1945,1
27457,-63.69,44.31,33.74,1945,1
27467,-63.69,44.40,36.78,1945,1
27477,-63.71,44.47,39.76,1945,1
27487,-63.75,44.50,42.67,1945,1
27497,-63.83,44.50,45.51,1945,1
27507,-63.93,44.39,48.23,1945,1
27517,-64.03,44.21,50.92,1945,1
27527,-64.11,44.01,53.61,1945,1
27537,-64.17,43.71,56.23,1945,1
27547,-64.19,43.28,58.93,1945,1
27557,-64.17,42.61,61.60,1945,1
27567,-64.08,41.86,64.07,1945,1
27577,-63.89,41.20,66.39,1945,1
27587,-63.61,40.59,68.84,1945,1
27597,-63.30,40.01,64.36,1945,1
27607,-63.02,39.48,60.14,1945,1
27617,-62.82,38.94,56.26,1945,1
27627,-62.71,38.38,52.82,1945,1
27637,-62.71,37.83,49.64,1945,1
27647,-62.84,37.32,46.55,1945,1
27657,-63.08,36.91,43.51,1945,1
27667,-63.38,36.62,40.48,1945,1
27677,-63.70,36.51,37.37,1945,1
27687,-64.00,36.57,34.17,1945,1
27697,-64.27,36.77,30.72,1945,1
27707,-64.51,37.06,27.63,1945,1
27717,-64.72,37.48,25.32,1945,1
27727,-64.92,37.94,24.38,1945,1
27737,-65.09,38.41,23.91,1945,1
27747,-65.22,38.93,23.56,1945,1
27757,-65.31,39.54,23.09,1945,1
27767,-65.37,40.30,22.45,1945,1
27777,-65.44,41.27,21.62,1945,1
27787,-65.52,42.48,20.33,1945,1
27797,-65.58,43.93,17.04,1945,1
27807,-65.61,45.60,19.36,1945,1
27817,-65.61,47.51,20.65,1945,1
27827,-65.55,49.67,22.07,1945,1
27837,-65.44,52.07,23.30,1945,1
27847,-65.30,54.63,24.62,1945,1
27857,-65.11,57.23,26.50,1945,1
27867,-64.89,59.72,28.74,1945,1
27877,-64.65,62.05,24.01,1945,1
27887,-64.40,64.20,19.48,1945,1
27897,-64.18,66.16,15.03,1945,1
27907,-64.01,67.87,10.72,1945,1
27917,-63.88,69.25,13.73,1945,1
27927,-63.77,70.24,16.77,1945,1
27951,-63.66,70.94,12.62,1934,1
27962,-63.56,71.21,8.74,1934,1
27972,-63.47,71.35,4.99,1934,1
27982,-63.39,71.38,1.31,1934,1
27992,-63.31,71.43,-2.35,1934,1
28002,-63.24,71.54,1.15,1934,1
28012,-63.13,71.69,4.60,1934,1
28022,-62.98,71.85,8.04,1934,1
28032,-62.82,72.04,4.27,1934,1
28042,-62.68,72.21,0.53,1934,1
28052,-62.57,72.39,-3.15,1934,1
28062,-62.49,72.54,-6.73,1934,1
28072,-62.44,72.63,-10.21,1934,1
28082,-62.40,72.68,-13.59,1934,1
28092,-62.38,72.69,-16.87,1934,1
28102,-62.36,72.67,-20.07,1934,1
28112,-62.36,72.59,-23.22,1934,1
28122,-62.40,72.42,-26.33,1934,1
28132,-62.45,72.17,-29.39,1934,1
28142,-62.52,71.89,-32.36,1934,1
28152,-62.58,71.65,-28.16,1934,1
28162,-62.61,71.42,-24.05,1934,1
28172,-62.61,71.16,-20.01,1934,1
28182,-62.60,70.89,-16.03,1934,1
28192,-62.58,70.62,-12.12,1934,1
28202,-62.56,70.37,-15.48,1934,1
28212,-62.54,70.15,-18.75,1934,1
28222,-62.52,69.95,-21.95,1934,1
28232,-62.49,69.78,-25.07,1934,1
28242,-62.47,69.60,-28.13,1934,1
28252,-62.47,69.42,-31.11,1934,1
28262,-62.47,69.20,-33.99,1934,1
28272,-62.49,68.93,-36.82,1934,1
28282,-62.52,68.64,-39.56,1934,1
28292,-62.55,68.34,-42.26,1934,1
28302,-62.61,68.03,-44.88,1934,1
28312,-62.68,67.67,-47.41,1934,1
28322,-62.78,67.21,-49.97,1934,1
28332,-62.88,66.63,-52.43,1934,1
28342,-62.96,66.04,-54.78,1934,1
28352,-63.02,65.49,-57.04,1934,1
28362,-63.07,64.97,-59.23,1934,1
28372,-63.14,64.43,-61.37,1934,1
28382,-63.20,63.81,-63.53,1934,1
28392,-63.25,63.14,-65.67,1934,1
28402,-63.28,62.48,-67.75,1934,1
28412,-63.30,61.87,-69.79,1934,1
28422,-63.30,61.32,-71.85,1934,1
28432,-63.27,60.87,-73.90,1934,1
28455,-63.24,60.53,-75.84,1939,1
28466,-63.27,60.35,-77.68,1939,1
28476,-63.32,60.26,-79.46,1939,1
28486,-63.39,60.25,-81.25,1939,1
28496,-63.45,60.36,-83.06,1939,1
28506,-63.52,60.59,-84.95,1939,1
28516,-63.57,60.91,-79.73,1939,1
28526,-63.62,61.32,-74.63,1939,1
28536,-63.64,61.76,-69.69,1939,1
28546,-63.64,62.24,-64.88,1939,1
28556,-63.62,62.74,-60.21,1939,1
28566,-63.57,63.25,-55.64,1939,1
28576,-63.49,63.76,-51.14,1939,1
28586,-63.39,64.26,-46.70,1939,1
28596,-63.27,64.76,-42.31,1939,1
28606,-63.14,65.23,-38.01,1939,1
28616,-63.01,65.67,-40.96,1939,1
28626,-62.87,66.02,-43.79,1939,1
28636,-62.71,66.29,-46.51,1939,1
28646,-62.54,66.53,-49.15,1939,1
28656,-62.37,66.73,-51.71,1939,1
28666,-62.20,66.89,-54.18,1939,1
28676,-62.03,67.00,-56.62,1939,1
28686,-61.89,67.05,-59.00,1939,1
28696,-61.78,67.06,-61.32,1939,1
28706,-61.71,67.04,-63.55,1939,1
28716,-61.66,66.98,-65.71,1939,1
28726,-61.63,66.87,-67.79,1939,1
28736,-61.62,66.72,-69.78,1939,1
28746,-61.62,66.54,-71.71,1939,1
28756,-61.65,66.36,-73.60,1939,1
28766,-61.71,66.19,-75.46,1939,1
28776,-61.79,66.01,-77.29,1939,1
28786,-61.90,65.84,-79.13,1939,1
28796,-62.01,65.69,-80.96,1939,1
28806,-62.12,65.56,-82.78,1939,1
28816,-62.22,65.46,-84.58,1939,1
28826,-62.32,65.39,-86.38,1939,1
28836,-62.41,65.35,-88.16,1939,1
28846,-62.51,65.34,-89.94,1939,1
28856,-62.61,65.33,-84.51,1939,1
28866,-62.70,65.30,-79.21,1939,1
28876,-62.79,65.25,-74.01,1939,1
28886,-62.85,65.19,-68.90,1939,1
28896,-62.90,65.12,-63.88,1939,1
28906,-62.94,65.05,-66.14,1939,1
28916,-62.99,64.99,-68.35,1939,1
28926,-63.04,64.91,-70.50,1939,1
28936,-63.10,64.84,-72.62,1939,1
28960,-63.16,64.76,-74.67,1942,1
28971,-63.21,64.66,-76.60,1942,1
28981,-63.25,64.58,-78.47,1942,1
28991,-63.31,64.52,-80.30,1942,1
29001,-63.39,64.46,-82.11,1942,1
29011,-63.48,64.37,-83.89,1942,1
29021,-63.57,64.23,-85.64,1942,1
29031,-63.66,64.05,-87.41,1942,1
29041,-63.75,63.76,-89.17,1942,1
29051,-63.79,63.39,-90.94,1942,1
29061,-63.79,63.04,-92.69,1942,1
29071,-63.77,62.77,-94.42,1942,1
29081,-63.74,62.61,-96.12,1942,1
29091,-63.74,62.50,-97.75,1942,1
29101,-63.75,62.39,-99.25,1942,1
29111,-63.80,62.27,-100.72,1942,1
29121,-63.88,62.16,-102.15,1942,1
29131,-63.99,62.07,-103.51,1942,1
29141,-64.11,62.02,-104.85,1942,1
29151,-64.26,62.03,-106.26,1942,1
29161,-64.43,62.08,-100.58,1942,1
29171,-64.61,62.17,-95.16,1942,1
29181,-64.77,62.30,-89.94,1942,1
29191,-64.88,62.45,-84.85,1942,1
29201,-64.93,62.60,-79.81,1942,1
29211,-64.93,62.76,-74.84,1942,1
29221,-64.89,62.95,-69.97,1942,1
29231,-64.83,63.16,-65.21,1942,1
29241,-64.76,63.35,-60.56,1942,1
29251,-64.70,63.52,-55.99,1942,1
29261,-64.63,63.69,-51.49,1942,1
29271,-64.55,63.86,-47.05,1942,1
29281,-64.47,64.05,-42.70,1942,1
29291,-64.37,64.23,-38.45,1942,1
29301,-64.26,64.44,-34.31,1942,1
29311,-64.13,64.64,-30.14,1942,1
29321,-63.98,64.84,-25.96,1942,1
29331,-63.83,65.04,-28.96,1942,1
29341,-63.70,65.21,-31.86,1942,1
29351,-63.60,65.39,-34.65,1942,1
29361,-63.53,65.54,-37.35,1942,1
29371,-63.49,65.69,-39.96,1942,1
29381,-63.49,65.83,-42.52,1942,1
29391,-63.49,65.93,-45.03,1942,1
29401,-63.52,66.00,-47.50,1942,1
29411,-63.57,66.06,-49.89,1942,1
29421,-63.68,66.13,-52.24,1942,1
29431,-63.88,66.19,-54.66,1942,1
29441,-64.19,66.27,-57.17,1942,1
29483,-64.56,66.37,-59.73,1942,0
29494,-64.79,66.39,-55.51,1942,0
29504,-64.94,66.43,-51.37,1942,0
29514,-65.03,66.50,-47.23,1942,0
29524,-65.04,66.50,-43.12,1942,0
29534,-64.98,66.51,-39.12,1942,0
29544,-64.86,66.54,-35.20,1942,0
29554,-64.69,66.55,-31.33,1942,0
29564,-64.50,66.50,-27.44,1942,0
29574,-64.30,66.37,-23.47,1942,0
29584,-64.09,66.18,-19.42,1942,0
29594,-63.87,65.97,-15.39,1942,0
29604,-63.64,65.76,-11.42,1942,0
29614,-63.41,65.60,-7.55,1942,0
29624,-63.16,65.46,-3.77,1942,0
29634,-62.90,65.39,-7.17,1942,0
29644,-62.64,65.37,-10.68,1942,0
29654,-62.40,65.33,-14.21,1942,0
29664,-62.15,65.34,-10.49,1942,0
29674,-61.91,65.40,-13.86,1942,0
29684,-61.71,65.25,-16.99,1942,0
29694,-61.53,65.11,-20.05,1942,0
29704,-61.36,65.14,-23.16,1942,0
29714,-61.18,65.39,-26.29,1942,0
29724,-60.98,65.87,-28.87,1942,0
29734,-60.78,66.29,-31.55,1942,0
29744,-60.62,66.73,-34.33,1942,0
29754,-60.47,67.09,-37.01,1942,0
29764,-60.35,67.37,-39.62,1942,0
29774,-60.27,67.55,-42.22,1942,0
29784,-60.23,67.66,-44.86,1942,0
29794,-60.23,67.72,-47.51,1942,0
29804,-60.23,67.72,-50.19,1942,0
29814,-60.23,67.66,-52.89,1942,0
29824,-60.23,67.58,-55.49,1942,0
29834,-60.27,67.54,-58.07,1942,0
29844,-60.34,67.55,-60.63,1942,0
29854,-60.45,67.51,-63.26,1942,0
29864,-60.58,67.45,-58.75,1942,0
29874,-60.74,67.39,-54.38,1942,0
29884,-60.95,67.37,-50.16,1942,0
29894,-61.23,67.48,-46.10,1942,0
29904,-61.57,67.83,-42.21,1942,0
29914,-61.94,68.45,-38.51,1942,0
29924,-62.31,69.31,-34.90,1942,0
29934,-62.67,70.29,-31.21,1942,0
29944,-63.02,71.28,-27.52,1942,0
29968,-63.35,72.28,-23.85,1961,1
29979,-63.66,73.43,-20.22,1961,1
29989,-63.97,74.62,-16.59,1961,1
29999,-64.29,75.79,-12.95,1961,1
30009,-64.62,76.85,-9.26,1961,1
30019,-64.96,77.85,-5.58,1961,1
30029,-65.30,78.72,-1.89,1961,1
30039,-65.63,79.47,1.80,1961,1
30049,-65.95,80.13,-1.71,1961,1
30059,-66.24,80.59,-5.16,1961,1
30069,-66.43,81.08,-8.61,1961,1
30079,-66.54,81.57,-4.86,1961,1
30089,-66.60,82.03,-1.21,1961,1
30099,-66.62,82.32,2.37,1961,1
30109,-66.58,82.44,5.95,1961,1
30119,-66.49,82.29,9.52,1961,1
30129,-66.35,81.88,13.05,1961,1
30139,-66.18,81.17,16.49,1961,1
30149,-66.00,80.31,19.83,1961,1
30159,-65.81,79.41,23.09,1961,1
30169,-65.59,78.51,26.27,1961,1
30179,-65.36,77.63,29.40,1961,1
30189,-65.13,76.73,32.46,1961,1
30199,-64.91,75.83,35.46,1961,1
30209,-64.70,74.98,38.41,1961,1
30219,-64.51,74.14,41.29,1961,1
30229,-64.33,73.24,44.08,1961,1
30239,-64.15,72.19,46.75,1961,1
30249,-63.96,70.99,49.32,1961,1
30259,-63.77,69.57,51.78,1961,1
30269,-63.60,67.87,54.14,1961,1
30279,-63.47,65.90,56.38,1961,1
30289,-63.35,63.87,51.33,1961,1
30299,-63.24,61.74,46.29,1961,1
30309,-63.11,59.38,48.42,1961,1
30319,-62.94,56.65,50.33,1961,1
30329,-62.73,53.50,52.06,1961,1
30339,-62.53,49.95,53.71,1961,1
30349,-62.36,45.90,55.44,1961,1
30359,-62.22,41.40,57.15,1961,1
30369,-62.19,36.70,58.85,1961,1
30379,-62.37,31.86,53.57,1961,1
30389,-62.71,27.12,48.63,1961,1
30399,-63.05,23.43,44.68,1961,1
30409,-63.26,20.32,43.51,1961,1
30419,-63.31,17.96,42.56,1961,1
30429,-63.23,16.61,42.09,1961,1
30439,-63.01,16.02,42.30,1961,1
30449,-62.77,16.00,42.86,1961,1
30472,-62.63,16.20,44.46,1941,1
30483,-62.59,16.49,46.41,1941,1
30493,-62.54,16.87,48.47,1941,1
30503,-62.54,17.34,50.90,1941,1
30513,-62.62,17.97,52.42,1941,1
30523,-62.76,18.59,52.60,1941,1
30533,-62.92,19.28,52.04,1941,1
30543,-63.12,20.14,51.39,1941,1
30553,-63.35,21.22,50.79,1941,1
30563,-63.60,22.53,50.32,1941,1
30573,-63.86,23.98,49.89,1941,1
30583,-64.12,25.55,49.54,1941,1
30593,-64.38,27.30,49.32,1941,1
30603,-64.62,29.19,49.29,1941,1
30613,-64.83,31.17,49.45,1941,1
30623,-65.00,33.27,49.73,1941,1
30633,-65.14,35.55,50.12,1941,1
30643,-65.27,38.04,50.87,1941,1
30653,-65.40,40.61,52.04,1941,1
30663,-65.53,43.18,53.48,1941,1
30673,-65.66,45.74,55.04,1941,1
30683,-65.74,48.29,56.68,1941,1
30694,-65.77,50.80,58.45,1941,1
30704,-65.75,53.27,60.36,1941,1
30714,-65.70,55.73,62.42,1941,1
30724,-65.65,58.14,64.67,1941,1
30734,-65.62,60.39,67.02,1941,1
30744,-65.61,62.40,69.39,1941,1
30754,-65.57,64.20,71.72,1941,1
30764,-65.51,65.85,73.98,1941,1
30774,-65.41,67.41,76.17,1941,1
30784,-65.31,68.91,78.34,1941,1
30794,-65.22,70.38,80.48,1941,1
30804,-65.18,71.83,82.65,1941,1
30814,-65.18,73.23,84.78,1941,1
30824,-65.18,74.53,86.93,1941,1
30834,-65.18,75.67,89.05,1941,1
30844,-65.18,76.51,91.16,1941,1
30854,-65.14,77.04,93.22,1941,1
30864,-65.07,77.38,95.26,1941,1
30874,-65.00,77.63,97.29,1941,1
30884,-65.00,77.85,99.30,1941,1
30894,-65.06,77.96,101.27,1941,1
30904,-65.18,77.93,103.18,1941,1
30914,-65.30,77.77,105.03,1941,1
30924,-65.39,77.47,106.79,1941,1
30934,-65.47,76.98,108.52,1941,1
30944,-65.54,76.38,110.19,1941,1
30954,-65.62,75.71,111.80,1941,1
30978,-65.69,74.93,113.34,1941,0
30989,-65.74,73.94,114.74,1941,0
30999,-65.77,72.96,116.08,1941,0
31009,-65.79,71.95,117.37,1941,0
31019,-65.81,70.87,118.60,1941,0
31029,-65.81,69.73,119.77,1941,0
31039,-65.81,68.58,120.89,1941,0
31049,-65.81,67.45,121.97,1941,0
31059,-65.81,66.33,123.01,1941,0
31069,-65.83,65.17,124.00,1941,0
31079,-65.85,63.95,124.94,1941,0
31089,-65.90,62.68,125.86,1941,0
31099,-65.95,61.46,126.76,1941,0
31109,-66.02,60.33,127.67,1941,0
31119,-66.11,59.28,128.58,1941,0
31129,-66.21,58.25,129.48,1941,0
31139,-66.33,57.21,130.34,1941,0
31149,-66.47,56.16,131.17,1941,0
31159,-66.65,55.03,131.95,1941,0
31169,-66.87,53.84,132.65,1941,0
31179,-67.14,52.56,133.28,1941,0
31189,-67.44,51.22,133.83,1941,0
31199,-67.77,49.84,134.32,1941,0
31209,-68.11,48.45,134.72,1941,0
31219,-68.43,47.02,135.05,1941,0
31229,-68.73,45.56,135.31,1941,0
31239,-69.02,44.10,135.53,1941,0
31249,-69.29,42.63,135.70,1941,0
31259,-69.56,41.22,135.82,1941,0
31269,-69.84,39.89,135.93,1941,0
31279,-70.13,38.72,136.02,1941,0
31289,-70.45,37.90,136.03,1941,0
31299,-70.78,37.51,135.92,1941,0
31309,-71.11,37.49,135.74,1941,0
31319,-71.43,37.80,135.59,1941,0
31329,-71.73,38.39,135.51,1941,0
31339,-72.01,39.27,135.52,1941,0
31349,-72.26,40.48,135.61,1941,0
31359,-72.47,42.04,135.80,1941,0
31369,-72.67,43.80,136.25,1941,0
31379,-72.86,45.66,136.99,1941,0
31389,-73.05,47.64,137.98,1941,0
31399,-73.18,49.55,139.27,1941,0
31409,-73.28,51.26,140.76,1941,0
31419,-73.34,52.69,142.14,1941,0
31429,-73.34,53.83,143.47,1941,0
31439,-73.28,54.77,144.85,1941,0
31449,-73.17,55.60,146.34,1941,0
31459,-73.02,56.38,147.85,1941,0
31482,-72.84,57.18,149.37,1940,1
31493,-72.69,57.48,150.84,1940,1
31503,-72.57,57.51,145.09,1940,1
31513,-72.48,57.48,139.44,1940,1
31523,-72.43,57.44,133.89,1940,1
31533,-72.43,57.35,128.42,1940,1
31543,-72.48,57.21,123.00,1940,1
31553,-72.55,57.01,117.64,1940,1
31563,-72.62,56.89,112.30,1940,1
31573,-72.67,56.84,114.21,1940,1
31583,-72.71,56.80,116.08,1940,1
31593,-72.75,56.73,110.69,1940,1
31603,-72.76,56.59,105.36,1940,1
31613,-72.76,56.26,100.05,1940,1
31623,-72.73,55.75,94.76,1940,1
31633,-72.69,55.12,89.47,1940,1
31643,-72.63,54.47,84.22,1940,1
31653,-72.55,53.82,79.01,1940,1
31663,-72.47,53.12,73.85,1940,1
31673,-72.37,52.33,68.72,1940,1
31683,-72.25,51.49,63.66,1940,1
31693,-72.11,50.68,58.69,1940,1
31703,-71.97,49.86,53.78,1940,1
31713,-71.81,49.01,48.96,1940,1
31723,-71.64,48.19,44.22,1940,1
31733,-71.45,47.33,39.55,1940,1
31743,-71.27,46.41,34.94,1940,1
31753,-71.08,45.41,30.39,1940,1
31763,-70.89,44.37,25.91,1940,1
31773,-70.72,43.24,21.53,1940,1
31783,-70.58,41.99,17.23,1940,1
31793,-70.48,40.63,12.99,1940,1
31803,-70.42,39.16,8.81,1940,1
31813,-70.37,37.51,4.64,1940,1
31823,-70.32,35.66,0.46,1940,1
31833,-70.26,33.60,-3.76,1940,1
31843,-70.17,31.36,-7.98,1940,1
31853,-70.08,29.12,-12.16,1940,1
31863,-70.00,27.05,-16.25,1940,1
31873,-69.94,25.21,-20.27,1940,1
31883,-69.92,23.36,-24.30,1940,1
31893,-69.94,21.36,-28.34,1940,1
31903,-70.01,19.10,-32.37,1940,1
31913,-70.13,16.69,-29.20,1940,1
31923,-70.28,14.50,-26.17,1940,1
31933,-70.47,12.68,-23.29,1940,1
31943,-70.65,11.36,-20.66,1940,1
31953,-70.83,10.46,-18.21,1940,1
31963,-70.99,9.98,-15.83,1940,1
32005,-71.14,9.99,-13.61,1940,0
32016,-71.25,10.93,-10.66,1940,0
32026,-71.35,12.07,-7.55,1940,0
32036,-71.45,13.38,-4.30,1940,0
32046,-71.56,14.90,-1.02,1940,0
32056,-71.64,16.67,2.30,1940,0
32066,-71.69,18.62,5.77,1940,0
32076,-71.74,20.79,9.57,1940,0
32086,-71.82,22.95,13.82,1940,0
32096,-71.91,24.92,18.30,1940,0
32106,-71.99,26.65,22.82,1940,0
32116,-72.04,28.32,27.36,1940,0
32126,-72.10,29.80,24.58,1940,0
32136,-72.19,31.08,21.75,1940,0
32146,-72.29,32.08,18.92,1940,0
32156,-72.36,32.90,15.98,1940,0
32166,-72.40,33.52,13.00,1940,0
32176,-72.37,34.10,17.18,1940,0
32186,-72.31,34.71,14.03,1940,0
32196,-72.29,35.68,10.96,1940,0
32206,-72.48,36.38,8.10,1940,0
32216,-72.68,36.47,4.98,1940,0
32226,-72.75,36.21,1.56,1940,0
32236,-72.69,35.72,-1.92,1940,0
32246,-72.58,35.03,-5.41,1940,0
32256,-72.47,34.38,-8.88,1940,0
32266,-72.38,33.83,-12.28,1940,0
32276,-72.31,33.37,-15.61,1940,0
32286,-72.26,32.93,-18.86,1940,0
32296,-72.20,32.48,-22.05,1940,0
32306,-72.15,32.04,-25.15,1940,0
32316,-72.12,31.61,-28.20,1940,0
32326,-72.09,31.16,-31.23,1940,0
32336,-72.06,30.64,-34.21,1940,0
32346,-72.02,30.08,-37.14,1940,0
32356,-71.99,29.52,-40.00,1940,0
32366,-71.99,28.91,-42.83,1940,0
32376,-71.99,28.23,-45.59,1940,0
32386,-71.99,27.57,-48.28,1940,0
32396,-72.01,26.91,-50.91,1940,0
32406,-72.04,26.22,-53.50,1940,0
32416,-72.06,25.51,-56.06,1940,0
32426,-72.07,24.74,-58.58,1940,0
32437,-72.07,23.91,-61.08,1940,0
32446,-72.07,22.99,-63.56,1940,0
32457,-72.09,21.93,-66.05,1940,0
32467,-72.12,20.61,-68.58,1940,0
32487,-72.15,19.03,-71.12,1393,1
32498,-72.16,17.30,-73.68,1393,1
32508,-72.18,15.50,-76.23,1393,1
32518,-72.21,13.61,-78.78,1393,1
32528,-72.24,11.68,-81.36,1393,1
32538,-72.26,9.84,-76.72,1393,1
32548,-72.27,8.38,-72.17,1393,1
32558,-72.31,7.28,-67.69,1393,1
32568,-72.36,6.36,-63.26,1393,1
32578,-72.42,5.61,-58.90,1393,1
32588,-72.48,5.11,-54.65,1393,1
32598,-72.53,4.94,-50.44,1393,1
32608,-72.56,5.22,-46.22,1393,1
32618,-72.59,5.90,-42.05,1393,1
32628,-72.62,7.06,-37.80,1393,1
32638,-72.70,8.59,-33.45,1393,1
32648,-72.82,10.15,-29.03,1393,1
32658,-72.99,11.76,-24.48,1393,1
32668,-73.23,13.37,-19.84,1393,1
32678,-73.55,14.89,-15.12,1393,1
32688,-73.94,16.32,-10.36,1393,1
32698,-74.40,17.59,-5.53,1393,1
32708,-74.90,18.59,-0.84,1393,1
32718,-75.39,19.23,-3.58,1393,1
32728,-75.83,19.70,-6.38,1393,1
32738,-76.19,20.09,-9.20,1393,1
32748,-76.49,20.46,-12.01,1393,1
32758,-76.73,20.73,-14.85,1393,1
32768,-76.88,20.88,-17.75,1393,1
32778,-76.93,20.90,-20.71,1393,1
32788,-76.85,20.79,-23.71,1393,1
32798,-76.69,20.66,-26.73,1393,1
32808,-76.49,20.50,-29.73,1393,1
32818,-76.30,20.23,-32.72,1393,1
32828,-76.14,19.80,-35.65,1393,1
32838,-75.98,19.34,-38.52,1393,1
32848,-75.86,18.85,-41.33,1393,1
32858,-75.76,18.33,-44.10,1393,1
32868,-75.69,17.72,-46.85,1393,1
32878,-75.64,16.98,-49.56,1393,1
32888,-75.60,16.15,-52.25,1393,1
32898,-75.60,15.18,-54.92,1393,1
32908,-75.60,14.06,-57.56,1393,1
32918,-75.58,12.76,-60.18,1393,1
32928,-75.51,11.36,-62.75,1393,1
32938,-75.40,9.89,-65.29,1393,1
32948,-75.27,8.38,-67.78,1393,1
32958,-75.14,6.78,-70.20,1393,1
32968,-75.00,5.11,-72.56,1393,1
32988,-74.89,3.43,-74.83,1388,1
32999,-74.86,1.69,-76.98,1388,1
33009,-74.86,-0.09,-79.09,1388,1
33019,-74.90,-1.92,-81.17,1388,1
33029,-74.97,-3.75,-83.21,1388,1
33039,-75.10,-5.57,-85.22,1388,1
33049,-75.26,-7.37,-87.19,1388,1
33059,-75.46,-9.14,-89.13,1388,1
33069,-75.67,-10.87,-91.06,1388,1
33079,-75.88,-12.49,-92.97,1388,1
33089,-76.10,-14.01,-94.89,1388,1
33099,-76.36,-15.45,-96.81,1388,1
33109,-76.64,-16.78,-91.53,1388,1
33119,-76.93,-17.94,-86.36,1388,1
33129,-77.22,-18.91,-81.30,1388,1
33139,-77.52,-19.73,-76.31,1388,1
33149,-77.84,-20.51,-71.42,1388,1
33159,-78.21,-21.24,-66.59,1388,1
33169,-78.61,-21.88,-61.81,1388,1
33179,-79.02,-22.40,-57.11,1388,1
33189,-79.42,-22.79,-52.49,1388,1
33199,-79.80,-23.01,-47.94,1388,1
33209,-80.16,-23.05,-43.46,1388,1
33219,-80.47,-22.79,-39.08,1388,1
33229,-80.76,-22.26,-34.78,1388,1
33239,-81.00,-21.54,-30.59,1388,1
33249,-81.18,-20.65,-26.47,1388,1
33259,-81.29,-19.51,-22.38,1388,1
33269,-81.32,-18.20,-18.32,1388,1
33279,-81.29,-16.65,-14.27,1388,1
33289,-81.20,-14.98,-10.22,1388,1
33299,-81.06,-13.29,-6.20,1388,1
33309,-80.85,-11.66,-2.27,1388,1
33319,-80.57,-9.97,1.63,1388,1
33329,-80.24,-8.21,5.48,1388,1
33339,-79.85,-6.48,2.07,1388,1
33349,-79.41,-4.78,-1.33,1388,1
33359,-78.96,-3.16,-4.71,1388,1
33369,-78.50,-1.75,-8.07,1388,1
33379,-78.06,-0.56,-11.39,1388,1
33389,-77.67,0.45,-14.63,1388,1
33399,-77.33,1.21,-17.79,1388,1
33409,-77.03,1.90,-20.84,1388,1
33419,-76.75,2.58,-23.84,1388,1
33429,-76.48,3.31,-26.76,1388,1
33439,-76.22,4.06,-29.65,1388,1
33449,-75.97,4.82,-32.52,1388,1
33459,-75.73,5.65,-28.19,1388,1
33469,-75.50,6.53,-23.94,1388,1
33490,-75.29,7.36,-19.73,1402,1
33501,-75.12,8.05,-22.78,1402,1
33511,-74.96,8.62,-25.77,1402,1
33521,-74.81,9.14,-28.70,1402,1
33531,-74.67,9.66,-31.57,1402,1
33541,-74.55,10.09,-34.40,1402,1
33551,-74.43,10.38,-37.22,1402,1
33561,-74.33,10.63,-39.98,1402,1
33571,-74.24,10.87,-42.69,1402,1
33581,-74.17,11.02,-45.36,1402,1
33591,-74.11,10.97,-47.98,1402,1
33601,-74.06,10.73,-50.59,1402,1
33611,-74.02,10.33,-53.17,1402,1
33621,-74.00,9.87,-55.69,1402,1
33631,-74.00,9.39,-58.13,1402,1
33641,-74.01,8.83,-60.52,1402,1
33651,-74.03,8.14,-62.86,1402,1
33661,-74.04,7.29,-65.18,1402,1
33671,-74.04,6.25,-67.55,1402,1
33681,-74.02,5.01,-69.96,1402,1
33691,-73.99,3.47,-72.42,1402,1
33701,-73.95,1.53,-74.93,1402,1
33711,-73.89,-0.78,-77.49,1402,1
33721,-73.74,-3.44,-80.07,1402,1
33731,-73.45,-6.35,-82.53,1402,1
33741,-73.03,-9.39,-77.67,1402,1
33751,-72.51,-12.41,-72.86,1402,1
33761,-71.95,-15.08,-68.09,1402,1
33771,-71.40,-17.35,-63.25,1402,1
33781,-70.88,-19.39,-58.27,1402,1
33791,-70.35,-21.43,-53.12,1402,1
33801,-69.78,-23.42,-55.07,1402,1
33811,-69.18,-25.41,-56.92,1402,1
33821,-68.58,-27.28,-58.71,1402,1
33831,-67.99,-28.77,-60.43,1402,1
33841,-67.47,-29.85,-62.12,1402,1
33851,-67.05,-30.47,-63.79,1402,1
33861,-66.76,-30.74,-65.45,1402,1
33871,-66.62,-30.71,-67.09,1402,1
33881,-66.62,-30.37,-68.74,1402,1
33891,-66.76,-29.73,-70.42,1402,1
33901,-66.99,-28.86,-72.13,1402,1
33911,-67.29,-27.81,-73.87,1402,1
33921,-67.60,-26.58,-75.64,1402,1
33931,-67.93,-25.13,-77.46,1402,1
33941,-68.27,-23.47,-79.32,1402,1
33951,-68.58,-21.71,-81.24,1402,1
33961,-68.86,-19.89,-83.24,1402,1
33971,-69.11,-17.99,-85.29,1402,1
33994,-69.33,-16.07,-87.42,1948,1
34005,-69.52,-14.18,-89.63,1948,1
34015,-69.71,-12.48,-91.86,1948,1
34025,-69.92,-10.95,-94.11,1948,1
34035,-70.13,-9.53,-96.36,1948,1
34045,-70.36,-8.16,-98.54,1948,1
34055,-70.58,-6.81,-93.40,1948,1
34065,-70.83,-5.45,-88.23,1948,1
34075,-71.09,-4.18,-83.01,1948,1
34085,-71.36,-3.04,-77.76,1948,1
34095,-71.63,-2.04,-72.48,1948,1
34105,-71.87,-1.18,-67.18,1948,1
34115,-72.06,-0.50,-61.89,1948,1
34125,-72.18,0.02,-56.66,1948,1
34135,-72.26,0.36,-51.53,1948,1
34145,-72.30,0.52,-46.55,1948,1
34155,-72.30,0.55,-41.74,1948,1
34165,-72.30,0.51,-37.09,1948,1
34175,-72.28,0.43,-39.76,1948,1
34185,-72.23,0.30,-42.39,1948,1
34195,-72.17,0.11,-44.97,1948,1
34205,-72.08,-0.11,-47.49,1948,1
34215,-71.97,-0.30,-50.04,1948,1
34225,-71.85,-0.48,-45.41,1948,1
34235,-71.72,-0.73,-40.91,1948,1
34245,-71.57,-1.03,-36.54,1948,1
34255,-71.39,-1.32,-32.27,1948,1
34265,-71.20,-1.53,-28.08,1948,1
34275,-70.99,-1.65,-31.17,1948,1
34285,-70.81,-1.67,-34.20,1948,1
34295,-70.67,-1.61,-37.17,1948,1
34305,-70.58,-1.43,-40.09,1948,1
34315,-70.54,-1.10,-42.95,1948,1
34325,-70.56,-0.64,-45.68,1948,1
34335,-70.61,-0.08,-48.33,1948,1
34345,-70.71,0.52,-50.93,1948,1
34355,-70.83,1.08,-53.49,1948,1
34365,-71.00,1.61,-56.01,1948,1
34375,-71.21,2.13,-58.51,1948,1
34386,-71.45,2.64,-60.98,1948,1
34396,-71.72,3.13,-63.43,1948,1
34406,-72.00,3.57,-58.61,1948,1
34416,-72.26,4.02,-53.86,1948,1
34426,-72.48,4.51,-49.12,1948,1
34436,-72.64,5.02,-44.42,1948,1
34446,-72.74,5.52,-46.97,1948,1
34456,-72.81,6.01,-49.47,1948,1
34466,-72.85,6.51,-51.96,1948,1
34476,-72.88,7.06,-54.48,1948,1
34499,-72.91,7.66,-57.01,1956,1
34510,-72.95,8.54,-59.67,1956,1
34520,-72.99,9.57,-62.39,1956,1
34530,-73.04,10.75,-65.16,1956,1
34540,-73.12,12.14,-68.00,1956,1
34550,-73.23,13.63,-70.92,1956,1
34560,-73.34,15.20,-66.74,1956,1
34570,-73.47,16.67,-62.82,1956,1
34580,-73.65,18.02,-59.21,1956,1
34590,-73.91,19.33,-56.03,1956,1
34600,-74.27,21.04,-53.13,1956,1
34610,-74.77,23.09,-50.31,1956,1
34620,-75.30,25.06,-47.60,1956,1
34630,-75.71,26.57,-44.87,1956,1
34640,-75.97,27.52,-42.00,1956,1
34650,-76.09,28.23,-38.91,1956,1
34660,-76.12,29.03,-35.30,1956,1
34670,-76.07,29.50,-31.37,1956,1
34680,-75.94,29.64,-27.38,1956,1
34690,-75.74,29.66,-23.34,1956,1
34700,-75.53,29.56,-19.10,1956,1
34710,-75.33,29.28,-14.61,1956,1
34720,-75.14,28.88,-10.00,1956,1
34730,-74.97,28.39,-5.44,1956,1
34740,-74.83,27.78,-1.01,1956,1
34750,-74.73,27.08,3.26,1956,1
34760,-74.66,26.33,7.33,1956,1
34770,-74.62,25.53,11.18,1956,1
34780,-74.57,24.68,14.82,1956,1
34790,-74.47,23.71,18.28,1956,1
34800,-74.29,22.56,21.59,1956,1
34810,-73.99,21.27,24.79,1956,1
34820,-73.55,20.02,27.95,1956,1
34830,-73.00,18.74,31.14,1956,1
34840,-72.35,17.35,34.37,1956,1
34850,-71.61,15.73,37.61,1956,1
34860,-70.82,13.81,40.84,1956,1
34870,-69.99,11.80,44.02,1956,1
34880,-69.19,9.86,47.07,1956,1
34890,-68.46,8.00,49.98,1956,1
34900,-67.85,6.26,52.71,1956,1
34910,-67.36,4.83,55.37,1956,1
34920,-67.00,3.68,58.07,1956,1
34930,-66.76,2.79,53.69,1956,1
34940,-66.63,2.22,49.60,1956,1
34950,-66.63,1.75,45.70,1956,1
34960,-66.74,1.35,41.87,1956,1
34970,-66.95,1.12,38.12,1956,1
34980,-67.24,1.14,34.44,1956,1
35004,-67.60,1.43,30.85,1939,1
35015,-68.07,1.97,27.30,1939,1
35025,-68.54,2.59,23.79,1939,1
35035,-68.99,3.24,20.32,1939,1
35045,-69.40,3.92,16.89,1939,1
35055,-69.77,4.62,13.49,1939,1
35065,-70.08,5.38,10.08,1939,1
35075,-70.34,6.18,6.64,1939,1
35085,-70.55,7.03,3.16,1939,1
35095,-70.74,7.92,-0.38,1939,1
35105,-70.91,8.89,-3.96,1939,1
35115,-71.07,9.97,-7.57,1939,1
35125,-71.25,11.08,-11.19,1939,1
35135,-71.45,12.24,-14.80,1939,1
35145,-71.67,13.46,-18.34,1939,1
35155,-71.89,14.59,-21.92,1939,1
35165,-72.11,15.52,-25.56,1939,1
35175,-72.34,16.14,-22.12,1939,1
35185,-72.54,16.57,-18.85,1939,1
35195,-72.72,16.95,-15.70,1939,1
35205,-72.89,17.38,-12.69,1939,1
35215,-73.12,17.80,-9.74,1939,1
35225,-73.43,18.04,-6.84,1939,1
35235,-73.81,17.93,-3.92,1939,1
35245,-74.20,17.52,-0.92,1939,1
35255,-74.55,17.01,2.17,1939,1
35265,-74.84,16.38,5.45,1939,1
35275,-75.05,15.59,8.94,1939,1
35285,-75.19,14.60,12.60,1939,1
35295,-75.23,13.43,16.36,1939,1
35305,-75.17,12.12,20.13,1939,1
35315,-75.01,10.70,23.87,1939,1
35325,-74.75,9.36,27.56,1939,1
35335,-74.47,8.31,31.17,1939,1
35345,-74.22,7.60,34.72,1939,1
35355,-74.02,7.22,31.11,1939,1
35365,-73.88,7.07,27.68,1939,1
35375,-73.83,7.03,24.33,1939,1
35385,-73.89,6.97,21.00,1939,1
35395,-74.10,6.91,17.70,1939,1
35405,-74.48,6.83,14.39,1939,1
35415,-75.00,6.71,11.07,1939,1
35425,-75.69,6.50,7.73,1939,1
35435,-76.55,6.17,4.39,1939,1
35445,-77.60,5.84,1.14,1939,1
35455,-78.87,5.60,-1.99,1939,1
35465,-80.33,5.48,-4.94,1939,1
35475,-81.94,5.50,-7.79,1939,1
35485,-83.65,5.61,-10.65,1939,1
35508,-85.45,5.71,-13.57,1923,1
35519,-87.39,5.78,-16.73,1923,1
35529,-89.36,5.80,-19.91,1923,1
35539,-91.35,5.77,-23.09,1923,1
35549,-93.36,5.91,-26.22,1923,1
35559,-95.41,6.29,-29.24,1923,1
35569,-97.50,6.73,-32.15,1923,1
35579,-99.64,7.13,-27.83,1923,1
35589,-101.81,7.46,-23.67,1923,1
35599,-104.01,7.61,-19.63,1923,1
35609,-106.20,7.71,-15.77,1923,1
35619,-108.29,7.89,-12.14,1923,1
35629,-110.13,7.78,-8.47,1923,1
35639,-111.61,7.66,-4.82,1923,1
35649,-112.76,7.60,-1.16,1923,1
35659,-113.66,7.60,2.57,1923,1
35669,-114.44,7.67,6.38,1923,1
35679,-115.17,7.89,10.34,1923,1
35689,-115.93,8.64,7.36,1923,1
35699,-116.82,9.59,4.54,1923,1
35709,-117.82,10.40,1.68,1923,1
35719,-118.89,10.99,-1.35,1923,1
35729,-120.00,11.47,-4.53,1923,1
35739,-121.10,11.90,-7.81,1923,1
35749,-122.12,12.28,-3.91,1923,1
35759,-123.01,12.63,-0.10,1923,1
35769,-123.76,12.96,3.68,1923,1
35779,-124.34,13.28,7.41,1923,1
35789,-124.78,13.63,11.03,1923,1
35799,-125.10,14.03,14.53,1923,1
35809,-125.34,14.41,17.90,1923,1
35819,-125.49,14.69,21.15,1923,1
35829,-125.52,14.85,24.30,1923,1
35839,-125.41,14.89,27.36,1923,1
35849,-125.18,14.95,30.36,1923,1
35859,-124.88,14.94,33.31,1923,1
35869,-124.52,14.82,36.13,1923,1
35879,-124.12,14.56,38.79,1923,1
35889,-123.67,14.14,41.22,1923,1
35899,-123.14,13.51,43.46,1923,1
35909,-122.48,12.68,45.53,1923,1
35919,-121.65,11.70,47.48,1923,1
35929,-120.63,10.69,49.44,1923,1
35939,-119.46,9.69,51.42,1923,1
35949,-118.23,8.59,53.43,1923,1
35959,-116.97,7.33,48.37,1923,1
35969,-115.76,6.12,43.51,1923,1
35979,-114.65,4.78,38.92,1923,1
35989,-113.62,3.61,34.55,1923,1
36005,-112.68,2.60,37.49,644,1
36016,-111.93,1.74,40.57,644,1
36026,-111.27,0.89,43.66,644,1
36036,-110.68,0.09,39.50,644,1
36046,-110.15,-0.75,42.55,644,1
36056,-109.64,-1.66,45.46,644,1
36066,-109.13,-2.44,41.08,644,1
36076,-108.65,-2.95,36.83,644,1
36086,-108.24,-3.31,32.70,644,1
36096,-107.91,-3.76,28.66,644,1
36106,-107.61,-4.26,24.73,644,1
36116,-107.32,-4.87,20.78,644,1
36126,-107.04,-5.67,16.81,644,1
36136,-106.76,-6.49,20.03,644,1
36146,-106.48,-7.24,23.21,644,1
36156,-106.24,-7.75,26.37,644,1
36166,-106.07,-8.00,29.56,644,1
36176,-105.97,-7.97,32.82,644,1
36186,-105.97,-7.86,36.14,644,1
36196,-106.07,-7.79,39.40,644,1
36206,-106.23,-7.77,42.58,644,1
36216,-106.42,-7.74,38.51,644,1
36226,-106.60,-7.68,34.52,644,1
36236,-106.77,-7.61,30.64,644,1
36246,-106.95,-7.47,26.88,644,1
36256,-107.18,-7.31,23.29,644,1
36266,-107.44,-7.09,19.86,644,1
36276,-107.74,-6.77,16.59,644,1
36286,-108.10,-6.42,13.42,644,1
36296,-108.51,-6.05,10.29,644,1
36306,-108.97,-5.66,7.18,644,1
36316,-109.45,-5.24,4.06,644,1
36326,-109.91,-4.75,0.94,644,1
36336,-110.37,-4.16,-2.20,644,1
36346,-110.78,-3.44,-5.37,644,1
36356,-111.13,-2.52,-8.56,644,1
36366,-111.43,-1.45,-11.80,644,1
36376,-111.66,-0.29,-7.91,644,1
36386,-111.80,0.99,-4.25,644,1
36396,-111.86,2.45,-0.75,644,1
36406,-111.84,4.13,2.62,644,1
36416,-111.77,5.97,-1.29,644,1
36426,-111.68,7.95,-5.15,644,1
36436,-111.59,10.04,-8.99,644,1
36446,-111.51,12.17,-12.77,644,1
36456,-111.42,14.37,-16.53,644,1
36466,-111.32,16.62,-13.05,644,1
36476,-111.22,18.90,-9.65,644,1
36486,-111.10,21.13,-6.29,644,1
36496,-110.97,23.19,-2.97,644,1
36514,-110.78,25.14,0.27,907,1
36525,-110.47,26.88,3.44,907,1
36535,-110.12,28.37,6.46,907,1
36545,-109.72,29.66,9.30,907,1
36555,-109.30,30.77,11.96,907,1
36565,-108.85,31.76,14.50,907,1
36575,-108.41,32.65,17.03,907,1
36585,-107.98,33.45,19.65,907,1
36595,-107.58,34.11,22.44,907,1
36605,-107.18,34.59,25.37,907,1
36615,-106.78,34.88,28.38,907,1
36625,-106.38,35.00,31.43,907,1
36635,-106.00,34.92,34.42,907,1
36645,-105.67,34.68,37.37,907,1
36655,-105.40,34.32,40.30,907,1
36665,-105.21,33.88,43.21,907,1
36675,-105.11,33.31,46.07,907,1
36685,-105.04,32.60,48.84,907,1
36695,-104.99,31.76,51.50,907,1
36705,-104.92,30.80,54.08,907,1
36715,-104.83,29.75,56.59,907,1
36725,-104.72,28.64,59.06,907,1
36735,-104.55,27.43,61.47,907,1
36745,-104.32,26.07,63.79,907,1
36755,-104.03,24.58,66.02,907,1
36765,-103.69,22.97,68.23,907,1
36775,-103.33,21.26,70.44,907,1
36785,-102.98,19.44,72.64,907,1
36795,-102.64,17.52,74.81,907,1
36805,-102.33,15.52,76.96,907,1
36815,-102.05,13.47,79.10,907,1
36825,-101.80,11.42,81.23,907,1
36835,-101.57,9.45,83.39,907,1
36845,-101.39,7.53,78.38,907,1
36855,-101.26,5.59,73.49,907,1
36865,-101.18,3.55,68.67,907,1
36875,-101.18,1.51,71.13,907,1
36885,-101.21,-0.56,73.60,907,1
36895,-101.28,-2.53,76.12,907,1
36905,-101.40,-4.30,78.69,907,1
36915,-101.60,-5.81,81.32,907,1
36925,-101.85,-7.19,83.99,907,1
36935,-102.14,-8.49,86.65,907,1
36945,-102.46,-9.72,82.08,907,1
36955,-102.80,-10.92,77.59,907,1
36965,-103.13,-11.93,73.20,907,1
36975,-103.43,-12.87,68.90,907,1
36985,-103.69,-13.71,64.66,907,1
36995,-103.92,-14.46,60.46,907,1
37005,-104.13,-15.04,56.34,907,1
37023,-104.33,-15.38,52.35,941,1
37034,-104.53,-15.42,48.56,941,1
37044,-104.74,-15.31,44.89,941,1
37054,-104.98,-15.05,41.33,941,1
37064,-105.25,-14.59,37.85,941,1
37074,-105.53,-13.98,34.44,941,1
37084,-105.84,-13.25,31.05,941,1
37094,-106.16,-12.42,27.68,941,1
37104,-106.50,-11.45,24.31,941,1
37114,-106.82,-10.34,20.91,941,1
37124,-107.14,-9.10,17.46,941,1
37134,-107.45,-7.71,13.95,941,1
37144,-107.75,-6.18,10.38,941,1
37154,-108.05,-4.57,6.73,941,1
37164,-108.38,-2.91,3.05,941,1
37174,-108.74,-1.20,-0.70,941,1
37184,-109.15,0.57,-4.50,941,1
37194,-109.64,2.40,-8.32,941,1
37204,-110.20,4.28,-12.10,941,1
37214,-110.84,6.20,-15.82,941,1
37224,-111.55,8.17,-19.45,941,1
37234,-112.31,10.18,-22.97,941,1
37244,-113.13,12.14,-26.37,941,1
37254,-113.95,13.99,-22.51,941,1
37264,-114.75,15.66,-18.75,941,1
37274,-115.48,17.19,-15.07,941,1
37284,-116.10,18.60,-11.50,941,1
37294,-116.62,19.90,-8.09,941,1
37304,-117.04,21.10,-4.84,941,1
37314,-117.40,22.26,-1.71,941,1
37324,-117.71,23.43,1.35,941,1
37334,-118.01,24.58,4.33,941,1
37344,-118.32,25.71,7.28,941,1
37354,-118.64,26.80,10.21,941,1
37364,-118.95,27.80,13.12,941,1
37374,-119.22,28.67,15.97,941,1
37384,-119.38,29.39,18.74,941,1
37394,-119.42,30.01,21.42,941,1
37404,-119.35,30.58,24.07,941,1
37414,-119.20,31.05,26.68,941,1
37424,-118.99,31.42,29.26,941,1
37434,-118.74,31.72,31.83,941,1
37444,-118.46,31.94,34.41,941,1
37454,-118.18,32.08,37.01,941,1
37464,-117.91,32.17,39.63,941,1
37474,-117.68,32.17,42.22,941,1
37484,-117.46,32.07,44.74,941,1
37494,-117.23,31.82,47.16,941,1
37504,-116.94,31.40,49.48,941,1
37514,-116.56,30.80,51.67,941,1
37556,-116.08,30.01,53.78,941,0
37567,-115.35,28.49,56.11,941,0
37577,-114.65,26.86,58.48,941,0
37587,-114.02,25.26,60.86,941,0
37597,-113.44,23.51,63.27,941,0
37607,-112.94,21.71,65.71,941,0
37617,-112.54,19.93,60.93,941,0
37627,-112.22,18.15,56.30,941,0
37637,-112.03,16.36,51.77,941,0
37647,-111.96,14.50,47.38,941,0
37657,-112.04,12.62,43.13,941,0
37667,-112.27,10.70,38.99,941,0
37677,-112.70,8.72,34.97,941,0
37687,-113.32,6.69,31.08,941,0
37697,-114.13,4.68,34.51,941,0
37707,-115.10,2.75,37.90,941,0
37717,-116.20,0.92,41.23,941,0
37727,-117.37,-0.85,44.49,941,0
37737,-118.59,-2.52,47.59,941,0
37747,-119.84,-4.03,50.48,941,0
37757,-121.09,-5.37,53.13,941,0
37767,-122.32,-6.51,55.51,941,0
37777,-123.50,-7.46,57.70,941,0
37787,-124.59,-8.24,59.77,941,0
37797,-125.55,-8.92,61.77,941,0
37807,-126.38,-9.50,63.71,941,0
37817,-127.08,-9.98,65.55,941,0
37827,-127.69,-10.34,67.30,941,0
37837,-128.23,-10.51,68.95,941,0
37847,-128.75,-10.49,70.60,941,0
37857,-129.24,-10.34,72.26,941,0
37867,-129.72,-10.01,73.90,941,0
37877,-130.18,-9.53,75.50,941,0
37887,-130.59,-8.90,77.05,941,0
37897,-130.93,-8.09,78.54,941,0
37907,-131.18,-7.05,79.98,941,0
37917,-131.33,-5.78,81.42,941,0
37927,-131.36,-4.31,82.92,941,0
37937,-131.29,-2.70,84.49,941,0
37947,-131.11,-0.92,86.10,941,0
37957,-130.84,0.92,87.77,941,0
37967,-130.48,2.77,89.51,941,0
37977,-130.04,4.55,91.30,941,0
37987,-129.52,6.23,93.05,941,0
37997,-128.97,7.78,94.69,941,0
38007,-128.43,9.19,96.21,941,0
38017,-127.92,10.43,97.64,941,0
38030,-127.47,11.48,99.02,138,1
38041,-127.13,12.29,100.41,138,1
38051,-126.87,12.87,101.84,138,1
38061,-126.69,13.28,103.27,138,1
38071,-126.58,13.50,104.69,138,1
38081,-126.52,13.53,106.09,138,1
38091,-126.51,13.42,107.45,138,1
38101,-126.52,13.17,108.78,138,1
38111,-126.52,12.81,110.07,138,1
38121,-126.52,12.38,111.32,138,1
38131,-126.49,11.88,112.56,138,1
38141,-126.44,11.32,113.75,138,1
38151,-126.37,10.72,114.88,138,1
38161,-126.30,10.07,115.94,138,1
38171,-126.25,9.38,116.93,138,1
38181,-126.22,8.63,117.87,138,1
38191,-126.24,7.83,118.79,138,1
38201,-126.31,7.00,119.68,138,1
38211,-126.42,6.20,120.56,138,1
38221,-126.58,5.46,121.49,138,1
38231,-126.76,4.81,122.47,138,1
38241,-126.97,4.20,123.50,138,1
38251,-127.18,3.65,124.55,138,1
38261,-127.38,3.24,125.57,138,1
38271,-127.55,2.97,126.52,138,1
38281,-127.69,2.91,127.39,138,1
38291,-127.80,2.98,128.17,138,1
38301,-127.84,3.25,128.86,138,1
38311,-127.81,3.78,129.46,138,1
38321,-127.71,4.57,130.00,138,1
38331,-127.55,5.63,130.46,138,1
38341,-127.32,7.00,130.88,138,1
38351,-127.01,8.62,131.28,138,1
38361,-126.64,10.47,131.64,138,1
38371,-126.21,12.45,131.94,138,1
38381,-125.73,14.54,132.18,138,1
38391,-125.22,16.70,132.36,138,1
38401,-124.69,18.89,132.52,138,1
38411,-124.16,21.01,132.68,138,1
38421,-123.65,23.02,132.84,138,1
38431,-123.15,24.90,133.01,138,1
38441,-122.66,26.62,133.18,138,1
38451,-122.17,28.19,133.34,138,1
38461,-121.67,29.62,133.52,138,1
38471,-121.15,30.85,133.69,138,1
38481,-120.58,31.86,133.85,138,1
38491,-119.95,32.63,134.02,138,1
38501,-119.23,33.14,134.19,138,1
38511,-118.42,33.38,134.38,138,1
38521,-117.53,33.30,134.58,138,1
38538,-116.55,32.90,134.80,698,1
38549,-115.46,31.98,135.16,698,1
38559,-114.34,30.80,135.66,698,1
38569,-113.23,29.38,136.29,698,1
38579,-112.11,27.80,137.01,698,1
38589,-110.96,26.14,137.82,698,1
38599,-109.77,24.38,138.73,698,1
38609,-108.52,22.60,139.72,698,1
38619,-107.19,20.84,140.81,698,1
38629,-105.80,19.16,141.96,698,1
38639,-104.39,17.59,143.07,698,1
38649,-103.00,16.14,144.16,698,1
38659,-101.67,14.90,145.22,698,1
38669,-100.46,13.90,146.28,698,1
38679,-99.39,13.04,147.41,698,1
38689,-98.48,12.33,148.65,698,1
38699,-97.75,11.66,142.79,698,1
38709,-97.19,11.02,137.14,698,1
38719,-96.80,10.38,131.70,698,1
38729,-96.54,9.70,126.43,698,1
38739,-96.40,8.97,121.31,698,1
38749,-96.36,8.28,116.40,698,1
38759,-96.39,7.57,111.71,698,1
38769,-96.48,6.93,107.22,698,1
38779,-96.63,6.36,102.91,698,1
38789,-96.84,5.85,98.74,698,1
38799,-97.10,5.47,94.63,698,1
38809,-97.44,5.22,90.57,698,1
38819,-97.83,5.09,86.52,698,1
38829,-98.27,5.10,82.48,698,1
38839,-98.74,5.20,78.44,698,1
38849,-99.22,5.43,74.38,698,1
38859,-99.69,5.82,70.32,698,1
38869,-100.15,6.36,66.26,698,1
38879,-100.58,7.04,62.21,698,1
38889,-100.98,7.89,58.16,698,1
38899,-101.34,8.92,54.12,698,1
38909,-101.69,10.16,50.06,698,1
38919,-102.01,11.66,45.97,698,1
38929,-102.33,13.48,41.93,698,1
38939,-102.64,15.57,37.94,698,1
38949,-102.96,17.75,33.98,698,1
38959,-103.27,19.91,30.02,698,1
38969,-103.57,22.03,26.05,698,1
38979,-103.86,24.11,22.07,698,1
38989,-104.16,26.08,17.99,698,1
38999,-104.46,27.87,13.74,698,1
39009,-104.70,29.50,9.32,698,1
39019,-104.85,30.99,11.92,698,1
39029,-104.87,32.34,14.27,698,1
39071,-104.76,33.54,16.44,698,0
39082,-104.04,34.13,18.78,698,0
39092,-103.21,34.50,21.16,698,0
39102,-102.27,34.61,23.56,698,0
39112,-101.24,34.46,25.97,698,0
39122,-100.13,34.07,28.39,698,0
39132,-98.97,33.48,30.85,698,0
39142,-97.80,32.72,33.41,698,0
39152,-96.65,31.77,36.04,698,0
39162,-95.56,30.65,38.71,698,0
39172,-94.54,29.33,41.43,698,0
39182,-93.61,27.74,44.21,698,0
39192,-92.78,25.91,47.08,698,0
39202,-92.08,23.88,50.08,698,0
39212,-91.52,21.74,46.03,698,0
39222,-91.16,19.53,42.27,698,0
39232,-91.01,17.30,38.77,698,0
39242,-91.09,15.09,35.54,698,0
39252,-91.40,13.02,32.56,698,0
39262,-91.92,11.12,29.78,698,0
39272,-92.63,9.41,27.17,698,0
39282,-93.49,7.83,24.63,698,0
39292,-94.46,6.35,22.12,698,0
39302,-95.49,4.92,19.60,698,0
39312,-96.54,3.55,17.07,698,0
39322,-97.57,2.33,14.48,698,0
39332,-98.59,1.29,11.88,698,0
39342,-99.56,0.36,9.28,698,0
39352,-100.48,-0.42,6.65,698,0
39362,-101.35,-0.98,4.01,698,0
39372,-102.19,-1.38,1.42,698,0
39382,-102.99,-1.62,-1.13,698,0
39392,-103.74,-1.72,-3.68,698,0
39402,-104.43,-1.70,-6.22,698,0
39412,-105.05,-1.52,-8.79,698,0
39422,-105.60,-1.20,-11.41,698,0
39432,-106.08,-0.72,-14.07,698,0
39442,-106.49,-0.07,-16.83,698,0
39452,-106.82,0.72,-19.68,698,0
39462,-107.09,1.65,-22.62,698,0
39472,-107.28,2.68,-25.61,698,0
39482,-107.41,3.86,-28.61,698,0
39492,-107.49,5.16,-31.58,698,0
39502,-107.52,6.55,-34.50,698,0
39512,-107.55,7.97,-37.37,698,0
39522,-107.58,9.44,-40.17,698,0
39532,-107.62,10.95,-42.90,698,0
39548,-107.68,12.52,-45.58,611,1
39559,-107.72,14.15,-48.32,611,1
39569,-107.72,15.80,-51.13,611,1
39579,-107.64,17.46,-54.05,611,1
39589,-107.47,19.11,-57.05,611,1
39599,-107.21,20.75,-60.11,611,1
39609,-106.86,22.41,-63.24,611,1
39619,-106.42,24.09,-66.41,611,1
39629,-105.92,25.80,-69.60,611,1
39639,-105.36,27.49,-72.80,611,1
39649,-104.77,29.11,-76.03,611,1
39659,-104.16,30.65,-72.06,611,1
39669,-103.53,32.07,-68.23,611,1
39679,-102.90,33.32,-64.53,611,1
39689,-102.29,34.39,-60.92,611,1
39699,-101.69,35.27,-57.39,611,1
39709,-101.12,35.97,-53.93,611,1
39719,-100.57,36.52,-50.52,611,1
39729,-100.05,36.94,-47.09,611,1
39739,-99.56,37.19,-43.65,611,1
39749,-99.07,37.30,-40.25,611,1
39759,-98.60,37.23,-36.85,611,1
39769,-98.14,36.99,-33.46,611,1
39779,-97.69,36.58,-30.03,611,1
39789,-97.25,35.99,-26.51,611,1
39799,-96.82,35.17,-22.91,611,1
39809,-96.43,34.16,-19.23,611,1
39819,-96.08,32.98,-15.48,611,1
39829,-95.78,31.64,-11.64,611,1
39839,-95.54,30.15,-7.74,611,1
39849,-95.35,28.51,-3.81,611,1
39859,-95.21,26.72,0.10,611,1
39869,-95.11,24.77,3.96,611,1
39879,-95.02,22.70,7.78,611,1
39889,-94.95,20.58,11.58,611,1
39899,-94.87,18.42,15.36,611,1
39909,-94.78,16.24,19.11,611,1
39919,-94.68,14.08,22.83,611,1
39929,-94.58,11.93,26.54,611,1
39939,-94.47,9.79,30.23,611,1
39949,-94.38,7.67,33.92,611,1
39959,-94.32,5.61,37.64,611,1
39969,-94.29,3.65,41.35,611,1
39979,-94.29,1.76,45.04,611,1
39989,-94.28,-0.00,48.67,611,1
39999,-94.24,-1.70,52.19,611,1
40009,-94.17,-3.34,48.38,611,1
40019,-94.06,-4.90,44.57,611,1
40029,-93.94,-6.30,40.81,611,1
40039,-93.81,-7.50,37.13,611,1
40062,-93.68,-8.43,33.53,1949,1
40073,-93.59,-9.00,30.05,1949,1
40083,-93.49,-9.47,26.61,1949,1
40093,-93.37,-9.87,23.22,1949,1
40103,-93.21,-10.17,19.84,1949,1
40113,-93.02,-10.35,16.47,1949,1
40123,-92.79,-10.39,13.19,1949,1
40133,-92.54,-10.30,9.99,1949,1
40143,-92.29,-9.98,6.94,1949,1
40153,-92.02,-9.42,3.98,1949,1
40163,-91.77,-8.70,1.01,1949,1
40173,-91.57,-7.80,-2.00,1949,1
40183,-91.44,-6.76,-5.09,1949,1
40193,-91.40,-5.65,-8.27,1949,1
40203,-91.47,-4.48,-11.56,1949,1
40213,-91.66,-3.22,-14.96,1949,1
40223,-91.96,-1.91,-18.42,1949,1
40233,-92.35,-0.55,-21.91,1949,1
40243,-92.82,0.86,-25.40,1949,1
40253,-93.36,2.33,-28.85,1949,1
40263,-93.94,3.85,-32.23,1949,1
40273,-94.57,5.43,-35.57,1949,1
40283,-95.23,7.01,-38.85,1949,1
40293,-95.93,8.55,-42.08,1949,1
40303,-96.65,10.07,-45.30,1949,1
40313,-97.40,11.56,-48.47,1949,1
40323,-98.18,12.95,-51.62,1949,1
40333,-98.98,14.26,-54.75,1949,1
40343,-99.81,15.44,-50.64,1949,1
40353,-100.64,16.56,-46.64,1949,1
40363,-101.48,17.59,-42.72,1949,1
40373,-102.30,18.51,-38.89,1949,1
40383,-103.09,19.34,-35.11,1949,1
40393,-103.86,20.11,-31.39,1949,1
40403,-104.62,20.79,-27.76,1949,1
40413,-105.40,21.36,-24.19,1949,1
40423,-106.19,21.81,-20.70,1949,1
40433,-107.01,22.11,-17.26,1949,1
40443,-107.86,22.31,-13.86,1949,1
40453,-108.70,22.36,-10.50,1949,1
40463,-109.55,22.30,-7.18,1949,1
40473,-110.36,22.09,-3.92,1949,1
40483,-111.09,21.64,-0.75,1949,1
40493,-111.68,21.00,2.32,1949,1
40503,-112.09,20.19,5.34,1949,1
40513,-112.30,19.13,8.27,1949,1
40523,-112.29,18.01,11.17,1949,1
40533,-112.03,17.06,14.11,1949,1
40543,-111.52,16.28,17.15,1949,1
40560,-110.79,15.50,20.22,694,1
40571,-109.81,14.52,23.33,694,1
40581,-108.75,13.50,26.44,694,1
40591,-107.61,12.50,29.57,694,1
40601,-106.45,11.54,32.74,694,1
40611,-105.31,10.56,35.94,694,1
40621,-104.17,9.45,39.18,694,1
40631,-103.00,8.28,42.41,694,1
40641,-101.82,7.10,45.65,694,1
40651,-100.68,6.06,48.91,694,1
40661,-99.60,5.11,45.00,694,1
40671,-98.59,4.21,41.27,694,1
40681,-97.64,3.34,37.69,694,1
40691,-96.77,2.53,34.26,694,1
40701,-96.02,1.71,30.98,694,1
40711,-95.38,0.95,27.83,694,1
40721,-94.86,0.17,24.81,694,1
40731,-94.45,-0.64,21.89,694,1
40741,-94.19,-1.42,19.04,694,1
40751,-94.07,-2.18,16.26,694,1
40761,-94.11,-2.78,13.55,694,1
40771,-94.32,-3.18,10.94,694,1
40781,-94.69,-3.42,8.40,694,1
40791,-95.19,-3.57,5.88,694,1
40801,-95.81,-3.67,3.32,694,1
40811,-96.52,-3.71,0.72,694,1
40821,-97.32,-3.60,-1.93,694,1
40831,-98.20,-3.26,-4.60,694,1
40841,-99.18,-2.73,-7.40,694,1
40851,-100.23,-2.06,-10.29,694,1
40861,-101.36,-1.23,-13.28,694,1
40871,-102.55,-0.21,-16.35,694,1
40881,-103.81,1.00,-19.53,694,1
40891,-105.13,2.28,-22.78,694,1
40901,-106.46,3.58,-26.10,694,1
40911,-107.79,4.91,-29.44,694,1
40921,-109.10,6.28,-32.77,694,1
40931,-110.36,7.63,-36.05,694,1
40941,-111.57,8.99,-39.25,694,1
40951,-112.70,10.33,-35.17,694,1
40961,-113.74,11.64,-31.12,694,1
40971,-114.72,12.91,-27.10,694,1
40981,-115.64,14.13,-23.10,694,1
40991,-116.53,15.27,-19.12,694,1
41001,-117.41,16.35,-15.16,694,1
41011,-118.28,17.44,-11.26,694,1
41021,-119.16,18.49,-7.48,694,1
41031,-120.03,19.44,-3.90,694,1
41041,-120.87,20.20,-0.56,694,1
41051,-121.62,20.85,2.56,694,1
41067,-122.26,21.42,5.53,665,1
41078,-122.67,21.87,8.35,665,1
41088,-122.95,22.20,11.07,665,1
41098,-123.12,22.38,13.72,665,1
41108,-123.22,22.47,16.32,665,1
41118,-123.26,22.45,18.89,665,1
41128,-123.23,22.36,21.44,665,1
41138,-123.14,22.17,23.96,665,1
41148,-122.97,21.83,26.47,665,1
41158,-122.70,21.29,28.95,665,1
41168,-122.29,20.59,31.39,665,1
41178,-121.74,19.73,33.76,665,1
41188,-121.03,18.73,36.06,665,1
41198,-120.18,17.60,38.31,665,1
41208,-119.17,16.38,40.55,665,1
41218,-118.03,15.14,42.77,665,1
41228,-116.77,13.88,44.97,665,1
41238,-115.39,12.65,47.16,665,1
41248,-113.90,11.52,49.33,665,1
41258,-112.30,10.51,51.53,665,1
41268,-110.58,9.60,53.84,665,1
41278,-108.79,8.87,56.26,665,1
41288,-106.94,8.24,58.86,665,1
41298,-105.09,7.69,61.58,665,1
41308,-103.28,7.12,57.14,665,1
41318,-101.51,6.48,52.83,665,1
41328,-99.81,5.79,48.61,665,1
41338,-98.21,5.06,44.50,665,1
41348,-96.76,4.32,40.51,665,1
41358,-95.49,3.65,36.68,665,1
41368,-94.42,3.13,33.04,665,1
41378,-93.57,2.80,29.64,665,1
41388,-92.93,2.65,26.48,665,1
41398,-92.51,2.62,23.51,665,1
41408,-92.34,2.68,20.68,665,1
41418,-92.39,2.87,17.96,665,1
41428,-92.64,3.19,15.27,665,1
41438,-93.09,3.66,12.56,665,1
41448,-93.71,4.24,9.74,665,1
41458,-94.46,4.98,6.84,665,1
41468,-95.32,5.77,3.80,665,1
41478,-96.24,6.65,0.61,665,1
41488,-97.22,7.71,-2.72,665,1
41498,-98.21,8.91,-6.17,665,1
41508,-99.18,10.18,-9.71,665,1
41518,-100.11,11.55,-13.35,665,1
41528,-100.98,12.96,-9.85,665,1
41538,-101.78,14.39,-6.47,665,1
41548,-102.50,15.85,-3.20,665,1
41558,-103.13,17.32,0.03,665,1
41582,-103.69,18.82,3.24,1961,1
41593,-104.18,20.43,6.57,1961,1
41603,-104.68,22.00,9.93,1961,1
41613,-105.19,23.49,13.31,1961,1
41623,-105.69,24.89,16.67,1961,1
41633,-106.16,26.20,19.94,1961,1
41643,-106.59,27.41,23.09,1961,1
41653,-106.95,28.54,26.07,1961,1
41663,-107.21,29.59,28.87,1961,1
41673,-107.37,30.53,31.54,1961,1
41683,-107.41,31.37,34.08,1961,1
41693,-107.35,32.16,36.53,1961,1
41703,-107.20,32.86,38.93,1961,1
41713,-106.98,33.46,41.29,1961,1
41723,-106.70,33.96,43.62,1961,1
41733,-106.39,34.37,45.92,1961,1
41743,-106.06,34.68,48.20,1961,1
41753,-105.71,34.87,50.49,1961,1
41763,-105.34,34.95,52.78,1961,1
41773,-104.93,34.91,55.07,1961,1
41783,-104.49,34.72,57.35,1961,1
41793,-103.99,34.37,59.60,1961,1
41803,-103.45,33.85,61.81,1961,1
41813,-102.84,33.16,63.99,1961,1
41823,-102.16,32.32,66.18,1961,1
41833,-101.42,31.34,68.39,1961,1
41843,-100.62,30.22,70.66,1961,1
41853,-99.79,28.96,72.98,1961,1
41863,-98.94,27.59,75.31,1961,1
41873,-98.07,26.09,77.62,1961,1
41883,-97.18,24.45,79.87,1961,1
41893,-96.25,22.67,82.07,1961,1
41903,-95.28,20.79,84.25,1961,1
41913,-94.27,18.84,86.44,1961,1
41923,-93.27,16.85,88.64,1961,1
41933,-92.30,14.88,83.70,1961,1
41943,-91.41,12.96,78.98,1961,1
41953,-90.62,11.16,74.51,1961,1
41963,-89.97,9.54,70.33,1961,1
41973,-89.46,8.03,66.39,1961,1
41983,-89.11,6.66,62.66,1961,1
41993,-88.94,5.44,59.09,1961,1
42003,-88.96,4.39,55.64,1961,1
42013,-89.18,3.51,52.24,1961,1
42023,-89.60,2.79,48.85,1961,1
42033,-90.21,2.22,45.43,1961,1
42043,-90.99,1.78,41.97,1961,1
42053,-91.90,1.50,38.47,1961,1
42063,-92.92,1.39,34.97,1961,1
42087,-94.03,1.51,31.44,1978,1
42098,-95.31,2.08,27.61,1978,1
42108,-96.61,2.85,23.72,1978,1
42118,-97.91,3.88,19.76,1978,1
42128,-99.21,5.11,15.67,1978,1
42138,-100.50,6.56,11.53,1978,1
42148,-101.76,8.19,7.35,1978,1
42158,-102.98,9.85,10.33,1978,1
42168,-104.12,11.45,13.13,1978,1
42178,-105.14,12.97,15.75,1978,1
42188,-106.01,14.39,18.20,1978,1
42198,-106.69,15.72,20.51,1978,1
42208,-107.18,16.88,22.70,1978,1
42218,-107.48,17.81,24.84,1978,1
42228,-107.60,18.57,26.95,1978,1
42238,-107.54,19.21,29.12,1978,1
42248,-107.35,19.76,31.37,1978,1
42258,-107.07,20.18,33.70,1978,1
42268,-106.74,20.50,36.10,1978,1
42278,-106.41,20.68,38.56,1978,1
42288,-106.06,20.73,41.02,1978,1
42298,-105.66,20.61,43.45,1978,1
42308,-105.18,20.32,45.78,1978,1
42318,-104.58,19.84,48.01,1978,1
42328,-103.83,19.17,50.13,1978,1
42338,-102.90,18.38,52.20,1978,1
42348,-101.79,17.52,54.24,1978,1
42358,-100.49,16.57,56.30,1978,1
42368,-99.00,15.56,58.43,1978,1
42378,-97.31,14.53,60.62,1978,1
42388,-95.45,13.52,62.91,1978,1
42398,-93.44,12.58,65.28,1978,1
42408,-91.32,11.72,67.77,1978,1
42418,-89.12,10.94,70.36,1978,1
42428,-86.87,10.31,73.01,1978,1
42438,-84.65,9.82,68.53,1978,1
42448,-82.51,9.48,64.26,1978,1
42458,-80.49,9.24,60.16,1978,1
42468,-78.65,9.07,56.18,1978,1
42478,-77.06,8.95,52.26,1978,1
42488,-75.76,8.84,48.39,1978,1
42498,-74.75,8.78,44.57,1978,1
42508,-74.05,8.76,40.79,1978,1
42518,-73.62,8.70,37.03,1978,1
42528,-73.43,8.62,33.28,1978,1
42538,-73.47,8.54,29.55,1978,1
42548,-73.70,8.51,25.88,1978,1
42558,-74.13,8.51,22.29,1978,1
42568,-74.76,8.59,18.81,1978,1
42591,-75.62,8.74,15.40,1954,1
42602,-77.17,8.85,11.86,1954,1
42612,-78.99,8.86,8.19,1954,1
42622,-81.10,8.77,4.45,1954,1
42632,-83.45,8.72,0.65,1954,1
42642,-86.01,8.72,-3.18,1954,1
42652,-88.75,8.85,-6.99,1954,1
42662,-91.59,9.04,-10.78,1954,1
42672,-94.45,9.22,-7.40,1954,1
42682,-97.22,9.39,-4.18,1954,1
42692,-99.81,9.46,-1.10,1954,1
42702,-102.14,9.44,1.83,1954,1
42712,-104.14,9.30,4.67,1954,1
42722,-105.78,8.96,7.42,1954,1
42732,-107.01,8.59,10.05,1954,1
42742,-107.82,8.31,12.58,1954,1
42752,-108.29,8.10,15.07,1954,1
42762,-108.47,7.88,17.54,1954,1
42772,-108.40,7.69,20.04,1954,1
42782,-108.11,7.55,22.57,1954,1
42792,-107.60,7.40,25.09,1954,1
42802,-106.84,7.18,27.58,1954,1
42812,-105.80,6.90,30.04,1954,1
42822,-104.44,6.62,32.52,1954,1
42832,-102.75,6.38,35.08,1954,1
42842,-100.74,6.21,37.75,1954,1
42852,-98.42,6.12,40.58,1954,1
42862,-95.84,6.06,43.56,1954,1
42872,-93.05,6.02,46.64,1954,1
42882,-90.12,6.05,49.78,1954,1
42892,-87.15,6.18,45.76,1954,1
42902,-84.22,6.35,41.90,1954,1
42912,-81.45,6.45,38.13,1954,1
42922,-78.92,6.41,34.40,1954,1
42932,-76.71,6.30,30.70,1954,1
42942,-74.81,6.16,27.06,1954,1
42952,-73.26,6.11,23.48,1954,1
42962,-72.06,6.19,19.95,1954,1
42972,-71.22,6.35,16.46,1954,1
42982,-70.74,6.58,13.01,1954,1
42992,-70.57,6.80,9.59,1954,1
43002,-70.67,6.99,6.18,1954,1
43012,-70.99,7.15,2.81,1954,1
43022,-71.50,7.23,-0.53,1954,1
43032,-72.19,7.19,-3.82,1954,1
43042,-73.04,7.09,-7.06,1954,1
43052,-74.07,6.93,-10.26,1954,1
43062,-75.30,6.71,-13.43,1954,1
43072,-76.72,6.42,-16.59,1954,1
43090,-78.37,6.10,-19.72,923,1
43101,-80.44,5.80,-23.02,923,1
43111,-82.75,5.44,-26.42,923,1
43121,-85.23,5.05,-29.90,923,1
43131,-87.81,4.66,-33.44,923,1
43141,-90.38,4.38,-29.87,923,1
43151,-92.85,4.17,-26.43,923,1
43161,-95.10,3.86,-23.05,923,1
43171,-97.05,3.49,-19.75,923,1
43181,-98.66,3.11,-16.42,923,1
43191,-99.97,2.79,-13.02,923,1
43201,-101.05,2.71,-9.49,923,1
43211,-101.97,2.76,-5.89,923,1
43221,-102.73,2.85,-2.33,923,1
43231,-103.35,2.97,1.12,923,1
43241,-103.80,3.09,4.33,923,1
43251,-104.08,3.21,7.28,923,1
43261,-104.18,3.38,10.01,923,1
43271,-104.10,3.61,12.61,923,1
43281,-103.85,3.80,15.14,923,1
43291,-103.40,3.95,17.66,923,1
43301,-102.74,4.05,20.24,923,1
43311,-101.87,4.07,22.92,923,1
43321,-100.79,4.01,25.69,923,1
43331,-99.49,3.86,28.56,923,1
43341,-97.98,3.65,31.53,923,1
43351,-96.26,3.36,34.58,923,1
43361,-94.33,2.96,37.67,923,1
43371,-92.17,2.50,40.80,923,1
43381,-89.79,2.08,44.03,923,1
43391,-87.27,1.79,47.41,923,1
43401,-84.70,1.67,43.73,923,1
43411,-82.18,1.76,40.27,923,1
43421,-79.82,2.03,36.95,923,1
43431,-77.70,2.21,33.67,923,1
43441,-75.83,2.24,30.38,923,1
43451,-74.26,2.20,27.06,923,1
43461,-73.01,2.15,23.69,923,1
43471,-72.05,2.14,20.29,923,1
43481,-71.37,2.16,16.89,923,1
43491,-70.93,2.22,13.48,923,1
43501,-70.69,2.29,10.06,923,1
43511,-70.64,2.35,6.64,923,1
43521,-70.74,2.39,3.25,923,1
43531,-70.96,2.42,-0.11,923,1
43541,-71.31,2.48,-3.41,923,1
43551,-71.78,2.55,-6.67,923,1
43561,-72.38,2.60,-9.88,923,1
43571,-73.11,2.63,-13.03,923,1
43581,-74.00,2.63,-16.12,923,1
43599,-75.08,2.63,-19.17,913,1
43610,-76.56,2.65,-22.15,913,1
43620,-78.27,2.73,-25.12,913,1
43630,-80.23,2.86,-28.15,913,1
43640,-82.42,3.00,-31.20,913,1
43650,-84.78,3.18,-34.36,913,1
43660,-87.28,3.37,-37.58,913,1
43670,-89.86,3.53,-40.84,913,1
43680,-92.43,3.67,-36.95,913,1
43690,-94.92,3.76,-33.25,913,1
43700,-97.25,3.79,-29.72,913,1
43710,-99.36,3.79,-26.35,913,1
43720,-101.23,3.77,-23.16,913,1
43730,-102.86,3.72,-20.09,913,1
43740,-104.23,3.66,-17.14,913,1
43750,-105.32,3.60,-14.29,913,1
43760,-106.17,3.53,-11.52,913,1
43770,-106.77,3.38,-8.82,913,1
43780,-107.12,3.20,-6.16,913,1
43790,-107.21,3.01,-3.48,913,1
43800,-107.04,2.77,-0.77,913,1
43810,-106.61,2.48,1.98,913,1
43820,-105.92,2.12,4.80,913,1
43830,-104.99,1.69,7.69,913,1
43840,-103.80,1.19,10.66,913,1
43850,-102.34,0.64,13.71,913,1
43860,-100.62,0.08,16.89,913,1
43870,-98.69,-0.50,20.24,913,1
43880,-96.62,-1.00,23.81,913,1
43890,-94.51,-1.38,20.33,913,1
43900,-92.51,-1.70,17.06,913,1
43910,-90.69,-1.99,13.97,913,1
43920,-89.11,-2.23,11.06,913,1
43930,-87.80,-2.39,8.30,913,1
43940,-86.78,-2.51,5.64,913,1
43950,-86.03,-2.59,3.06,913,1
43960,-85.58,-2.67,0.52,913,1
43970,-85.40,-2.75,-2.02,913,1
43980,-85.49,-2.81,-4.56,913,1
43990,-85.84,-2.83,-7.12,913,1
44000,-86.43,-2.80,-9.69,913,1
44010,-87.23,-2.74,-12.26,913,1
44020,-88.23,-2.64,-14.82,913,1
44030,-89.42,-2.51,-17.36,913,1
44040,-90.80,-2.36,-19.90,913,1
44050,-92.33,-2.24,-22.45,913,1
44060,-93.99,-2.10,-25.03,913,1
44070,-95.74,-2.03,-27.69,913,1
44080,-97.53,-1.98,-30.42,913,1
44090,-99.33,-1.92,-25.99,913,1
44110,-101.08,-1.84,-21.70,1455,1
44121,-102.62,-1.63,-17.46,1455,1
44131,-104.06,-1.36,-13.23,1455,1
44141,-105.42,-1.07,-9.06,1455,1
44151,-106.74,-0.82,-4.94,1455,1
44161,-108.05,-0.60,-0.90,1455,1
44171,-109.37,-0.40,3.05,1455,1
44181,-110.69,-0.24,6.89,1455,1
44191,-111.99,-0.13,10.65,1455,1
44201,-113.24,-0.07,14.31,1455,1
44211,-114.44,-0.04,17.86,1455,1
44221,-115.60,-0.04,21.30,1455,1
44231,-116.74,-0.05,24.65,1455,1
44241,-117.85,-0.06,27.92,1455,1
44251,-118.94,-0.09,31.11,1455,1
44261,-120.01,-0.17,34.26,1455,1
44271,-121.07,-0.26,37.37,1455,1
44281,-122.10,-0.36,40.44,1455,1
44291,-123.16,-0.51,43.47,1455,1
44301,-124.23,-0.70,46.41,1455,1
44311,-125.32,-0.83,49.28,1455,1
44321,-126.42,-0.88,52.08,1455,1
44331,-127.53,-0.85,54.83,1455,1
44341,-128.66,-0.76,57.56,1455,1
44351,-129.78,-0.64,60.25,1455,1
44361,-130.91,-0.52,62.88,1455,1
44371,-132.03,-0.39,65.44,1455,1
44381,-133.14,-0.26,67.97,1455,1
44391,-134.22,-0.10,70.46,1455,1
44401,-135.28,0.16,72.92,1455,1
44411,-136.34,0.53,75.34,1455,1
44421,-137.43,1.02,77.68,1455,1
44431,-138.58,1.61,79.96,1455,1
44441,-139.79,2.26,82.15,1455,1
44451,-141.01,2.99,84.24,1455,1
44461,-142.22,3.67,86.19,1455,1
44471,-143.39,4.31,88.00,1455,1
44481,-144.52,5.06,89.67,1455,1
44491,-145.62,5.92,91.31,1455,1
44501,-146.72,6.84,92.92,1455,1
44511,-147.84,7.69,94.56,1455,1
44521,-149.00,8.46,96.20,1455,1
44531,-150.17,9.17,97.76,1455,1
44541,-151.33,9.80,99.28,1455,1
44551,-152.46,10.47,100.80,1455,1
44561,-153.60,11.16,102.32,1455,1
44571,-154.76,11.88,103.85,1455,1
44581,-155.93,12.58,105.39,1455,1
44591,-157.13,13.25,106.92,1455,1
44605,-158.34,13.92,108.40,183,1
44616,-159.56,14.44,109.74,183,1
44626,-160.75,14.88,111.02,183,1
44636,-161.91,15.22,112.23,183,1
44646,-163.00,15.47,113.39,183,1
44656,-164.02,15.60,114.52,183,1
44666,-164.95,15.70,115.65,183,1
44676,-165.83,15.87,116.74,183,1
44686,-166.68,16.05,117.83,183,1
44696,-167.49,16.18,118.89,183,1
44706,-168.27,16.27,119.91,183,1
44716,-169.00,16.28,120.81,183,1
44726,-169.69,16.26,121.64,183,1
44736,-170.36,16.27,122.41,183,1
44746,-171.03,16.29,123.11,183,1
44756,-171.69,16.33,123.79,183,1
44766,-172.33,16.43,124.47,183,1
44776,-172.96,16.54,125.12,183,1
44786,-173.57,16.65,125.74,183,1
44796,-174.16,16.70,126.33,183,1
44806,-174.68,16.71,126.90,183,1
44816,-175.13,16.63,127.42,183,1
44826,-175.53,16.53,127.94,183,1
44836,-175.89,16.47,128.48,183,1
44846,-176.25,16.45,129.04,183,1
44856,-176.64,16.45,129.60,183,1
44866,-177.04,16.44,130.12,183,1
44876,-177.46,16.45,130.58,183,1
44886,-177.90,16.48,131.00,183,1
44896,-178.34,16.49,131.37,183,1
44906,-178.75,16.44,131.73,183,1
44916,-179.11,16.33,132.09,183,1
44926,-179.40,16.17,132.40,183,1
44936,-179.61,15.98,132.68,183,1
44946,-179.74,15.77,132.96,183,1
44956,-179.80,15.59,133.27,183,1
44966,-179.85,15.52,133.62,183,1
44976,-179.91,15.48,134.01,183,1
44986,-179.98,15.45,134.43,183,1
44996,179.94,15.43,134.83,183,1
45006,179.86,15.36,135.19,183,1
45016,179.81,15.22,135.51,183,1
45026,179.81,15.01,135.81,183,1
45036,179.85,14.76,136.08,183,1
45046,179.92,14.49,136.33,183,1
45056,-179.97,14.20,136.56,183,1
45066,-179.78,13.88,136.75,183,1
45076,-179.52,13.53,136.90,183,1
45086,-179.16,13.15,136.99,183,1
45096,-178.66,12.73,137.03,183,1
45109,-178.00,12.32,137.02,102,1
45120,-177.18,12.02,137.04,102,1
45130,-176.30,11.81,137.13,102,1
45140,-175.40,11.68,137.31,102,1
45150,-174.50,11.61,137.52,102,1
45160,-173.57,11.54,137.75,102,1
45170,-172.60,11.44,137.98,102,1
45180,-171.57,11.43,138.25,102,1
45190,-170.55,11.47,138.58,102,1
45200,-169.58,11.51,138.92,102,1
45210,-168.65,11.56,139.27,102,1
45220,-167.69,11.61,139.60,102,1
45230,-166.65,11.55,139.93,102,1
45240,-165.51,11.33,140.18,102,1
45250,-164.27,11.06,140.41,102,1
45260,-163.02,10.82,140.59,102,1
45270,-161.80,10.64,140.76,102,1
45280,-160.65,10.48,140.92,102,1
45290,-159.54,10.30,141.08,102,1
45300,-158.44,10.08,141.26,102,1
45310,-157.32,9.87,141.44,102,1
45320,-156.19,9.69,141.61,102,1
45330,-155.03,9.50,141.78,102,1
45340,-153.84,9.27,141.95,102,1
45350,-152.57,9.02,142.12,102,1
45360,-151.20,8.73,142.30,102,1
45370,-149.74,8.58,142.55,102,1
45380,-148.23,8.52,142.81,102,1
45390,-146.72,8.47,143.07,102,1
45400,-145.23,8.49,143.34,102,1
45410,-143.76,8.56,143.62,102,1
45420,-142.31,8.69,143.94,102,1
45430,-140.88,8.86,144.31,102,1
45440,-139.45,9.09,144.72,102,1
45450,-138.02,9.33,145.18,102,1
45460,-136.57,9.55,145.69,102,1
45470,-135.08,9.72,146.22,102,1
45480,-133.58,9.92,146.78,102,1
45490,-132.06,10.13,147.34,102,1
45500,-130.55,10.35,147.90,102,1
45510,-129.05,10.65,148.48,102,1
45520,-127.59,10.98,149.06,102,1
45530,-126.16,11.31,149.67,102,1
45540,-124.77,11.68,150.31,102,1
45550,-123.42,12.03,150.93,102,1
45560,-122.09,12.35,151.53,102,1
45570,-120.77,12.63,152.11,102,1
45580,-119.41,12.89,152.66,102,1
45590,-117.99,13.15,146.02,102,1
45600,-116.52,13.52,139.56,102,1
45620,-115.03,13.96,133.22,1406,1
45631,-113.57,14.42,127.03,1406,1
45641,-112.12,14.90,120.98,1406,1
45651,-110.69,15.42,115.08,1406,1
45661,-109.26,15.99,109.31,1406,1
45671,-107.84,16.57,103.64,1406,1
45681,-106.43,17.13,98.02,1406,1
45691,-105.03,17.64,92.44,1406,1
45701,-103.63,18.11,86.93,1406,1
45711,-102.26,18.57,81.52,1406,1
45721,-100.91,19.01,76.20,1406,1
45731,-99.57,19.43,70.97,1406,1
45741,-98.26,19.84,65.81,1406,1
45751,-96.98,20.23,60.72,1406,1
45761,-95.73,20.59,55.71,1406,1
45771,-94.49,20.89,50.82,1406,1
45781,-93.24,21.26,46.13,1406,1
45791,-92.00,21.71,41.52,1406,1
45801,-90.79,22.17,36.98,1406,1
45811,-89.62,22.54,32.47,1406,1
45821,-88.47,22.81,28.00,1406,1
45831,-87.33,23.02,23.57,1406,1
45841,-86.20,23.18,19.21,1406,1
45851,-85.06,23.27,14.91,1406,1
45861,-83.90,23.26,10.73,1406,1
45871,-82.69,23.26,6.73,1406,1
45881,-81.42,23.35,2.92,1406,1
45891,-80.14,23.53,-0.73,1406,1
45901,-78.86,23.70,-4.26,1406,1
45911,-77.61,23.80,-7.69,1406,1
45921,-76.41,23.83,-11.06,1406,1
45931,-75.25,23.76,-14.36,1406,1
45941,-74.11,23.69,-17.57,1406,1
45951,-73.01,23.61,-20.71,1406,1
45961,-71.90,23.52,-23.79,1406,1
45971,-70.78,23.42,-26.83,1406,1
45981,-69.64,23.30,-29.82,1406,1
45991,-68.47,23.18,-32.77,1406,1
46001,-67.27,23.03,-35.69,1406,1
46011,-66.05,22.87,-38.54,1406,1
46021,-64.82,22.69,-41.33,1406,1
46031,-63.56,22.50,-44.10,1406,1
46041,-62.31,22.30,-46.82,1406,1
46051,-61.07,22.09,-49.50,1406,1
46061,-59.86,21.89,-52.14,1406,1
46071,-58.68,21.67,-54.76,1406,1
46081,-57.54,21.44,-57.34,1406,1
46091,-56.43,21.22,-59.86,1406,1
46101,-55.33,21.04,-62.32,1406,1
46125,-54.25,20.91,-64.70,1941,1
46136,-53.22,20.74,-67.02,1941,1
46146,-52.20,20.57,-69.32,1941,1
46156,-51.20,20.41,-71.56,1941,1
46166,-50.22,20.22,-73.76,1941,1
46176,-49.26,20.00,-75.92,1941,1
46186,-48.33,19.78,-78.04,1941,1
46196,-47.43,19.58,-80.09,1941,1
46206,-46.55,19.42,-82.10,1941,1
46216,-45.67,19.30,-84.08,1941,1
46226,-44.78,19.17,-86.05,1941,1
46236,-43.89,19.03,-88.01,1941,1
46246,-42.99,18.91,-89.93,1941,1
46256,-42.09,18.81,-91.84,1941,1
46266,-41.20,18.71,-93.73,1941,1
46276,-40.29,18.69,-95.59,1941,1
46286,-39.36,18.64,-97.40,1941,1
46296,-38.41,18.59,-99.19,1941,1
46306,-37.42,18.47,-100.97,1941,1
46316,-36.40,18.30,-102.70,1941,1
46326,-35.37,18.18,-104.39,1941,1
46336,-34.33,18.02,-106.07,1941,1
46346,-33.28,17.82,-107.77,1941,1
46356,-32.22,17.57,-109.48,1941,1
46366,-31.15,17.35,-111.17,1941,1
46376,-30.09,17.11,-112.82,1941,1
46386,-29.06,16.87,-114.41,1941,1
46396,-28.08,16.59,-115.94,1941,1
46406,-27.16,16.30,-117.45,1941,1
46416,-26.28,15.99,-118.94,1941,1
46426,-25.43,15.69,-120.35,1941,1
46436,-24.63,15.28,-121.70,1941,1
46446,-23.87,14.92,-122.97,1941,1
46456,-23.15,14.61,-124.14,1941,1
46466,-22.51,14.29,-125.23,1941,1
46476,-21.96,14.00,-126.25,1941,1
46486,-21.50,13.74,-127.20,1941,1
46496,-21.14,13.43,-128.10,1941,1
46506,-20.84,13.12,-128.93,1941,1
46516,-20.63,12.87,-129.75,1941,1
46526,-20.47,12.62,-130.56,1941,1
46536,-20.37,12.36,-131.36,1941,1
46546,-20.29,12.11,-132.16,1941,1
46556,-20.22,11.98,-132.94,1941,1
46566,-20.19,11.86,-133.67,1941,1
46576,-20.19,11.66,-134.35,1941,1
46586,-20.19,11.49,-134.98,1941,1
46596,-20.20,11.37,-135.57,1941,1
46606,-20.23,11.23,-136.11,1941,1
46648,-20.28,11.10,-136.61,1941,0
46659,-20.55,10.98,-137.16,1941,0
46669,-20.85,10.87,-137.73,1941,0
46679,-21.16,10.73,-138.32,1941,0
46689,-21.46,10.58,-138.93,1941,0
46699,-21.71,10.43,-139.54,1941,0
46709,-21.90,10.34,-140.13,1941,0
46719,-22.05,10.28,-140.71,1941,0
46729,-22.14,10.27,-141.28,1941,0
46739,-22.19,10.27,-141.86,1941,0
46749,-22.19,10.26,-142.44,1941,0
46759,-22.17,10.24,-143.01,1941,0
46769,-22.14,10.22,-143.55,1941,0
46779,-22.12,10.23,-144.09,1941,0
46789,-22.12,10.24,-144.61,1941,0
46799,-22.14,10.22,-145.12,1941,0
46809,-22.19,10.19,-145.63,1941,0
46819,-22.24,10.19,-146.11,1941,0
46829,-22.30,10.21,-146.57,1941,0
46839,-22.37,10.21,-147.03,1941,0
46849,-22.45,10.20,-147.48,1941,0
46859,-22.52,10.20,-147.92,1941,0
46869,-22.58,10.22,-148.36,1941,0
46879,-22.62,10.24,-148.79,1941,0
46889,-22.65,10.27,-149.21,1941,0
46899,-22.67,10.29,-149.63,1941,0
46909,-22.67,10.33,-150.04,1941,0
46919,-22.67,10.37,-150.44,1941,0
46929,-22.67,10.40,-150.84,1941,0
46939,-22.67,10.42,-151.23,1941,0
46949,-22.67,10.42,-151.62,1941,0
46959,-22.65,10.44,-152.00,1941,0
46969,-22.63,10.45,-152.36,1941,0
46979,-22.61,10.44,-152.70,1941,0
46989,-22.58,10.42,-153.02,1941,0
46999,-22.56,10.42,-153.32,1941,0
47009,-22.53,10.44,-153.63,1941,0
47019,-22.51,10.45,-153.94,1941,0
47029,-22.50,10.47,-154.24,1941,0
47039,-22.50,10.49,-154.52,1941,0
47049,-22.50,10.52,-154.79,1941,0
47059,-22.50,10.54,-155.06,1941,0
47069,-22.50,10.55,-155.33,1941,0
47079,-22.50,10.56,-155.60,1941,0
47089,-22.50,10.57,-155.86,1941,0
47099,-22.50,10.59,-156.12,1941,0
47109,-22.48,10.61,-156.38,1941,0
47133,-22.48,10.63,-156.63,1941,1
47144,-22.48,10.65,-156.88,1941,1
47154,-22.48,10.68,-157.12,1941,1
47164,-22.49,10.70,-157.37,1941,1
47174,-22.49,10.71,-157.61,1941,1
47184,-22.49,10.73,-157.85,1941,1
47194,-22.49,10.74,-158.09,1941,1
47204,-22.49,10.74,-158.32,1941,1
47214,-22.49,10.76,-158.55,1941,1
47224,-22.49,10.76,-158.78,1941,1
47234,-22.49,10.77,-159.00,1941,1
47244,-22.49,10.78,-159.21,1941,1
47254,-22.49,10.79,-159.43,1941,1
47264,-22.49,10.80,-159.65,1941,1
47274,-22.49,10.81,-159.87,1941,1
47284,-22.49,10.81,-160.09,1941,1
47294,-22.48,10.82,-160.29,1941,1
47304,-22.48,10.84,-160.48,1941,1
47314,-22.48,10.85,-160.65,1941,1
47324,-22.48,10.87,-160.82,1941,1
47334,-22.48,10.88,-160.99,1941,1
47344,-22.48,10.88,-161.17,1941,1
47354,-22.48,10.88,-161.34,1941,1
47364,-22.48,10.90,-161.50,1941,1
47374,-22.48,10.91,-161.66,1941,1
47384,-22.48,10.92,-161.81,1941,1
47394,-22.50,10.94,-161.95,1941,1
47404,-22.52,10.95,-162.09,1941,1
47414,-22.55,10.95,-162.23,1941,1
47424,-22.59,10.93,-162.37,1941,1
47434,-22.64,10.91,-162.52,1941,1
47444,-22.71,10.90,-162.67,1941,1
47454,-22.79,10.91,-162.81,1941,1
47464,-22.88,10.91,-162.94,1941,1
47474,-23.00,10.91,-163.03,1941,1
47484,-23.17,10.92,-163.07,1941,1
47494,-23.42,10.92,-163.06,1941,1
47504,-23.82,10.96,-162.96,1941,1
47514,-24.41,11.00,-162.80,1941,1
47524,-25.25,11.15,-162.58,1941,1
47534,-26.40,11.27,-162.33,1941,1
47544,-27.82,11.34,-162.09,1941,1
47554,-29.48,11.36,-161.88,1941,1
47564,-31.33,11.35,-161.69,1941,1
47574,-33.33,11.26,-161.55,1941,1
47584,-35.43,11.14,-161.50,1941,1
47594,-37.60,11.02,-161.52,1941,1
47604,-39.79,10.84,-161.51,1941,1
47614,-41.98,10.56,-161.42,1941,1
47637,-44.12,10.28,-161.33,1923,1
47648,-45.99,10.03,-161.34,1923,1
47658,-47.71,9.88,-161.43,1923,1
47668,-49.27,9.72,-161.61,1923,1
47678,-50.64,9.67,-154.68,1923,1
47688,-51.86,9.68,-147.99,1923,1
47698,-52.91,9.73,-141.50,1923,1
47708,-53.82,9.87,-135.21,1923,1
47718,-54.59,10.07,-129.08,1923,1
47728,-55.21,10.34,-123.06,1923,1
47738,-55.72,10.63,-117.14,1923,1
47748,-56.12,10.92,-111.34,1923,1
47758,-56.44,11.20,-105.67,1923,1
47768,-56.69,11.48,-100.12,1923,1
47778,-56.89,11.77,-94.66,1923,1
47788,-57.06,12.03,-89.29,1923,1
47798,-57.20,12.25,-84.03,1923,1
47808,-57.32,12.45,-78.83,1923,1
47818,-57.42,12.59,-73.72,1923,1
47828,-57.49,12.70,-68.68,1923,1
47838,-57.55,12.81,-63.72,1923,1
47848,-57.61,12.93,-58.85,1923,1
47858,-57.69,13.02,-54.06,1923,1
47868,-57.78,13.11,-49.34,1923,1
47878,-57.87,13.23,-44.69,1923,1
47888,-57.97,13.35,-40.09,1923,1
47898,-58.06,13.47,-42.77,1923,1
47908,-58.14,13.55,-45.39,1923,1
47918,-58.22,13.61,-47.98,1923,1
47928,-58.28,13.63,-50.54,1923,1
47938,-58.33,13.65,-53.08,1923,1
47948,-58.36,13.66,-55.57,1923,1
47958,-58.39,13.70,-58.00,1923,1
47968,-58.41,13.73,-60.39,1923,1
47978,-58.44,13.73,-62.73,1923,1
47988,-58.47,13.72,-65.02,1923,1
47998,-58.50,13.71,-67.27,1923,1
48008,-58.54,13.71,-69.48,1923,1
48018,-58.59,13.70,-71.65,1923,1
48028,-58.64,13.66,-73.79,1923,1
48038,-58.69,13.64,-75.89,1923,1
48048,-58.74,13.64,-77.95,1923,1
48058,-58.79,13.65,-79.97,1923,1
48068,-58.83,13.69,-81.93,1923,1
48078,-58.87,13.75,-83.84,1923,1
48088,-58.89,13.79,-85.71,1923,1
48098,-58.93,13.79,-87.53,1923,1
48108,-58.97,13.78,-89.33,1923,1
48118,-59.02,13.78,-91.10,1923,1
48136,-59.10,13.80,-92.83,940,1
48147,-59.22,13.83,-94.53,940,1
48157,-59.37,13.85,-96.19,940,1
48167,-59.56,13.86,-97.81,940,1
48177,-59.82,13.88,-99.40,940,1
48187,-60.17,13.93,-100.92,940,1
48197,-60.62,13.95,-102.39,940,1
48207,-61.21,13.92,-103.82,940,1
48217,-62.00,13.84,-105.26,940,1
48227,-63.02,13.72,-106.70,940,1
48237,-64.27,13.56,-108.18,940,1
48247,-65.72,13.40,-109.64,940,1
48257,-67.36,13.25,-111.04,940,1
48267,-69.15,13.11,-112.40,940,1
48277,-71.07,12.89,-113.78,940,1
48287,-73.10,12.64,-115.18,940,1
48297,-75.19,12.36,-109.39,940,1
48307,-77.29,12.07,-103.74,940,1
48317,-79.34,11.78,-98.23,940,1
48327,-81.34,11.53,-92.89,940,1
48337,-83.25,11.30,-87.74,940,1
48347,-85.04,11.09,-82.74,940,1
48357,-86.67,10.95,-77.87,940,1
48367,-88.08,10.80,-73.14,940,1
48377,-89.24,10.61,-68.53,940,1
48387,-90.17,10.41,-64.02,940,1
48397,-90.90,10.24,-59.56,940,1
48407,-91.50,10.14,-55.12,940,1
48417,-92.04,10.16,-50.72,940,1
48427,-92.58,10.27,-46.36,940,1
48437,-93.13,10.42,-42.08,940,1
48447,-93.71,10.58,-37.90,940,1
48457,-94.31,10.75,-33.82,940,1
48467,-94.91,10.92,-29.85,940,1
48477,-95.51,11.09,-25.99,940,1
48487,-96.09,11.23,-22.21,940,1
48497,-96.65,11.33,-18.53,940,1
48507,-97.18,11.40,-14.93,940,1
48517,-97.67,11.46,-11.39,940,1
48527,-98.11,11.49,-7.91,940,1
48537,-98.52,11.49,-4.51,940,1
48547,-98.88,11.46,-1.16,940,1
48557,-99.20,11.42,2.12,940,1
48567,-99.49,11.39,5.35,940,1
48577,-99.74,11.35,8.53,940,1
48587,-99.95,11.32,11.64,940,1
48597,-100.09,11.29,14.68,940,1
48607,-100.18,11.24,17.63,940,1
48617,-100.21,11.20,20.48,940,1
48627,-100.17,11.15,23.27,940,1
48651,-100.06,11.10,26.01,1985,1
48662,-99.82,11.10,28.74,1985,1
48672,-99.57,11.11,31.45,1985,1
48682,-99.34,11.13,34.12,1985,1
48692,-99.15,11.19,36.77,1985,1
48702,-99.01,11.27,39.39,1985,1
48712,-98.92,11.38,41.99,1985,1
48722,-98.90,11.49,44.52,1985,1
48732,-98.94,11.59,47.01,1985,1
48742,-99.06,11.70,49.45,1985,1
48752,-99.24,11.81,51.85,1985,1
48762,-99.46,11.93,54.21,1985,1
48772,-99.74,12.04,56.54,1985,1
48782,-100.07,12.14,58.82,1985,1
48792,-100.43,12.24,61.07,1985,1
48802,-100.84,12.33,63.29,1985,1
48812,-101.30,12.43,65.47,1985,1
48822,-101.83,12.53,67.61,1985,1
48832,-102.44,12.66,69.73,1985,1
48842,-103.15,12.81,71.83,1985,1
48852,-103.95,12.93,73.89,1985,1
48862,-104.87,13.02,75.90,1985,1
48872,-105.88,13.07,77.87,1985,1
48882,-106.97,13.10,79.83,1985,1
48892,-108.13,13.08,81.80,1985,1
48902,-109.35,13.02,83.78,1985,1
48912,-110.65,12.92,85.75,1985,1
48922,-112.00,12.78,87.72,1985,1
48932,-113.41,12.58,89.68,1985,1
48942,-114.85,12.33,91.59,1985,1
48952,-116.29,12.03,93.45,1985,1
48962,-117.73,11.67,95.26,1985,1
48972,-119.14,11.31,97.03,1985,1
48982,-120.54,10.94,98.78,1985,1
48992,-121.93,10.58,100.54,1985,1
49002,-123.33,10.26,102.28,1985,1
49012,-124.73,9.95,103.97,1985,1
49022,-126.13,9.64,105.62,1985,1
49032,-127.50,9.32,107.22,1985,1
49042,-128.84,8.99,108.75,1985,1
49052,-130.12,8.64,110.18,1985,1
49062,-131.33,8.26,111.51,1985,1
49072,-132.45,7.88,112.74,1985,1
49082,-133.47,7.52,113.88,1985,1
49092,-134.41,7.15,114.95,1985,1
49102,-135.26,6.80,116.00,1985,1
49112,-136.03,6.44,117.03,1985,1
49122,-136.70,6.11,118.05,1985,1
49132,-137.31,5.82,119.05,1985,1
49174,-137.88,5.59,120.03,1985,0
49185,-138.22,5.51,120.95,1985,0
49195,-138.51,5.45,121.84,1985,0
49205,-138.76,5.40,122.71,1985,0
49215,-138.99,5.37,123.55,1985,0
49225,-139.18,5.37,124.40,1985,0
49235,-139.37,5.37,125.26,1985,0
49245,-139.57,5.38,126.14,1985,0
49255,-139.79,5.38,127.03,1985,0
49265,-140.03,5.39,127.92,1985,0
49275,-140.29,5.37,128.77,1985,0
49285,-140.55,5.33,129.55,1985,0
49295,-140.78,5.29,130.23,1985,0
49305,-140.94,5.26,130.81,1985,0
49315,-141.02,5.24,131.29,1985,0
49325,-140.99,5.22,131.68,1985,0
49335,-140.85,5.22,132.01,1985,0
49345,-140.59,5.25,132.30,1985,0
49355,-140.20,5.29,132.56,1985,0
49365,-139.68,5.33,132.78,1985,0
49375,-139.06,5.37,133.00,1985,0
49385,-138.32,5.42,133.22,1985,0
49395,-137.49,5.50,133.44,1985,0
49405,-136.57,5.58,133.68,1985,0
49415,-135.57,5.68,133.95,1985,0
49425,-134.50,5.79,134.22,1985,0
49435,-133.37,5.93,134.49,1985,0
49445,-132.17,6.09,134.81,1985,0
49455,-130.90,6.24,135.16,1985,0
49465,-129.58,6.40,135.55,1985,0
49475,-128.24,6.61,135.97,1985,0
49485,-126.91,6.88,136.43,1985,0
49495,-125.63,7.16,136.93,1985,0
49505,-124.42,7.43,137.45,1985,0
49515,-123.30,7.69,137.99,1985,0
49525,-122.25,7.88,138.55,1985,0
49535,-121.27,8.03,139.11,1985,0
49545,-120.32,8.17,139.67,1985,0
49555,-119.39,8.36,140.25,1985,0
49565,-118.48,8.58,140.84,1985,0
49575,-117.56,8.81,141.42,1985,0
49585,-116.63,9.00,141.98,1985,0
49595,-115.69,9.14,142.50,1985,0
49605,-114.73,9.23,142.95,1985,0
49615,-113.78,9.31,143.35,1985,0
49625,-112.85,9.38,143.70,1985,0
49635,-111.97,9.45,144.03,1985,0
49655,-111.13,9.56,144.38,1314,1
49666,-110.37,9.77,144.82,1314,1
49676,-109.64,10.04,145.29,1314,1
49686,-108.94,10.33,145.75,1314,1
49696,-108.26,10.63,146.21,1314,1
49706,-107.61,10.89,146.65,1314,1
49716,-106.95,11.11,147.08,1314,1
49726,-106.31,11.28,147.50,1314,1
49736,-105.69,11.44,147.90,1314,1
49746,-105.10,11.58,148.30,1314,1
49756,-104.54,11.72,148.69,1314,1
49766,-104.02,11.87,149.07,1314,1
49776,-103.52,12.01,149.46,1314,1
49786,-103.03,12.17,149.84,1314,1
49796,-102.54,12.33,150.20,1314,1
49806,-102.06,12.49,150.52,1314,1
49816,-101.59,12.63,150.79,1314,1
49826,-101.11,12.74,151.01,1314,1
49836,-100.65,12.81,151.17,1314,1
49846,-100.18,12.84,151.29,1314,1
49856,-99.72,12.82,151.38,1314,1
49866,-99.25,12.77,151.44,1314,1
49876,-98.77,12.70,151.45,1314,1
49886,-98.30,12.59,151.42,1314,1
49896,-97.83,12.46,151.31,1314,1
49906,-97.38,12.32,151.11,1314,1
49916,-96.95,12.21,150.84,1314,1
49926,-96.54,12.15,150.51,1314,1
49936,-96.16,12.09,150.15,1314,1
49946,-95.77,12.09,149.79,1314,1
49956,-95.39,12.16,149.47,1314,1
49966,-95.02,12.25,149.25,1314,1
49976,-94.65,12.35,149.14,1314,1
49986,-94.27,12.41,149.20,1314,1
49996,-93.86,12.42,149.35,1314,1
50006,-93.41,12.34,149.67,1314,1
50016,-92.89,12.19,150.05,1314,1
50026,-92.33,12.05,150.43,1314,1
50036,-91.78,12.00,150.76,1314,1
50046,-91.25,12.06,151.06,1314,1
50056,-90.75,12.21,151.40,1314,1
50066,-90.30,12.38,151.78,1314,1
50076,-89.88,12.57,152.22,1314,1
50086,-89.51,12.85,152.73,1314,1
50096,-89.18,13.20,153.32,1314,1
50106,-88.88,13.60,153.98,1314,1
50116,-88.60,13.98,154.71,1314,1
50126,-88.35,14.34,155.49,1314,1
50136,-88.12,14.64,156.29,1314,1
50160,-87.92,14.84,157.07,1981,1
50171,-87.78,14.81,157.73,1981,1
50181,-87.67,14.78,158.32,1981,1
50191,-87.58,14.79,158.83,1981,1
50201,-87.50,14.85,159.27,1981,1
50211,-87.44,14.97,159.65,1981,1
50221,-87.39,15.09,159.98,1981,1
50231,-87.35,15.23,160.33,1981,1
50241,-87.33,15.39,160.72,1981,1
50251,-87.33,15.50,161.10,1981,1
50261,-87.33,15.56,161.46,1981,1
50271,-87.35,15.63,161.78,1981,1
50281,-87.37,15.72,162.04,1981,1
50291,-87.41,15.80,162.29,1981,1
50301,-87.47,15.87,162.55,1981,1
50311,-87.54,15.91,162.82,1981,1
50321,-87.61,15.98,163.09,1981,1
50331,-87.68,16.12,163.36,1981,1
50341,-87.74,16.33,163.65,1981,1
50351,-87.81,16.57,163.94,1981,1
50361,-87.86,16.81,164.22,1981,1
50371,-87.90,17.03,164.47,1981,1
50381,-87.94,17.22,164.70,1981,1
50391,-87.97,17.32,164.88,1981,1
50401,-88.01,17.36,165.04,1981,1
50411,-88.05,17.38,165.19,1981,1
50421,-88.09,17.40,165.33,1981,1
50431,-88.14,17.45,165.46,1981,1
50441,-88.18,17.50,165.60,1981,1
50451,-88.22,17.53,165.76,1981,1
50461,-88.26,17.56,165.91,1981,1
50471,-88.28,17.57,166.06,1981,1
50481,-88.31,17.55,166.21,1981,1
50491,-88.32,17.47,166.36,1981,1
50501,-88.32,17.35,166.52,1981,1
50511,-88.31,17.21,166.69,1981,1
50521,-88.28,17.06,166.89,1981,1
50531,-88.23,16.93,167.12,1981,1
50541,-88.17,16.86,167.38,1981,1
50551,-88.11,16.84,167.66,1981,1
50561,-88.07,16.83,167.93,1981,1
50571,-88.04,16.83,168.20,1981,1
50581,-88.04,16.82,168.46,1981,1
50591,-88.07,16.80,168.68,1981,1
50601,-88.12,16.81,168.89,1981,1
50611,-88.21,16.81,169.08,1981,1
50621,-88.34,16.80,169.23,1981,1
50631,-88.49,16.78,169.35,1981,1
50641,-88.65,16.73,169.45,1981,1
50657,-88.82,16.69,169.52,687,1
50668,-88.98,16.64,169.55,687,1
50678,-89.14,16.59,169.58,687,1
50688,-89.28,16.56,169.60,687,1
50698,-89.41,16.56,169.63,687,1
50708,-89.52,16.57,169.65,687,1
50718,-89.61,16.56,169.69,687,1
50728,-89.68,16.52,169.73,687,1
50738,-89.74,16.45,169.79,687,1
50748,-89.77,16.38,169.85,687,1
50758,-89.80,16.28,169.93,687,1
50768,-89.82,16.15,170.03,687,1
50778,-89.84,16.03,170.14,687,1
50788,-89.85,15.93,170.26,687,1
50798,-89.88,15.84,170.38,687,1
50808,-89.93,15.78,170.48,687,1
50818,-90.00,15.74,170.54,687,1
50828,-90.10,15.70,170.58,687,1
50838,-90.21,15.65,170.61,687,1
50848,-90.33,15.56,170.61,687,1
50858,-90.46,15.45,170.60,687,1
50868,-90.59,15.34,170.58,687,1
50878,-90.71,15.24,170.57,687,1
50888,-90.82,15.17,170.58,687,1
50898,-90.93,15.12,170.60,687,1
50908,-91.03,15.08,170.62,687,1
50918,-91.12,15.03,170.63,687,1
50928,-91.21,14.98,170.63,687,1
50938,-91.28,14.94,170.60,687,1
50948,-91.34,14.93,170.56,687,1
50958,-91.39,14.94,170.53,687,1
50968,-91.42,14.96,170.51,687,1
50978,-91.43,14.98,170.50,687,1
50988,-91.43,14.98,170.51,687,1
50998,-91.43,14.98,170.53,687,1
51008,-91.41,14.99,170.56,687,1
51018,-91.38,14.99,170.63,687,1
51028,-91.33,14.96,170.71,687,1
51038,-91.29,14.90,170.81,687,1
51048,-91.24,14.82,170.91,687,1
51058,-91.20,14.73,171.02,687,1
51068,-91.17,14.67,171.15,687,1
51078,-91.17,14.64,171.29,687,1
51088,-91.20,14.62,171.43,687,1
51098,-91.26,14.59,171.55,687,1
51108,-91.34,14.54,171.67,687,1
51118,-91.43,14.47,171.75,687,1
51128,-91.52,14.40,171.81,687,1
51138,-91.60,14.33,171.85,687,1
51148,-91.66,14.27,171.89,687,1
51164,-91.71,14.25,171.92,673,1
51175,-91.73,14.29,171.97,673,1
51185,-91.73,14.35,172.02,673,1
51195,-91.73,14.45,172.07,673,1
51205,-91.73,14.55,172.12,673,1
51215,-91.73,14.64,172.17,673,1
51225,-91.73,14.71,172.21,673,1
51235,-91.75,14.78,172.26,673,1
51245,-91.79,14.84,172.32,673,1
51255,-91.84,14.89,172.38,673,1
51265,-91.90,14.94,172.43,673,1
51275,-91.96,15.00,172.49,673,1
51285,-92.03,15.09,172.56,673,1
51295,-92.09,15.20,172.65,673,1
51305,-92.15,15.32,172.75,673,1
51315,-92.19,15.40,172.86,673,1
51325,-92.23,15.42,172.94,673,1
51335,-92.25,15.41,172.99,673,1
51345,-92.25,15.39,173.00,673,1
51355,-92.25,15.38,173.00,673,1
51365,-92.25,15.38,172.96,673,1
51375,-92.25,15.38,172.92,673,1
51385,-92.25,15.37,172.87,673,1
51395,-92.25,15.35,172.81,673,1
51405,-92.23,15.35,172.74,673,1
51415,-92.20,15.38,172.67,673,1
51425,-92.16,15.43,172.59,673,1
51435,-92.10,15.51,172.53,673,1
51445,-92.03,15.59,172.46,673,1
51455,-91.94,15.68,172.41,673,1
51465,-91.84,15.78,172.36,673,1
51475,-91.73,15.87,172.32,673,1
51485,-91.62,15.96,172.29,673,1
51495,-91.51,16.03,172.29,673,1
51505,-91.41,16.08,172.30,673,1
51515,-91.34,16.10,172.32,673,1
51525,-91.28,16.11,172.35,673,1
51535,-91.25,16.10,172.37,673,1
51545,-91.25,16.08,172.42,673,1
51555,-91.25,16.07,172.47,673,1
51565,-91.28,16.07,172.53,673,1
51575,-91.33,16.09,172.60,673,1
51585,-91.39,16.12,172.68,673,1
51595,-91.45,16.14,172.75,673,1
51605,-91.52,16.14,172.80,673,1
51615,-91.57,16.16,172.84,673,1
51625,-91.62,16.18,172.87,673,1
51635,-91.66,16.22,172.89,673,1
51645,-91.69,16.26,172.89,673,1
51655,-91.71,16.30,172.90,673,1
51679,-91.73,16.34,172.90,1974,1
51690,-91.75,16.37,172.91,1974,1
51700,-91.78,16.39,172.91,1974,1
51710,-91.81,16.42,172.90,1974,1
51720,-91.86,16.43,172.88,1974,1
51730,-91.90,16.43,172.85,1974,1
51740,-91.95,16.41,172.80,1974,1
51750,-91.98,16.38,172.76,1974,1
51760,-92.01,16.37,172.71,1974,1
51770,-92.01,16.36,172.68,1974,1
51780,-92.01,16.34,172.67,1974,1
51790,-91.98,16.31,172.67,1974,1
51800,-91.92,16.30,172.70,1974,1
51810,-91.84,16.28,172.75,1974,1
51820,-91.76,16.25,172.80,1974,1
51830,-91.67,16.22,172.84,1974,1
51840,-91.58,16.19,172.87,1974,1
51850,-91.51,16.18,172.89,1974,1
51860,-91.46,16.17,172.91,1974,1
51870,-91.43,16.16,172.93,1974,1
51880,-91.43,16.15,172.93,1974,1
51890,-91.46,16.14,172.93,1974,1
51900,-91.49,16.15,172.92,1974,1
51910,-91.52,16.22,172.91,1974,1
51920,-91.54,16.31,172.92,1974,1
51930,-91.54,16.37,172.95,1974,1
51940,-91.54,16.41,172.97,1974,1
51950,-91.54,16.39,172.99,1974,1
51960,-91.54,16.35,172.98,1974,1
51970,-91.54,16.30,172.97,1974,1
51980,-91.54,16.27,172.94,1974,1
51990,-91.54,16.26,172.92,1974,1
52000,-91.54,16.29,172.91,1974,1
52010,-91.54,16.35,172.91,1974,1
52020,-91.52,16.44,172.93,1974,1
52030,-91.50,16.52,172.97,1974,1
52040,-91.47,16.60,173.02,1974,1
52050,-91.44,16.65,173.08,1974,1
52060,-91.41,16.69,173.15,1974,1
52070,-91.39,16.72,173.23,1974,1
52080,-91.36,16.74,173.32,1974,1
52090,-91.34,16.74,173.42,1974,1
52100,-91.31,16.75,173.54,1974,1
52110,-91.29,16.75,173.66,1974,1
52120,-91.26,16.74,173.78,1974,1
52130,-91.24,16.73,173.90,1974,1
52140,-91.22,16.71,174.02,1974,1
52150,-91.20,16.69,174.14,1974,1
52160,-91.18,16.68,174.26,1974,1
52177,-91.17,16.67,174.38,770,1
52188,-91.15,16.66,174.48,770,1
52198,-91.13,16.66,174.58,770,1
52208,-91.09,16.67,174.68,770,1
52218,-91.05,16.68,174.77,770,1
52228,-91.00,16.68,174.86,770,1
52238,-90.95,16.67,174.93,770,1
52248,-90.89,16.68,175.00,770,1
52258,-90.84,16.70,175.06,770,1
52268,-90.79,16.73,175.11,770,1
52278,-90.75,16.74,175.14,770,1
52288,-90.72,16.74,175.17,770,1
52298,-90.69,16.73,175.19,770,1
52308,-90.66,16.72,175.20,770,1
52318,-90.62,16.71,175.21,770,1
52328,-90.58,16.71,175.23,770,1
52338,-90.53,16.68,175.24,770,1
52348,-90.48,16.68,175.24,770,1
52358,-90.43,16.68,175.24,770,1
52368,-90.38,16.66,175.25,770,1
52378,-90.32,16.66,175.26,770,1
52388,-90.25,16.64,175.29,770,1
52398,-90.18,16.62,175.33,770,1
52408,-90.11,16.62,175.36,770,1
52418,-90.03,16.62,175.42,770,1
52428,-89.94,16.64,175.47,770,1
52438,-89.85,16.67,175.53,770,1
52448,-89.74,16.71,175.59,770,1
52458,-89.64,16.77,175.65,770,1
52468,-89.52,16.84,175.73,770,1
52478,-89.41,16.92,175.80,770,1
52488,-89.29,16.99,175.87,770,1
52498,-89.18,17.02,175.93,770,1
52508,-89.08,17.02,175.97,770,1
52518,-88.99,16.96,175.98,770,1
52528,-88.89,16.87,175.97,770,1
52538,-88.79,16.75,175.95,770,1
52548,-88.68,16.62,175.91,770,1
52558,-88.54,16.50,175.87,770,1
52568,-88.38,16.41,175.83,770,1
52578,-88.20,16.30,175.79,770,1
52588,-87.99,16.18,175.79,770,1
52598,-87.75,16.05,175.77,770,1
52608,-87.46,15.97,175.71,770,1
52618,-87.11,15.89,175.65,770,1
52628,-86.71,15.89,175.56,770,1
52638,-86.28,15.79,175.48,770,1
52648,-85.76,15.50,175.35,770,1
52658,-85.07,15.23,175.21,770,1
52668,-84.24,15.14,175.13,770,1
52684,-83.33,15.30,175.14,692,1
52695,-82.33,15.66,175.29,692,1
52705,-81.30,16.04,175.50,692,1
52715,-80.25,16.39,168.53,692,1
52725,-79.22,16.66,161.69,692,1
52735,-78.22,16.84,154.99,692,1
52745,-77.27,16.94,148.44,692,1
52755,-76.40,17.01,142.01,692,1
52765,-75.63,17.06,135.64,692,1
52775,-74.94,17.06,129.36,692,1
52785,-74.34,17.00,123.18,692,1
52795,-73.82,16.98,117.12,692,1
52805,-73.38,17.02,111.20,692,1
52815,-73.01,17.11,105.43,692,1
52825,-72.73,17.23,99.81,692,1
52835,-72.52,17.33,94.32,692,1
52845,-72.36,17.37,89.01,692,1
52855,-72.25,17.32,83.81,692,1
52865,-72.20,17.24,78.70,692,1
52875,-72.23,17.09,73.73,692,1
52885,-72.32,16.84,68.89,692,1
52895,-72.47,16.52,64.18,692,1
52905,-72.64,16.18,59.58,692,1
52915,-72.81,15.84,55.10,692,1
52925,-72.99,15.52,50.75,692,1
52935,-73.17,15.19,46.54,692,1
52945,-73.38,14.85,42.43,692,1
52955,-73.61,14.50,38.41,692,1
52965,-73.86,14.15,34.42,692,1
52975,-74.14,13.85,30.46,692,1
52985,-74.42,13.61,26.55,692,1
52995,-74.71,13.43,22.70,692,1
53005,-75.00,13.30,18.93,692,1
53015,-75.30,13.22,15.21,692,1
53025,-75.61,13.17,11.55,692,1
53035,-75.91,13.14,7.94,692,1
53045,-76.21,13.18,4.37,692,1
53055,-76.52,13.29,0.85,692,1
53065,-76.84,13.50,-2.61,692,1
53075,-77.17,13.78,-6.03,692,1
53085,-77.52,14.07,-9.41,692,1
53095,-77.88,14.31,-12.80,692,1
53105,-78.25,14.45,-16.18,692,1
53115,-78.62,14.54,-19.54,692,1
53125,-78.98,14.65,-22.87,692,1
53135,-79.32,14.82,-26.13,692,1
53145,-79.65,15.00,-29.34,692,1
53155,-79.95,15.17,-25.27,692,1
53165,-80.22,15.33,-21.27,692,1
53175,-80.45,15.48,-17.33,692,1
53193,-80.63,15.66,-13.44,959,1
53204,-80.74,15.90,-9.68,959,1
53214,-80.80,16.17,-5.99,959,1
53224,-80.84,16.46,-2.38,959,1
53234,-80.87,16.75,1.15,959,1
53244,-80.89,17.04,4.63,959,1
53254,-80.90,17.35,8.05,959,1
53264,-80.90,17.61,11.43,959,1
53274,-80.90,17.82,14.74,959,1
53284,-80.87,18.05,17.96,959,1
53294,-80.84,18.30,21.08,959,1
53304,-80.80,18.58,24.12,959,1
53314,-80.77,18.88,27.10,959,1
53324,-80.75,19.15,30.03,959,1
53334,-80.72,19.40,32.92,959,1
53344,-80.70,19.61,35.75,959,1
53354,-80.67,19.81,38.53,959,1
53364,-80.65,19.98,41.25,959,1
53374,-80.63,20.14,43.91,959,1
53384,-80.61,20.29,46.51,959,1
53394,-80.61,20.45,49.06,959,1
53404,-80.61,20.65,51.55,959,1
53414,-80.64,20.89,53.98,959,1
53424,-80.67,21.17,56.34,959,1
53434,-80.72,21.49,58.64,959,1
53444,-80.79,21.85,53.66,959,1
53454,-80.86,22.18,48.74,959,1
53464,-80.91,22.52,51.08,959,1
53474,-80.94,22.88,53.33,959,1
53484,-80.98,23.29,55.52,959,1
53494,-81.02,23.73,57.65,959,1
53504,-81.07,24.18,59.73,959,1
53514,-81.12,24.60,61.76,959,1
53524,-81.19,24.95,63.73,959,1
53534,-81.27,25.23,65.64,959,1
53544,-81.36,25.46,67.48,959,1
53554,-81.46,25.67,69.31,959,1
53564,-81.57,25.86,71.17,959,1
53574,-81.68,25.97,73.10,959,1
53584,-81.80,25.94,75.03,959,1
53594,-81.90,25.81,76.98,959,1
53604,-81.97,25.68,78.96,959,1
53614,-82.03,25.58,80.94,959,1
53624,-82.07,25.47,82.90,959,1
53634,-82.11,25.35,84.85,959,1
53644,-82.15,25.28,86.80,959,1
53654,-82.20,25.22,88.71,959,1
53664,-82.25,25.21,90.54,959,1
53674,-82.32,25.29,92.27,959,1
53684,-82.37,25.35,93.90,959,1
53697,-82.41,25.36,95.42,33,1
53708,-82.43,25.38,96.67,33,1
53718,-82.55,25.53,97.82,33,1
53728,-82.80,25.71,98.79,33,1
53738,-83.06,25.93,99.77,33,1
53748,-83.20,26.06,100.82,33,1
53758,-83.20,26.11,101.92,33,1
53768,-83.11,26.06,103.05,33,1
53778,-82.99,25.91,104.17,33,1
53788,-82.88,25.81,105.28,33,1
53798,-82.79,25.65,106.41,33,1
53808,-82.74,25.41,107.59,33,1
53818,-82.72,25.19,108.81,33,1
53828,-82.74,24.98,110.08,33,1
53838,-82.80,24.76,111.40,33,1
53848,-82.88,24.50,112.72,33,1
53858,-82.96,24.19,114.00,33,1
53868,-83.05,23.84,115.26,33,1
53878,-83.17,23.48,116.48,33,1
53888,-83.32,23.15,117.64,33,1
53898,-83.52,22.89,118.75,33,1
53908,-83.73,22.67,119.81,33,1
53918,-83.95,22.50,120.81,33,1
53928,-84.17,22.34,121.76,33,1
53938,-84.37,22.21,122.67,33,1
53948,-84.57,22.09,123.51,33,1
53958,-84.79,21.99,124.34,33,1
53968,-85.00,21.90,125.15,33,1
53978,-85.21,21.79,125.98,33,1
53988,-85.37,21.65,126.83,33,1
53998,-85.50,21.52,127.67,33,1
54008,-85.61,21.36,128.51,33,1
54018,-85.71,21.19,129.36,33,1
54028,-85.81,21.01,130.20,33,1
54038,-85.88,20.79,131.05,33,1
54048,-85.95,20.55,131.88,33,1
54058,-86.00,20.30,132.68,33,1
54068,-86.05,20.06,133.44,33,1
54078,-86.08,19.81,134.18,33,1
54088,-86.10,19.55,134.90,33,1
54098,-86.12,19.28,135.62,33,1
54108,-86.12,18.99,136.34,33,1
54118,-86.12,18.70,137.07,33,1
54128,-86.12,18.41,137.78,33,1
54138,-86.12,18.11,138.47,33,1
54148,-86.12,17.81,139.15,33,1
54158,-86.12,17.53,139.80,33,1
54168,-86.11,17.27,140.42,33,1
54178,-86.09,17.03,141.02,33,1
54188,-86.06,16.82,141.59,33,1
54230,-86.04,16.64,142.15,33,0
54241,-86.01,16.50,142.67,33,0
54251,-85.98,16.37,143.20,33,0
54261,-85.95,16.25,143.72,33,0
54271,-85.92,16.15,144.24,33,0
54281,-85.89,16.07,144.75,33,0
54291,-85.87,16.01,145.25,33,0
54301,-85.86,15.98,145.75,33,0
54311,-85.86,15.96,146.24,33,0
54321,-85.86,15.97,146.73,33,0
54331,-85.86,16.00,147.24,33,0
54341,-85.86,16.04,147.76,33,0
54351,-85.86,16.07,148.27,33,0
54361,-85.86,16.10,148.78,33,0
54371,-85.86,16.10,149.28,33,0
54381,-85.86,16.07,149.76,33,0
54391,-85.86,16.01,150.23,33,0
54401,-85.86,15.92,150.67,33,0
54411,-85.86,15.80,151.10,33,0
54421,-85.86,15.63,151.51,33,0
54431,-85.86,15.44,151.90,33,0
54441,-85.87,15.22,152.28,33,0
54451,-85.90,14.99,152.65,33,0
54461,-85.92,14.76,153.02,33,0
54471,-85.95,14.54,153.38,33,0
54481,-85.99,14.32,153.76,33,0
54491,-86.02,14.11,154.12,33,0
54501,-86.05,13.90,154.46,33,0
54511,-86.08,13.70,154.79,33,0
54521,-86.10,13.50,155.11,33,0
54531,-86.13,13.31,155.43,33,0
54541,-86.15,13.14,155.75,33,0
54551,-86.18,12.99,156.08,33,0
54561,-86.20,12.86,156.42,33,0
54571,-86.23,12.73,156.77,33,0
54581,-86.25,12.61,157.12,33,0
54591,-86.29,12.51,157.46,33,0
54601,-86.33,12.42,157.78,33,0
54611,-86.37,12.35,158.10,33,0
54621,-86.41,12.26,158.39,33,0
54631,-86.44,12.17,158.66,33,0
54641,-86.46,12.07,158.92,33,0
54651,-86.47,11.98,159.16,33,0
54661,-86.47,11.88,159.41,33,0
54671,-86.47,11.77,159.65,33,0
54681,-86.47,11.66,159.89,33,0
54691,-86.47,11.53,160.14,33,0
54733,-86.47,11.40,160.38,33,0
54744,-86.47,11.26,160.63,33,0
54754,-86.46,11.11,160.86,33,0
54764,-86.44,10.99,161.08,33,0
54774,-86.42,10.88,161.31,33,0
54784,-86.40,10.78,161.53,33,0
54794,-86.40,10.67,161.75,33,0
54804,-86.40,10.56,161.96,33,0
54814,-86.40,10.44,162.17,33,0
54824,-86.40,10.33,162.37,33,0
54834,-86.40,10.22,162.57,33,0
54844,-86.40,10.12,162.76,33,0
54854,-86.40,10.01,162.93,33,0
54864,-86.40,9.92,163.08,33,0
54874,-86.40,9.83,163.24,33,0
54884,-86.39,9.75,163.40,33,0
54894,-86.37,9.69,163.56,33,0
54904,-86.34,9.62,163.73,33,0
54914,-86.31,9.56,163.88,33,0
54924,-86.29,9.50,164.02,33,0
54934,-86.26,9.44,164.16,33,0
54944,-86.24,9.39,164.30,33,0
54954,-86.23,9.34,164.45,33,0
54964,-86.23,9.29,164.60,33,0
54974,-86.23,9.24,164.74,33,0
54984,-86.23,9.18,164.87,33,0
54994,-86.23,9.12,165.00,33,0
55004,-86.23,9.08,165.14,33,0
55014,-86.23,9.04,165.27,33,0
55024,-86.23,9.00,165.41,33,0
55034,-86.24,8.97,165.55,33,0
55044,-86.25,8.95,165.68,33,0
55054,-86.27,8.92,165.81,33,0
55064,-86.29,8.89,165.93,33,0
55074,-86.31,8.87,166.06,33,0
55084,-86.33,8.85,166.17,33,0
55094,-86.34,8.84,166.29,33,0
55104,-86.36,8.81,166.41,33,0
55114,-86.37,8.78,166.52,33,0
55124,-86.37,8.73,166.62,33,0
55134,-86.37,8.69,166.72,33,0
55144,-86.37,8.63,166.81,33,0
55154,-86.35,8.58,166.90,33,0
55164,-86.33,8.54,166.98,33,0
55174,-86.29,8.52,167.08,33,0
55184,-86.26,8.50,167.17,33,0
55194,-86.23,8.49,167.26,33,0
55236,-86.21,8.49,167.34,33,0
55247,-86.17,8.49,167.40,33,0
55257,-86.14,8.48,167.47,33,0
55267,-86.12,8.47,167.55,33,0
55277,-86.10,8.46,167.66,33,0
55287,-86.09,8.44,167.76,33,0
55297,-86.09,8.41,167.86,33,0
55307,-86.09,8.38,167.96,33,0
55317,-86.09,8.35,168.04,33,0
55327,-86.09,8.32,168.13,33,0
55337,-86.09,8.29,168.22,33,0
55347,-86.09,8.24,168.31,33,0
55357,-86.09,8.18,168.39,33,0
55367,-86.11,8.12,168.49,33,0
55377,-86.13,8.07,168.60,33,0
55387,-86.17,8.00,168.69,33,0
55397,-86.21,7.92,168.77,33,0
55407,-86.24,7.83,168.83,33,0
55417,-86.28,7.74,168.88,33,0
55427,-86.31,7.65,168.93,33,0
55437,-86.34,7.57,168.97,33,0
55447,-86.38,7.53,169.00,33,0
55457,-86.42,7.50,169.03,33,0
55467,-86.46,7.49,169.06,33,0
55477,-86.50,7.51,169.08,33,0
55487,-86.55,7.54,169.10,33,0
55497,-86.60,7.58,169.13,33,0
55507,-86.67,7.63,169.17,33,0
55518,-86.74,7.69,169.21,33,0
55527,-86.80,7.75,169.24,33,0
55538,-86.85,7.80,169.27,33,0
55547,-86.90,7.84,169.29,33,0
55558,-86.95,7.87,169.32,33,0
55568,-86.99,7.89,169.35,33,0
55578,-87.02,7.90,169.38,33,0
55588,-87.05,7.90,169.41,33,0
55598,-87.07,7.90,169.45,33,0
55608,-87.09,7.89,169.49,33,0
55618,-87.09,7.87,169.54,33,0
55628,-87.09,7.84,169.60,33,0
55638,-87.09,7.78,169.66,33,0
55648,-87.09,7.69,169.72,33,0
55658,-87.09,7.59,169.77,33,0
55668,-87.09,7.48,169.83,33,0
55678,-87.09,7.35,169.88,33,0
55688,-87.09,7.22,169.92,33,0
55698,-87.09,7.10,169.96,33,0
55740,-87.09,6.99,170.00,33,0
55751,-87.11,6.93,170.01,33,0
55761,-87.13,6.88,170.02,33,0
55771,-87.16,6.84,170.04,33,0
55781,-87.18,6.82,170.06,33,0
55791,-87.20,6.80,170.09,33,0
55801,-87.23,6.80,170.11,33,0
55811,-87.25,6.79,170.15,33,0
55821,-87.25,6.78,170.19,33,0
55831,-87.25,6.76,170.24,33,0
55841,-87.25,6.74,170.28,33,0
55851,-87.25,6.70,170.34,33,0
55861,-87.25,6.65,170.39,33,0
55871,-87.25,6.61,170.44,33,0
55881,-87.25,6.55,170.49,33,0
55891,-87.25,6.49,170.56,33,0
55901,-87.24,6.44,170.62,33,0
55911,-87.24,6.39,170.68,33,0
55921,-87.23,6.34,170.73,33,0
55931,-87.21,6.30,170.78,33,0
55941,-87.20,6.27,170.82,33,0
55951,-87.20,6.25,170.86,33,0
55961,-87.20,6.24,170.90,33,0
55971,-87.20,6.23,170.94,33,0
55981,-87.20,6.22,170.98,33,0
55991,-87.20,6.21,171.01,33,0
56001,-87.21,6.20,171.04,33,0
56011,-87.22,6.17,171.05,33,0
56021,-87.22,6.13,171.05,33,0
56031,-87.22,6.10,171.06,33,0
56041,-87.22,6.06,171.06,33,0
56051,-87.22,6.03,171.07,33,0
56061,-87.22,6.00,171.07,33,0
56071,-87.22,5.98,171.08,33,0
56081,-87.22,5.94,171.10,33,0
56091,-87.21,5.91,171.13,33,0
56101,-87.19,5.87,171.16,33,0
56111,-87.17,5.83,171.20,33,0
56121,-87.16,5.80,171.23,33,0
56131,-87.14,5.77,171.27,33,0
56141,-87.13,5.76,171.30,33,0
56151,-87.12,5.76,171.33,33,0
56161,-87.12,5.76,171.34,33,0
56171,-87.12,5.77,171.34,33,0
56181,-87.12,5.77,171.33,33,0
56191,-87.12,5.77,171.33,33,0
56201,-87.12,5.77,171.33,33,0
56243,-87.12,5.75,171.33,33,0
56254,-87.12,5.71,171.32,33,0
56264,-87.12,5.67,171.31,33,0
56274,-87.12,5.63,171.29,33,0
56284,-87.12,5.60,171.28,33,0
56294,-87.12,5.58,171.27,33,0
56304,-87.12,5.56,171.27,33,0
56314,-87.12,5.53,171.27,33,0
56324,-87.10,5.51,171.29,33,0
56334,-87.08,5.49,171.31,33,0
56344,-87.06,5.47,171.31,33,0
56354,-87.03,5.45,171.31,33,0
56364,-87.02,5.43,171.31,33,0
56374,-87.00,5.40,171.32,33,0
56384,-87.00,5.37,171.33,33,0
56394,-87.00,5.35,171.35,33,0
56404,-87.00,5.31,171.37,33,0
56414,-87.00,5.30,171.41,33,0
56424,-87.00,5.28,171.45,33,0
56434,-87.00,5.26,171.48,33,0
56444,-87.00,5.24,171.51,33,0
56454,-87.00,5.22,171.55,33,0
56464,-87.00,5.21,171.58,33,0
56474,-87.00,5.19,171.60,33,0
56484,-87.00,5.17,171.63,33,0
56494,-87.00,5.15,171.65,33,0
56504,-87.00,5.14,171.67,33,0
56514,-87.00,5.13,171.68,33,0
56524,-87.00,5.11,171.70,33,0
56534,-87.00,5.07,171.72,33,0
56544,-87.02,5.04,171.74,33,0
56554,-87.03,5.01,171.75,33,0
56564,-87.05,4.98,171.74,33,0
56574,-87.06,4.95,171.73,33,0
56584,-87.08,4.93,171.74,33,0
56594,-87.08,4.92,171.76,33,0
56604,-87.08,4.90,171.77,33,0
56614,-87.08,4.89,171.78,33,0
56624,-87.08,4.88,171.79,33,0
56634,-87.08,4.88,171.81,33,0
56644,-87.06,4.87,171.83,33,0
56654,-87.06,4.86,171.86,33,0
56664,-87.06,4.84,171.88,33,0
56674,-87.06,4.82,171.90,33,0
56684,-87.06,4.80,171.92,33,0
56694,-87.06,4.78,171.96,33,0
56704,-87.06,4.77,172.01,33,0
56746,-87.06,4.74,172.06,33,0
56757,-87.09,4.76,172.11,33,0
56767,-87.13,4.77,172.16,33,0
56777,-87.17,4.78,172.22,33,0
56787,-87.22,4.81,172.26,33,0
56797,-87.27,4.86,172.31,33,0
56807,-87.35,4.92,172.36,33,0
56817,-87.44,4.99,172.43,33,0
56827,-87.54,5.07,172.51,33,0
56837,-87.66,5.16,172.59,33,0
56847,-87.80,5.24,172.69,33,0
56857,-87.98,5.33,172.83,33,0
56867,-88.22,5.42,173.01,33,0
56877,-88.52,5.56,173.27,33,0
56887,-88.92,5.71,166.44,33,0
56897,-89.42,5.94,159.84,33,0
56907,-90.02,6.24,153.47,33,0
56917,-90.73,6.60,147.38,33,0
56927,-91.54,6.94,141.51,33,0
56937,-92.48,7.25,135.79,33,0
56947,-93.52,7.57,130.13,33,0
56957,-94.64,7.84,124.63,33,0
56967,-95.83,8.11,119.19,33,0
56977,-97.07,8.46,113.82,33,0
56987,-98.36,8.86,108.49,33,0
56997,-99.68,9.31,103.21,33,0
57007,-101.01,9.82,97.99,33,0
57017,-102.33,10.38,92.81,33,0
57027,-103.62,10.95,94.91,33,0
57037,-104.87,11.51,96.97,33,0
57047,-106.06,12.03,99.01,33,0
57057,-107.18,12.51,100.97,33,0
57067,-108.23,12.93,102.81,33,0
57077,-109.20,13.31,104.54,33,0
57087,-110.09,13.63,106.16,33,0
57097,-110.89,13.92,107.72,33,0
57107,-111.60,14.19,109.24,33,0
57117,-112.23,14.48,110.73,33,0
57127,-112.79,14.83,112.14,33,0
57137,-113.27,15.21,113.45,33,0
57147,-113.66,15.55,114.72,33,0
57157,-113.98,15.82,115.97,33,0
57167,-114.25,15.97,117.23,33,0
57177,-114.45,15.98,118.50,33,0
57187,-114.58,15.85,119.78,33,0
57197,-114.66,15.64,121.06,33,0
57207,-114.68,15.39,122.35,33,0
57220,-114.66,15.12,116.44,115,1
57231,-114.60,14.85,110.65,115,1
57241,-114.49,14.57,104.96,115,1
57251,-114.35,14.27,99.38,115,1
57261,-114.18,13.90,93.93,115,1
57271,-114.01,13.45,88.60,115,1
57281,-113.81,12.92,83.36,115,1
57291,-113.60,12.35,78.21,115,1
57301,-113.35,11.76,73.11,115,1
57311,-113.07,11.17,68.04,115,1
57321,-112.77,10.54,63.03,115,1
57331,-112.44,9.88,58.03,115,1
57341,-112.08,9.20,53.06,115,1
57351,-111.69,8.48,48.13,115,1
57361,-111.28,7.72,43.24,115,1
57371,-110.83,6.90,38.38,115,1
57381,-110.32,6.01,40.74,115,1
57391,-109.76,5.02,43.00,115,1
57401,-109.13,3.90,45.18,115,1
57411,-108.43,2.64,47.29,115,1
57421,-107.66,1.24,49.32,115,1
57431,-106.81,-0.25,51.30,115,1
57441,-105.88,-1.78,53.14,115,1
57451,-104.89,-3.35,54.83,115,1
57461,-103.84,-4.92,56.38,115,1
57471,-102.80,-6.44,50.61,115,1
57481,-101.76,-7.93,52.08,115,1
57491,-100.74,-9.44,53.46,115,1
57501,-99.73,-10.94,54.79,115,1
57511,-98.74,-12.42,56.15,115,1
57521,-97.78,-13.89,57.54,115,1
57531,-96.87,-15.37,58.93,115,1
57541,-96.03,-16.78,60.27,115,1
57551,-95.29,-18.16,61.58,115,1
57561,-94.60,-19.54,62.83,115,1
57571,-93.94,-20.85,64.21,115,1
57581,-93.34,-22.10,65.85,115,1
57591,-92.82,-23.39,67.71,115,1
57601,-92.36,-24.69,69.63,115,1
57611,-91.93,-25.79,71.48,115,1
57621,-91.50,-26.59,73.17,115,1
57631,-91.08,-27.12,74.68,115,1
57641,-90.68,-27.43,76.13,115,1
57651,-90.30,-27.67,77.67,115,1
57661,-89.96,-27.88,79.39,115,1
57671,-89.67,-28.00,81.21,115,1
57681,-89.43,-28.05,83.07,115,1
57691,-89.25,-27.94,84.89,115,1
57701,-89.11,-27.62,86.65,115,1
57711,-89.01,-27.11,88.41,115,1
57754,-88.94,-26.40,90.16,115,0
57765,-88.97,-25.11,91.79,115,0
57775,-89.04,-23.74,93.38,115,0
57785,-89.15,-22.22,94.98,115,0
57795,-89.32,-20.56,96.58,115,0
57805,-89.54,-18.75,98.16,115,0
57815,-89.80,-16.82,99.75,115,0
57825,-90.10,-14.80,101.38,115,0
57835,-90.42,-12.72,103.04,115,0
57845,-90.76,-10.54,104.71,115,0
57855,-91.12,-8.28,106.38,115,0
57865,-91.51,-5.95,108.08,115,0
57875,-91.92,-3.55,109.79,115,0
57885,-92.35,-1.14,111.56,115,0
57895,-92.79,1.25,113.41,115,0
57905,-93.24,3.62,115.28,115,0
57915,-93.68,5.97,117.17,115,0
57925,-94.09,8.40,118.94,115,0
57935,-94.47,10.98,120.59,115,0
57945,-94.85,13.62,122.19,115,0
57955,-95.24,16.26,123.83,115,0
57965,-95.66,18.83,118.36,115,0
57975,-96.13,21.31,113.13,115,0
57985,-96.62,23.58,108.09,115,0
57995,-97.11,25.59,103.28,115,0
58005,-97.62,27.29,98.66,115,0
58015,-98.14,28.71,94.15,115,0
58025,-98.64,29.88,89.65,115,0
58035,-99.09,30.82,85.14,115,0
58045,-99.50,31.55,80.57,115,0
58055,-99.87,32.04,75.95,115,0
58065,-100.20,32.27,71.32,115,0
58075,-100.52,32.27,66.72,115,0
58085,-100.83,32.00,62.18,115,0
58095,-101.12,31.48,57.74,115,0
58105,-101.37,30.73,53.44,115,0
58115,-101.60,29.78,49.23,115,0
58125,-101.78,28.70,45.08,115,0
58135,-101.89,27.53,40.92,115,0
58145,-101.91,26.33,36.72,115,0
58155,-101.85,25.11,32.42,115,0
58165,-101.70,23.91,28.02,115,0
58175,-101.47,22.72,23.56,115,0
58185,-101.17,21.55,19.08,115,0
58195,-100.83,20.38,14.60,115,0
58205,-100.46,19.17,10.15,115,0
58215,-100.09,17.87,5.76,115,0
58228,-99.71,16.45,1.46,106,1
58239,-99.31,14.86,-2.74,106,1
58249,-98.88,13.18,-6.88,106,1
58259,-98.45,11.42,-10.98,106,1
58269,-97.99,9.59,-15.06,106,1
58279,-97.50,7.71,-11.93,106,1
58289,-96.95,5.76,-8.92,106,1
58299,-96.33,3.73,-6.01,106,1
58309,-95.66,1.63,-3.20,106,1
58319,-94.96,-0.49,-0.43,106,1
58329,-94.21,-2.59,2.29,106,1
58339,-93.45,-4.64,4.97,106,1
58349,-92.68,-6.65,7.60,106,1
58359,-91.91,-8.62,10.16,106,1
58369,-91.17,-10.53,12.64,106,1
58379,-90.47,-12.28,15.12,106,1
58389,-89.82,-13.92,17.65,106,1
58399,-89.22,-15.47,20.15,106,1
58409,-88.64,-16.90,22.57,106,1
58419,-88.10,-18.15,24.92,106,1
58429,-87.58,-19.22,27.18,106,1
58439,-87.09,-20.17,29.33,106,1
58449,-86.64,-21.01,31.44,106,1
58459,-86.26,-21.81,33.59,106,1
58469,-85.97,-22.56,35.77,106,1
58479,-85.80,-23.16,37.99,106,1
58489,-85.71,-23.61,40.21,106,1
58499,-85.65,-23.97,42.41,106,1
58509,-85.59,-24.22,44.63,106,1
58519,-85.54,-24.32,46.85,106,1
58529,-85.49,-24.20,48.99,106,1
58539,-85.47,-23.80,50.99,106,1
58549,-85.47,-23.20,52.90,106,1
58559,-85.48,-22.47,54.79,106,1
58569,-85.54,-21.66,56.80,106,1
58579,-85.65,-20.83,58.87,106,1
58589,-85.78,-19.96,60.93,106,1
58599,-85.94,-19.06,63.05,106,1
58609,-86.11,-18.20,65.27,106,1
58619,-86.32,-17.35,67.52,106,1
58629,-86.58,-16.37,69.66,106,1
58639,-86.86,-14.80,71.55,106,1
58649,-87.14,-12.22,72.96,106,1
58659,-87.47,-8.80,74.40,106,1
58669,-87.87,-5.14,76.35,106,1
58679,-88.30,-1.98,78.60,106,1
58689,-88.72,0.71,80.85,106,1
58699,-89.11,3.15,82.90,106,1
58709,-89.47,5.55,84.78,106,1
58719,-89.84,7.97,86.56,106,1
58731,-90.21,10.31,88.28,63,1
58742,-90.65,12.39,90.01,63,1
58752,-91.13,14.13,91.80,63,1
58762,-91.63,15.51,93.64,63,1
58772,-92.13,16.70,95.59,63,1
58782,-92.58,17.53,97.61,63,1
58792,-93.00,18.08,99.61,63,1
58802,-93.35,18.46,101.60,63,1
58812,-93.66,18.75,103.58,63,1
58822,-93.94,18.95,105.51,63,1
58832,-94.21,19.09,107.41,63,1
58842,-94.50,19.20,109.31,63,1
58852,-94.81,19.30,111.19,63,1
58862,-95.16,19.36,113.05,63,1
58872,-95.55,19.41,114.91,63,1
58882,-95.94,19.43,116.72,63,1
58892,-96.27,19.45,118.43,63,1
58902,-96.53,19.53,120.03,63,1
58912,-96.71,19.57,121.44,63,1
58922,-96.79,19.56,122.59,63,1
58932,-96.82,19.45,123.48,63,1
58942,-96.82,19.23,124.14,63,1
58952,-96.82,18.89,124.69,63,1
58962,-96.85,18.46,125.23,63,1
58972,-96.93,17.96,125.81,63,1
58982,-97.06,17.52,126.52,63,1
58992,-97.25,17.23,127.42,63,1
59002,-97.47,17.04,128.52,63,1
59012,-97.73,16.88,129.75,63,1
59022,-97.99,16.63,131.05,63,1
59032,-98.23,16.20,132.29,63,1
59042,-98.40,15.62,133.42,63,1
59052,-98.48,14.87,134.43,63,1
59062,-98.43,13.96,135.34,63,1
59072,-98.26,12.89,136.13,63,1
59082,-97.95,11.65,136.85,63,1
59092,-97.54,10.24,137.53,63,1
59102,-97.05,8.74,138.23,63,1
59112,-96.52,7.15,138.94,63,1
59122,-95.94,5.50,139.69,63,1
59132,-95.36,3.77,140.47,63,1
59142,-94.76,2.00,141.26,63,1
59152,-94.14,0.26,142.01,63,1
59162,-93.53,-1.40,142.74,63,1
59172,-92.92,-2.98,143.42,63,1
59182,-92.31,-4.52,144.04,63,1
59192,-91.69,-6.04,144.59,63,1
59202,-91.04,-7.56,145.11,63,1
59212,-90.35,-9.07,138.40,63,1
59222,-89.68,-10.52,131.84,63,1
59246,-89.04,-11.91,125.43,63,0
59257,-88.57,-12.97,119.30,63,0
59267,-88.17,-13.96,113.38,63,0
59277,-87.85,-14.96,107.63,63,0
59287,-87.59,-16.07,102.05,63,0
59297,-87.38,-17.19,96.61,63,0
59307,-87.25,-18.19,91.33,63,0
59317,-87.20,-18.93,86.18,63,0
59327,-87.20,-19.34,81.15,63,0
59337,-87.27,-19.49,76.31,63,0
59347,-87.40,-19.50,71.58,63,0
59357,-87.60,-19.40,74.20,63,0
59367,-87.87,-19.15,76.79,63,0
59377,-88.18,-18.64,79.31,63,0
59387,-88.53,-18.00,81.79,63,0
59397,-88.90,-17.17,84.15,63,0
59407,-89.28,-16.13,86.37,63,0
59417,-89.68,-14.91,88.42,63,0
59427,-90.08,-13.48,90.31,63,0
59437,-90.50,-11.89,92.05,63,0
59447,-90.89,-10.09,93.65,63,0
59457,-91.24,-8.02,95.21,63,0
59467,-91.57,-5.73,96.81,63,0
59477,-91.86,-3.27,98.48,63,0
59487,-92.15,-0.68,100.11,63,0
59497,-92.46,1.98,101.66,63,0
59507,-92.79,4.77,103.20,63,0
59517,-93.17,7.64,104.73,63,0
59527,-93.60,10.59,106.24,63,0
59537,-94.05,13.70,107.80,63,0
59547,-94.52,16.92,109.43,63,0
59557,-95.00,20.12,111.10,63,0
59567,-95.45,23.09,112.78,63,0
59577,-95.85,25.82,114.40,63,0
59587,-96.17,28.39,115.92,63,0
59597,-96.41,30.83,117.34,63,0
59607,-96.56,33.12,118.64,63,0
59617,-96.62,35.25,119.73,63,0
59627,-96.62,37.24,120.55,63,0
59637,-96.55,39.09,121.22,63,0
59647,-96.41,40.61,121.79,63,0
59657,-96.22,41.78,122.38,63,0
59667,-96.01,42.61,123.08,63,0
59677,-95.80,43.18,123.96,63,0
59687,-95.65,43.62,124.98,63,0
59697,-95.57,43.96,126.15,63,0
59707,-95.59,44.05,127.44,63,0
59717,-95.65,43.80,128.82,63,0
59727,-95.72,43.19,130.19,63,0
59740,-95.78,42.24,131.51,116,1
59751,-95.81,41.03,132.77,116,1
59761,-95.86,39.76,133.97,116,1
59771,-95.92,38.50,135.11,116,1
59781,-96.00,37.23,136.17,116,1
59791,-96.08,35.93,137.12,116,1
59801,-96.15,34.59,137.91,116,1
59811,-96.17,33.27,138.58,116,1
59821,-96.14,31.97,139.16,116,1
59831,-96.03,30.64,139.69,116,1
59841,-95.83,29.24,140.17,116,1
59851,-95.50,27.72,140.61,116,1
59861,-95.05,26.04,141.03,116,1
59871,-94.47,24.20,141.43,116,1
59881,-93.78,22.25,141.80,116,1
59891,-92.98,20.22,142.13,116,1
59901,-92.09,18.08,142.41,116,1
59911,-91.12,15.81,142.64,116,1
59921,-90.10,13.44,142.86,116,1
59931,-89.03,10.95,143.13,116,1
59941,-87.89,8.36,143.54,116,1
59951,-86.68,5.64,144.05,116,1
59961,-85.45,2.89,144.63,116,1
59971,-84.21,0.14,138.08,116,1
59981,-83.00,-2.52,131.73,116,1
59991,-81.86,-5.10,125.56,116,1
60001,-80.76,-7.70,119.58,116,1
60011,-79.68,-10.23,113.77,116,1
60021,-78.69,-12.61,108.14,116,1
60031,-77.80,-14.87,102.63,116,1
60041,-77.05,-16.91,97.29,116,1
60051,-76.42,-18.53,92.13,116,1
60061,-75.93,-19.54,87.17,116,1
60071,-75.59,-20.09,82.43,116,1
60081,-75.39,-20.32,77.84,116,1
60091,-75.33,-20.40,73.37,116,1
60101,-75.39,-20.38,69.03,116,1
60111,-75.53,-20.29,64.80,116,1
60121,-75.71,-20.11,60.65,116,1
60131,-75.91,-19.87,56.58,116,1
60141,-76.13,-19.55,52.57,116,1
60151,-76.36,-19.07,48.58,116,1
60161,-76.61,-18.60,44.71,116,1
60171,-76.88,-18.13,40.88,116,1
60181,-77.15,-17.57,37.02,116,1
60191,-77.42,-16.88,40.32,116,1
60201,-77.67,-16.03,43.53,116,1
60211,-77.89,-15.07,46.68,116,1
60221,-78.09,-14.10,49.75,116,1
60231,-78.27,-13.18,52.69,116,1
60259,-78.44,-12.30,48.36,116,0
60270,-78.57,-11.32,44.12,116,0
60280,-78.71,-10.30,40.02,116,0
60290,-78.86,-9.32,36.08,116,0
60300,-79.05,-8.39,32.33,116,0
60310,-79.25,-7.46,28.73,116,0
60320,-79.47,-6.48,25.32,116,0
60330,-79.72,-5.45,22.09,116,0
60340,-80.01,-4.36,19.00,116,0
60350,-80.35,-3.25,16.02,116,0
60360,-80.75,-2.21,13.19,116,0
60370,-81.21,-1.26,10.40,116,0
60380,-81.72,-0.43,14.71,116,0
60390,-82.26,0.27,11.82,116,0
60400,-82.83,0.95,9.07,116,0
60410,-83.40,1.72,6.29,116,0
60420,-83.98,2.54,3.49,116,0
60430,-84.56,3.27,7.87,116,0
60440,-85.15,3.96,12.02,116,0
60450,-85.75,4.70,15.97,116,0
60460,-86.37,5.50,19.66,116,0
60470,-87.04,6.36,23.03,116,0
60480,-87.80,7.20,26.13,116,0
60490,-88.69,8.06,29.13,116,0
60500,-89.68,8.98,32.18,116,0
60510,-90.74,9.98,35.44,116,0
60520,-91.80,10.95,38.85,116,0
60530,-92.69,11.62,41.95,116,0
60540,-93.25,12.20,44.53,116,0
60550,-93.43,12.95,46.61,116,0
60560,-93.39,14.03,48.26,116,0
60570,-93.31,15.38,50.15,116,0
60580,-93.31,16.76,52.35,116,0
60590,-93.39,18.06,54.46,116,0
60600,-93.47,19.29,56.37,116,0
60610,-93.53,20.50,58.07,116,0
60620,-93.54,21.72,59.58,116,0
60630,-93.52,23.00,60.86,116,0
60640,-93.46,24.35,61.86,116,0
60650,-93.33,25.86,62.73,116,0
60660,-93.13,27.65,63.29,116,0
60670,-92.86,29.66,63.45,116,0
60680,-92.53,31.96,63.48,116,0
60690,-92.17,34.61,63.67,116,0
60700,-91.80,37.58,64.66,116,0
60710,-91.45,40.62,66.78,116,0
60720,-91.15,43.53,69.11,116,0
60730,-90.94,46.32,64.19,116,0
60740,-90.80,49.03,66.50,116,0
60757,-90.71,51.71,68.64,723,1
60767,-90.66,54.17,70.72,723,1
60777,-90.61,56.44,72.81,723,1
60787,-90.53,58.52,67.79,723,1
60797,-90.45,60.51,62.88,723,1
60807,-90.41,62.35,57.97,723,1
60817,-90.48,64.02,53.01,723,1
60828,-90.67,65.51,55.15,723,1
60837,-90.91,66.83,57.07,723,1
60848,-91.12,68.06,58.82,723,1
60858,-91.21,69.29,60.52,723,1
60868,-91.21,70.51,62.32,723,1
60878,-91.16,71.69,64.23,723,1
60888,-91.12,72.77,66.22,723,1
60898,-91.06,73.73,68.25,723,1
60908,-90.95,74.46,70.24,723,1
60918,-90.75,74.90,72.15,723,1
60928,-90.45,75.08,74.01,723,1
60938,-90.07,75.08,75.87,723,1
60948,-89.65,75.01,77.73,723,1
60958,-89.22,74.92,79.60,723,1
60968,-88.82,74.78,81.43,723,1
60978,-88.45,74.58,83.20,723,1
60988,-88.10,74.36,84.93,723,1
60998,-87.79,74.13,86.63,723,1
61008,-87.53,73.82,88.30,723,1
61018,-87.29,73.42,89.95,723,1
61028,-87.05,72.95,91.60,723,1
61038,-86.76,72.37,93.24,723,1
61048,-86.41,71.67,94.79,723,1
61058,-85.99,70.87,96.25,723,1
61068,-85.48,70.01,97.67,723,1
61078,-84.91,69.06,99.04,723,1
61088,-84.30,67.95,100.41,723,1
61098,-83.66,66.76,101.84,723,1
61108,-82.99,65.48,103.30,723,1
61118,-82.31,64.10,104.81,723,1
61128,-81.61,62.63,106.34,723,1
61138,-80.90,61.09,107.85,723,1
61148,-80.17,59.49,109.33,723,1
61158,-79.43,57.79,110.76,723,1
61168,-78.64,55.98,112.18,723,1
61178,-77.80,54.02,113.57,723,1
61188,-76.92,51.92,114.93,723,1
61198,-76.04,49.72,116.28,723,1
61208,-75.14,47.41,117.63,723,1
61218,-74.22,44.95,118.98,723,1
61228,-73.31,42.38,120.32,723,1
61238,-72.43,39.73,114.45,723,1
61248,-71.60,36.87,108.66,723,1
61271,-70.83,33.83,102.93,1990,1
61282,-70.28,29.85,104.39,1990,1
61292,-69.80,25.63,105.78,1990,1
61302,-69.32,21.40,107.17,1990,1
61312,-68.85,17.30,108.63,1990,1
61322,-68.37,13.45,110.17,1990,1
61332,-67.90,9.81,111.80,1990,1
61342,-67.44,6.37,113.45,1990,1
61352,-66.98,3.25,115.19,1990,1
61362,-66.56,0.48,116.98,1990,1
61372,-66.18,-1.99,118.86,1990,1
61382,-65.84,-4.19,120.96,1990,1
61392,-65.57,-5.97,115.90,1990,1
61402,-65.38,-7.28,111.01,1990,1
61412,-65.26,-8.25,106.67,1990,1
61422,-65.22,-8.95,102.58,1990,1
61432,-65.29,-9.37,100.53,1990,1
61442,-65.48,-9.34,98.04,1990,1
61452,-65.78,-8.90,95.33,1990,1
61462,-66.18,-8.09,92.61,1990,1
61472,-66.66,-6.95,90.10,1990,1
61482,-67.23,-5.55,87.16,1990,1
61493,-67.86,-4.02,84.09,1990,1
61503,-68.50,-2.44,81.11,1990,1
61513,-69.15,-0.82,77.96,1990,1
61523,-69.78,0.81,77.72,1990,1
61533,-70.41,2.42,79.90,1990,1
61543,-71.02,3.95,82.12,1990,1
61553,-71.63,5.45,84.09,1990,1
61563,-72.23,6.99,85.35,1990,1
61573,-72.82,8.61,86.51,1990,1
61583,-73.41,10.28,88.44,1990,1
61593,-74.03,12.03,90.13,1990,1
61603,-74.69,13.78,92.39,1990,1
61613,-75.38,15.44,94.63,1990,1
61623,-76.12,16.96,96.80,1990,1
61633,-76.88,18.36,98.86,1990,1
61643,-77.62,19.67,100.83,1990,1
61653,-78.29,20.78,102.59,1990,1
61663,-78.77,21.69,103.78,1990,1
61673,-78.99,22.57,104.53,1990,1
61683,-78.98,23.65,105.02,1990,1
61693,-78.83,24.88,105.52,1990,1
61703,-78.64,26.25,106.07,1990,1
61713,-78.46,27.73,106.61,1990,1
61723,-78.28,29.29,106.98,1990,1
61733,-78.06,30.94,107.03,1990,1
61743,-77.77,32.72,106.96,1990,1
61753,-77.43,34.61,106.92,1990,1
61769,-77.07,36.57,107.16,740,1
61780,-76.71,38.58,107.95,740,1
61790,-76.36,40.65,109.11,740,1
61800,-76.02,42.74,110.47,740,1
61810,-75.69,44.86,111.74,740,1
61820,-75.38,47.02,112.78,740,1
61830,-75.12,49.26,113.56,740,1
61840,-74.90,51.57,114.12,740,1
61850,-74.71,53.90,114.47,740,1
61860,-74.54,56.35,114.64,740,1
61870,-74.40,58.93,114.65,740,1
61880,-74.26,61.65,114.61,740,1
61890,-74.12,64.38,114.74,740,1
61900,-73.97,66.98,115.05,740,1
61910,-73.80,69.36,115.47,740,1
61920,-73.62,71.53,115.90,740,1
61930,-73.45,73.59,116.32,740,1
61940,-73.25,75.52,116.73,740,1
61950,-73.03,77.35,117.18,740,1
61960,-72.75,79.03,117.73,740,1
61970,-72.43,80.48,118.36,740,1
61980,-72.06,81.65,119.07,740,1
61990,-71.65,82.58,119.82,740,1
62000,-71.19,83.24,120.64,740,1
62010,-70.66,83.63,121.57,740,1
62020,-70.06,83.68,122.59,740,1
62030,-69.39,83.51,123.73,740,1
62040,-68.67,83.05,125.01,740,1
62050,-67.91,82.39,126.32,740,1
62060,-67.11,81.47,127.63,740,1
62070,-66.27,80.38,128.92,740,1
62080,-65.40,79.21,130.17,740,1
62090,-64.53,77.95,131.39,740,1
62100,-63.68,76.60,132.60,740,1
62110,-62.87,75.18,133.83,740,1
62120,-62.12,73.76,127.84,740,1
62130,-61.47,72.37,121.96,740,1
62140,-60.90,70.98,123.37,740,1
62150,-60.41,69.57,124.73,740,1
62160,-59.96,68.10,126.07,740,1
62170,-59.50,66.52,127.39,740,1
62180,-59.02,64.83,128.71,740,1
62190,-58.53,63.07,130.01,740,1
62200,-58.03,61.25,131.28,740,1
62210,-57.54,59.39,132.53,740,1
62220,-57.06,57.54,133.79,740,1
62230,-56.58,55.65,135.08,740,1
62240,-56.08,53.77,136.42,740,1
62250,-55.55,51.91,137.79,740,1
62260,-54.98,50.07,139.13,740,1
62278,-54.36,48.20,140.44,882,1
62289,-53.58,46.19,141.69,882,1
62299,-52.70,44.14,142.94,882,1
62309,-51.72,42.15,144.22,882,1
62319,-50.68,40.30,138.32,882,1
62329,-49.60,38.45,132.48,882,1
62339,-48.45,36.49,126.68,882,1
62349,-47.20,34.45,120.92,882,1
62359,-45.84,32.49,115.32,882,1
62369,-44.38,30.77,109.94,882,1
62379,-42.82,29.26,104.73,882,1
62389,-41.20,27.88,99.60,882,1
62399,-39.58,26.61,94.54,882,1
62409,-38.02,25.47,89.59,882,1
62419,-36.59,24.50,84.78,882,1
62429,-35.30,23.74,80.21,882,1
62439,-34.18,23.12,75.90,882,1
62449,-33.25,22.62,71.86,882,1
62459,-32.52,22.15,68.11,882,1
62469,-32.02,21.72,64.66,882,1
62479,-31.77,21.31,61.45,882,1
62489,-31.80,20.87,58.42,882,1
62499,-32.11,20.39,55.56,882,1
62509,-32.71,19.84,52.89,882,1
62519,-33.54,19.22,50.38,882,1
62529,-34.57,18.58,48.03,882,1
62539,-35.74,17.94,45.81,882,1
62549,-37.00,17.28,43.60,882,1
62559,-38.33,16.61,41.41,882,1
62569,-39.67,16.00,39.26,882,1
62579,-40.95,15.30,37.04,882,1
62589,-42.09,14.53,34.68,882,1
62599,-43.04,13.86,32.22,882,1
62609,-43.79,13.38,29.74,882,1
62619,-44.37,13.13,27.29,882,1
62629,-44.84,13.06,24.89,882,1
62639,-45.26,13.09,22.50,882,1
62649,-45.67,13.16,20.09,882,1
62659,-46.08,13.33,17.70,882,1
62669,-46.46,13.76,15.50,882,1
62679,-46.80,14.38,13.15,882,1
62689,-47.06,15.16,10.59,882,1
62699,-47.23,16.06,7.91,882,1
62709,-47.31,17.11,5.17,882,1
62719,-47.28,18.51,2.63,882,1
62729,-47.16,20.27,0.41,882,1
62739,-46.93,22.36,-1.69,882,1
62749,-46.54,24.75,-3.80,882,1
62759,-45.99,27.24,-6.58,882,1
62769,-45.28,29.79,-9.46,882,1
62792,-44.48,32.33,-12.17,1964,1
62803,-43.50,34.53,-14.86,1964,1
62813,-42.49,36.63,-17.55,1964,1
62823,-41.47,38.72,-20.29,1964,1
62833,-40.49,40.81,-23.24,1964,1
62843,-39.54,42.89,-26.54,1964,1
62853,-38.64,44.80,-30.19,1964,1
62863,-37.81,46.34,-34.03,1964,1
62873,-37.02,47.59,-37.86,1964,1
62883,-36.27,48.75,-41.42,1964,1
62893,-35.58,50.06,-44.69,1964,1
62903,-35.00,51.47,-47.86,1964,1
62913,-34.61,52.78,-51.12,1964,1
62923,-34.41,53.70,-54.43,1964,1
62933,-34.34,54.22,-57.62,1964,1
62943,-34.31,54.47,-60.58,1964,1
62953,-34.23,54.60,-63.28,1964,1
62963,-34.12,54.74,-65.83,1964,1
62973,-34.01,54.72,-68.30,1964,1
62983,-33.94,54.57,-70.69,1964,1
62993,-33.91,54.41,-72.99,1964,1
63003,-33.91,54.27,-75.19,1964,1
63013,-33.95,54.11,-77.30,1964,1
63023,-34.02,53.84,-79.32,1964,1
63033,-34.12,53.40,-81.31,1964,1
63043,-34.24,52.71,-83.29,1964,1
63053,-34.38,51.72,-85.24,1964,1
63063,-34.52,50.50,-87.12,1964,1
63073,-34.63,49.12,-88.92,1964,1
63083,-34.69,47.52,-90.62,1964,1
63093,-34.72,45.58,-92.22,1964,1
63103,-34.74,43.36,-93.63,1964,1
63113,-34.77,41.15,-94.80,1964,1
63123,-34.83,39.10,-95.74,1964,1
63133,-34.95,37.09,-96.53,1964,1
63143,-35.15,35.08,-97.29,1964,1
63153,-35.45,33.02,-98.07,1964,1
63163,-35.85,30.89,-98.87,1964,1
63173,-36.32,28.78,-99.67,1964,1
63183,-36.86,26.78,-100.43,1964,1
63193,-37.44,24.86,-101.12,1964,1
63203,-38.04,23.10,-101.76,1964,1
63213,-38.64,21.47,-102.29,1964,1
63223,-39.24,20.00,-102.67,1964,1
63233,-39.85,18.58,-102.89,1964,1
63243,-40.46,17.11,-102.96,1964,1
63253,-41.07,15.56,-102.91,1964,1
63263,-41.72,13.92,-102.74,1964,1
63273,-42.39,12.23,-102.40,1964,1
63316,-43.10,10.58,-101.93,1964,0
63327,-43.82,9.22,-101.77,1964,0
63337,-44.45,8.08,-101.77,1964,0
63347,-44.96,7.18,-102.00,1964,0
63357,-45.34,6.55,-102.39,1964,0
63367,-45.60,6.22,-102.83,1964,0
63377,-45.73,6.07,-103.39,1964,0
63387,-45.77,6.37,-103.61,1964,0
63397,-45.73,7.08,-103.68,1964,0
63407,-45.63,7.98,-103.98,1964,0
63417,-45.51,8.81,-104.55,1964,0
63427,-45.41,9.56,-105.07,1964,0
63437,-45.33,10.22,-105.34,1964,0
63447,-45.23,10.79,-105.46,1964,0
63457,-45.11,11.31,-105.36,1964,0
63467,-44.96,11.84,-104.92,1964,0
63477,-44.78,12.47,-104.47,1964,0
63487,-44.58,13.25,-104.14,1964,0
63497,-44.36,14.17,-103.96,1964,0
63507,-44.10,15.26,-103.82,1964,0
63517,-43.81,16.57,-103.74,1964,0
63527,-43.50,18.11,-103.70,1964,0
63537,-43.19,19.81,-103.65,1964,0
63547,-42.89,21.68,-103.59,1964,0
63557,-42.58,23.71,-103.60,1964,0
63567,-42.26,25.87,-103.67,1964,0
63577,-41.91,28.06,-104.06,1964,0
63587,-41.52,30.31,-104.41,1964,0
63597,-41.12,32.52,-104.92,1964,0
63607,-40.73,34.59,-105.43,1964,0
63617,-40.35,36.54,-105.89,1964,0
63627,-39.96,38.40,-106.33,1964,0
63637,-39.58,40.30,-106.65,1964,0
63647,-39.18,42.22,-106.99,1964,0
63657,-38.77,44.20,-107.47,1964,0
63667,-38.37,46.10,-108.19,1964,0
63677,-37.98,47.86,-109.09,1964,0
63687,-37.62,49.47,-110.05,1964,0
63697,-37.27,51.03,-111.04,1964,0
63707,-36.95,52.62,-112.10,1964,0
63717,-36.64,54.22,-113.26,1964,0
63727,-36.32,55.79,-114.60,1964,0
63737,-35.99,57.26,-116.20,1964,0
63747,-35.66,58.47,-118.02,1964,0
63757,-35.34,59.28,-119.96,1964,0
63767,-35.00,59.79,-121.82,1964,0
63777,-34.64,60.28,-123.52,1964,0
63794,-34.33,60.78,-125.08,940,1
63805,-34.11,60.94,-126.41,940,1
63815,-33.92,60.93,-127.63,940,1
63825,-33.77,60.81,-128.76,940,1
63835,-33.64,60.57,-129.80,940,1
63845,-33.54,60.14,-130.75,940,1
63855,-33.46,59.54,-131.63,940,1
63865,-33.40,58.75,-132.42,940,1
63875,-33.35,57.88,-133.12,940,1
63885,-33.31,56.92,-133.76,940,1
63895,-33.28,55.90,-134.34,940,1
63905,-33.28,54.82,-134.89,940,1
63915,-33.30,53.66,-135.45,940,1
63925,-33.36,52.41,-136.04,940,1
63935,-33.46,51.05,-136.68,940,1
63945,-33.60,49.52,-137.35,940,1
63955,-33.77,47.84,-138.01,940,1
63965,-34.00,46.10,-138.62,940,1
63975,-34.31,44.26,-139.14,940,1
63985,-34.71,42.27,-139.59,940,1
63995,-35.18,40.13,-139.95,940,1
64005,-35.71,37.91,-140.22,940,1
64015,-36.29,35.64,-140.40,940,1
64025,-36.90,33.25,-140.52,940,1
64035,-37.51,30.77,-140.57,940,1
64045,-38.13,28.24,-140.51,940,1
64055,-38.76,25.73,-140.28,940,1
64065,-39.47,23.38,-139.88,940,1
64075,-40.27,21.18,-139.34,940,1
64085,-41.16,19.10,-138.68,940,1
64095,-42.14,17.38,-137.69,940,1
64105,-43.19,16.07,-136.34,940,1
64115,-44.29,15.09,-135.06,940,1
64125,-45.43,14.46,-134.01,940,1
64135,-46.55,14.09,-133.28,940,1
64145,-47.62,14.05,-132.86,940,1
64155,-48.59,14.36,-132.68,940,1
64165,-49.46,15.05,-132.61,940,1
64175,-50.21,16.13,-132.55,940,1
64185,-50.90,17.55,-132.63,940,1
64195,-51.57,19.17,-132.90,940,1
64205,-52.25,20.91,-133.21,940,1
64215,-52.97,22.72,-133.43,940,1
64225,-53.78,24.61,-133.56,940,1
64235,-54.66,26.52,-133.69,940,1
64245,-55.59,28.35,-133.85,940,1
64255,-56.55,30.25,-133.76,940,1
64265,-57.53,32.20,-133.53,940,1
64275,-58.54,34.34,-132.80,940,1
64285,-59.57,36.67,-131.83,940,1
64302,-60.64,39.06,-131.18,731,1
64313,-61.84,41.48,-131.02,731,1
64323,-63.12,43.97,-131.01,731,1
64333,-64.47,46.59,-131.11,731,1
64343,-65.85,49.26,-131.28,731,1
64353,-67.22,51.76,-131.47,731,1
64363,-68.57,54.07,-131.70,731,1
64373,-69.90,56.17,-131.95,731,1
64383,-71.20,58.04,-132.18,731,1
64393,-72.45,59.73,-132.39,731,1
64403,-73.68,61.27,-132.61,731,1
64413,-74.87,62.59,-132.86,731,1
64423,-76.03,63.70,-133.17,731,1
64433,-77.17,64.65,-133.55,731,1
64443,-78.32,65.45,-134.00,731,1
64453,-79.50,65.99,-134.50,731,1
64463,-80.71,66.17,-135.04,731,1
64473,-81.95,65.98,-135.61,731,1
64483,-83.22,65.57,-136.19,731,1
64493,-84.49,64.72,-136.75,731,1
64503,-85.77,63.58,-130.16,731,1
64513,-87.03,62.21,-123.75,731,1
64523,-88.24,60.70,-117.55,731,1
64533,-89.38,59.05,-111.63,731,1
64543,-90.45,57.26,-106.02,731,1
64553,-91.43,55.34,-100.71,731,1
64563,-92.33,53.36,-95.70,731,1
64573,-93.13,51.35,-90.93,731,1
64583,-93.83,49.35,-86.36,731,1
64593,-94.43,47.33,-81.98,731,1
64603,-94.97,45.18,-77.78,731,1
64613,-95.47,42.91,-73.74,731,1
64623,-95.96,40.55,-69.86,731,1
64633,-96.45,38.16,-66.12,731,1
64643,-96.94,35.77,-62.53,731,1
64653,-97.41,33.44,-59.13,731,1
64663,-97.88,31.19,-55.87,731,1
64673,-98.31,29.01,-52.77,731,1
64683,-98.69,26.93,-49.83,731,1
64693,-99.02,24.96,-47.02,731,1
64703,-99.27,23.19,-44.29,731,1
64713,-99.46,21.72,-41.67,731,1
64723,-99.63,20.55,-39.06,731,1
64733,-99.78,19.66,-36.44,731,1
64743,-99.98,18.96,-33.88,731,1
64753,-100.22,18.38,-31.33,731,1
64763,-100.50,17.96,-28.72,731,1
64773,-100.85,17.66,-26.07,731,1
64783,-101.31,17.52,-23.17,731,1
64793,-101.89,17.55,-20.14,731,1
64806,-102.57,17.79,-17.24,195,1
64817,-103.37,18.28,-14.53,195,1
64827,-104.25,18.95,-11.96,195,1
64837,-105.20,19.77,-9.42,195,1
64847,-106.20,20.79,-6.90,195,1
64857,-107.24,21.93,-4.37,195,1
64867,-108.29,23.19,-1.75,195,1
64877,-109.36,24.60,1.09,195,1
64887,-110.45,26.10,4.16,195,1
64897,-111.57,27.60,7.44,195,1
64907,-112.68,29.06,10.98,195,1
64917,-113.76,30.44,14.86,195,1
64927,-114.80,31.71,19.20,195,1
64937,-115.74,32.80,23.90,195,1
64947,-116.56,33.74,28.70,195,1
64957,-117.24,34.53,33.34,195,1
64967,-117.75,35.32,37.77,195,1
64977,-118.10,35.99,42.03,195,1
64987,-118.30,36.29,46.02,195,1
64997,-118.36,36.24,49.73,195,1
65007,-118.28,35.83,53.27,195,1
65017,-118.13,35.24,56.59,195,1
65027,-117.95,34.59,59.72,195,1
65037,-117.75,34.00,62.65,195,1
65047,-117.56,33.49,65.37,195,1
65057,-117.38,33.06,67.88,195,1
65067,-117.24,32.69,70.18,195,1
65077,-117.16,32.36,72.26,195,1
65087,-117.16,32.00,74.12,195,1
65097,-117.24,31.57,75.72,195,1
65107,-117.39,31.02,69.80,195,1
65117,-117.62,30.30,63.66,195,1
65127,-117.96,29.33,57.32,195,1
65137,-118.40,28.09,50.82,195,1
65147,-118.94,26.58,51.43,195,1
65157,-119.55,24.94,51.88,195,1
65167,-120.21,23.29,52.20,195,1
65177,-120.90,21.72,52.37,195,1
65187,-121.58,20.28,52.39,195,1
65197,-122.21,19.03,52.24,195,1
65207,-122.76,17.94,51.99,195,1
65217,-123.20,16.95,51.73,195,1
65227,-123.48,16.00,51.72,195,1
65237,-123.67,15.03,51.76,195,1
65247,-123.85,14.04,51.76,195,1
65257,-124.02,13.10,51.88,195,1
65267,-124.12,12.19,52.28,195,1
65277,-124.18,11.23,52.75,195,1
65287,-124.20,10.39,53.27,195,1
65297,-124.20,9.72,53.70,195,1
65340,-124.20,9.28,54.10,195,0
65351,-123.87,9.54,54.87,195,0
65361,-123.39,9.97,55.89,195,0
65371,-122.78,10.60,57.22,195,0
65381,-122.05,11.36,58.75,195,0
65391,-121.18,12.31,60.36,195,0
65401,-120.22,13.60,62.16,195,0
65411,-119.20,15.12,64.26,195,0
65421,-118.15,16.67,66.71,195,0
65431,-117.08,18.08,69.36,195,0
65441,-115.98,19.28,72.22,195,0
65451,-114.81,20.28,75.40,195,0
65461,-113.56,21.15,78.89,195,0
65471,-112.21,22.09,82.55,195,0
65481,-110.76,23.09,86.29,195,0
65491,-109.20,24.13,90.11,195,0
65501,-107.52,25.19,94.01,195,0
65511,-105.72,26.25,97.99,195,0
65521,-103.84,27.33,94.80,195,0
65531,-101.89,28.42,91.71,195,0
65541,-99.89,29.47,88.62,195,0
65551,-97.86,30.51,85.50,195,0
65561,-95.82,31.60,82.28,195,0
65571,-93.80,32.71,78.89,195,0
65581,-91.84,33.83,75.28,195,0
65591,-89.99,34.88,71.46,195,0
65601,-88.27,35.83,67.45,195,0
65611,-86.73,36.57,63.27,195,0
65621,-85.42,36.94,58.95,195,0
65631,-84.34,36.88,54.53,195,0
65641,-83.46,36.43,50.04,195,0
65651,-82.74,35.64,45.47,195,0
65661,-82.18,34.59,40.73,195,0
65671,-81.73,33.30,35.76,195,0
65681,-81.37,31.81,30.54,195,0
65691,-81.08,30.04,25.13,195,0
65701,-80.84,27.96,19.64,195,0
65711,-80.64,25.62,14.20,195,0
65721,-80.46,23.08,8.92,195,0
65731,-80.30,20.44,3.84,195,0
65741,-80.18,17.78,-1.07,195,0
65751,-80.13,15.19,-5.83,195,0
65761,-80.15,12.67,-10.54,195,0
65771,-80.23,10.18,-15.24,195,0
65781,-80.34,7.74,-19.93,195,0
65791,-80.47,5.36,-17.38,195,0
65801,-80.60,3.13,-14.91,195,0
65822,-80.74,1.17,-12.49,1491,1
65833,-80.95,-0.23,-10.15,1491,1
65843,-81.20,-1.25,-8.06,1491,1
65853,-81.47,-1.97,-6.53,1491,1
65863,-81.75,-2.48,-5.25,1491,1
65873,-82.02,-2.82,-3.96,1491,1
65883,-82.26,-2.95,-2.67,1491,1
65893,-82.45,-2.83,-1.46,1491,1
65903,-82.58,-2.40,-0.36,1491,1
65913,-82.68,-1.67,0.77,1491,1
65923,-82.72,-0.57,1.94,1491,1
65933,-82.72,0.84,3.14,1491,1
65943,-82.68,2.72,4.64,1491,1
65953,-82.64,5.00,6.63,1491,1
65963,-82.62,7.47,9.26,1491,1
65973,-82.62,9.91,12.22,1491,1
65983,-82.64,12.34,15.24,1491,1
65993,-82.66,14.81,18.28,1491,1
66003,-82.63,17.36,21.41,1491,1
66013,-82.54,20.06,24.81,1491,1
66023,-82.41,22.86,28.56,1491,1
66033,-82.21,25.60,32.52,1491,1
66043,-81.94,28.17,36.60,1491,1
66053,-81.55,30.57,40.69,1491,1
66063,-81.01,32.87,44.71,1491,1
66073,-80.30,35.12,48.68,1491,1
66083,-79.43,37.27,52.51,1491,1
66093,-78.45,39.22,56.14,1491,1
66103,-77.39,40.81,59.53,1491,1
66113,-76.26,42.03,62.70,1491,1
66123,-75.08,43.12,58.49,1491,1
66133,-73.84,43.79,54.23,1491,1
66143,-72.60,44.02,49.87,1491,1
66153,-71.37,43.75,45.41,1491,1
66163,-70.11,43.06,40.87,1491,1
66173,-68.84,42.01,36.30,1491,1
66183,-67.56,40.61,31.73,1491,1
66193,-66.27,38.84,27.16,1491,1
66203,-64.97,36.65,22.59,1491,1
66213,-63.67,34.15,18.02,1491,1
66223,-62.36,31.53,13.48,1491,1
66233,-61.05,28.94,9.00,1491,1
66243,-59.77,26.41,4.62,1491,1
66253,-58.53,23.98,0.36,1491,1
66263,-57.36,21.66,-3.77,1491,1
66273,-56.25,19.48,-7.72,1491,1
66283,-55.20,17.59,-11.45,1491,1
66293,-54.21,16.06,-14.96,1491,1
66303,-53.27,14.86,-18.35,1491,1
66318,-52.39,13.97,-21.63,532,1
66329,-51.61,13.62,-24.73,532,1
66339,-50.89,13.61,-27.79,532,1
66349,-50.23,13.85,-30.81,532,1
66359,-49.61,14.29,-33.83,532,1
66369,-49.03,14.84,-36.80,532,1
66379,-48.50,15.47,-39.68,532,1
66389,-48.03,16.09,-42.41,532,1
66399,-47.62,16.63,-45.06,532,1
66409,-47.26,17.06,-47.66,532,1
66419,-46.93,17.39,-50.24,532,1
66429,-46.63,17.66,-52.79,532,1
66439,-46.37,17.81,-55.25,532,1
66449,-46.16,17.82,-57.67,532,1
66459,-45.99,17.66,-60.04,532,1
66469,-45.87,17.37,-62.40,532,1
66479,-45.78,16.95,-64.73,532,1
66489,-45.70,16.51,-59.81,532,1
66499,-45.62,16.11,-54.95,532,1
66509,-45.57,15.75,-50.12,532,1
66519,-45.57,15.41,-52.50,532,1
66529,-45.65,15.01,-54.75,532,1
66539,-45.81,14.53,-56.90,532,1
66549,-46.05,14.07,-58.95,532,1
66559,-46.35,13.69,-60.93,532,1
66569,-46.72,13.40,-62.92,532,1
66579,-47.15,13.20,-64.93,532,1
66589,-47.65,13.05,-66.95,532,1
66599,-48.23,12.84,-68.96,532,1
66609,-48.86,12.54,-70.98,532,1
66619,-49.49,12.23,-73.05,532,1
66629,-50.05,12.03,-75.14,532,1
66639,-50.49,12.03,-70.05,532,1
66649,-50.79,12.30,-65.11,532,1
66659,-50.97,12.79,-60.28,532,1
66669,-51.06,13.47,-55.54,532,1
66679,-51.12,14.24,-50.87,532,1
66689,-51.18,15.03,-46.27,532,1
66699,-51.27,15.77,-41.72,532,1
66709,-51.36,16.51,-37.21,532,1
66719,-51.45,17.26,-32.76,532,1
66729,-51.54,18.03,-28.41,532,1
66739,-51.62,18.80,-24.18,532,1
66749,-51.67,19.53,-20.04,532,1
66759,-51.69,20.25,-16.00,532,1
66769,-51.68,20.99,-12.04,532,1
66779,-51.63,21.70,-8.12,532,1
66789,-51.57,22.40,-4.31,532,1
66799,-51.51,23.06,-0.58,532,1
66809,-51.44,23.73,3.12,532,1
66826,-51.37,24.41,6.80,808,1
66837,-51.34,25.08,10.48,808,1
66847,-51.36,25.75,14.10,808,1
66857,-51.41,26.39,17.63,808,1
66867,-51.45,27.04,21.08,808,1
66877,-51.43,27.76,24.43,808,1
66887,-51.35,28.57,27.65,808,1
66897,-51.24,29.40,30.74,808,1
66907,-51.12,30.14,33.74,808,1
66917,-51.00,30.80,36.64,808,1
66927,-50.85,31.34,39.43,808,1
66937,-50.65,31.73,42.14,808,1
66947,-50.42,31.96,44.80,808,1
66957,-50.20,32.07,40.21,808,1
66967,-50.02,32.19,42.88,808,1
66977,-49.92,32.34,45.38,808,1
66987,-49.90,32.52,47.75,808,1
66997,-49.97,32.75,49.98,808,1
67007,-50.11,33.09,52.12,808,1
67017,-50.30,33.50,54.20,808,1
67027,-50.51,33.97,56.27,808,1
67037,-50.75,34.41,51.19,808,1
67047,-51.04,34.82,46.28,808,1
67057,-51.37,35.22,41.46,808,1
67067,-51.71,35.56,43.90,808,1
67077,-52.05,35.84,46.31,808,1
67087,-52.37,36.06,48.74,808,1
67097,-52.65,36.21,51.19,808,1
67107,-52.89,36.36,53.60,808,1
67117,-53.00,36.39,56.02,808,1
67127,-52.89,36.37,58.55,808,1
67137,-52.57,36.49,54.03,808,1
67147,-52.18,36.80,56.74,808,1
67157,-51.82,37.12,59.38,808,1
67167,-51.53,37.38,54.76,808,1
67177,-51.35,37.49,50.24,808,1
67187,-51.32,37.57,45.77,808,1
67197,-51.46,37.65,41.31,808,1
67207,-51.76,37.69,44.10,808,1
67217,-52.18,37.78,46.81,808,1
67227,-52.66,37.89,49.49,808,1
67237,-53.07,37.99,52.16,808,1
67247,-53.30,38.12,54.98,808,1
67257,-53.35,38.44,57.68,808,1
67267,-53.27,38.93,53.09,808,1
67277,-53.17,39.63,48.56,808,1
67287,-53.14,40.38,44.16,808,1
67297,-53.19,40.93,39.89,808,1
67307,-53.27,41.24,35.70,808,1
67317,-53.37,41.37,31.52,808,1
67338,-53.47,41.70,34.60,1462,1
67349,-53.62,42.75,37.50,1462,1
67359,-53.79,43.81,40.27,1462,1
67369,-53.96,44.75,42.94,1462,1
67379,-54.10,45.56,45.59,1462,1
67389,-54.24,46.33,48.22,1462,1
67399,-54.39,47.03,50.81,1462,1
67409,-54.56,47.59,53.38,1462,1
67419,-54.75,48.00,55.94,1462,1
67429,-54.95,48.39,58.48,1462,1
67439,-55.17,48.74,60.97,1462,1
67449,-55.42,48.98,63.44,1462,1
67459,-55.68,49.05,65.94,1462,1
67469,-55.93,48.84,68.53,1462,1
67479,-55.93,47.54,70.73,1462,1
67489,-55.67,47.41,73.51,1462,1
67499,-55.48,46.93,76.24,1462,1
67509,-55.33,46.33,71.67,1462,1
67519,-55.19,45.83,67.14,1462,1
67529,-55.15,45.59,62.72,1462,1
67539,-55.27,45.44,58.38,1462,1
67549,-55.54,45.20,54.03,1462,1
67559,-55.94,44.75,49.58,1462,1
67569,-56.45,44.17,45.05,1462,1
67579,-57.03,43.57,40.48,1462,1
67589,-57.64,43.01,35.89,1462,1
67599,-58.24,42.47,38.54,1462,1
67609,-58.82,41.87,41.12,1462,1
67619,-59.36,41.12,43.68,1462,1
67629,-59.87,40.23,46.23,1462,1
67639,-60.33,39.26,48.78,1462,1
67649,-60.75,38.26,51.31,1462,1
67659,-61.13,37.29,53.84,1462,1
67669,-61.48,36.38,56.32,1462,1
67679,-61.78,35.51,58.74,1462,1
67689,-62.04,34.68,61.09,1462,1
67699,-62.25,33.95,63.40,1462,1
67709,-62.47,33.62,58.56,1462,1
67719,-62.80,33.48,53.57,1462,1
67729,-63.28,33.39,48.82,1462,1
67739,-63.82,33.19,43.98,1462,1
67749,-64.39,33.05,46.36,1462,1
67759,-64.96,32.79,48.66,1462,1
67769,-65.48,32.39,50.86,1462,1
67779,-65.93,31.96,52.99,1462,1
67789,-66.32,31.47,55.05,1462,1
67799,-66.62,30.89,57.00,1462,1
67809,-66.87,30.36,58.81,1462,1
67819,-67.25,29.81,60.42,1462,1
67837,-67.91,29.36,61.69,950,1
67848,-68.83,28.84,62.58,950,1
67858,-69.70,28.59,63.57,950,1
67868,-70.43,28.46,64.95,950,1
67878,-71.03,28.22,66.62,950,1
67888,-71.51,27.96,68.41,950,1
67898,-71.92,27.71,70.26,950,1
67908,-72.28,27.42,72.09,950,1
67918,-72.60,27.12,73.89,950,1
67928,-72.91,26.83,75.64,950,1
67938,-73.18,26.51,77.46,950,1
67948,-73.45,26.18,79.23,950,1
67958,-73.81,25.99,80.86,950,1
67968,-74.24,25.89,82.51,950,1
67978,-74.73,25.82,84.18,950,1
67988,-75.20,25.76,85.92,950,1
67998,-75.59,25.69,87.74,950,1
68008,-75.87,25.63,89.61,950,1
68018,-76.03,25.57,91.49,950,1
68028,-76.10,25.53,93.34,950,1
68038,-76.07,25.52,95.20,950,1
68048,-75.94,25.58,97.09,950,1
68058,-75.73,25.71,99.00,950,1
68068,-75.50,26.08,101.04,950,1
68078,-75.34,26.68,95.86,950,1
68088,-75.24,27.26,97.87,950,1
68098,-75.17,27.82,99.72,950,1
68108,-75.11,28.34,101.42,950,1
68118,-75.09,28.83,103.09,950,1
68128,-75.13,29.26,104.69,950,1
68138,-75.23,29.63,106.15,950,1
68148,-75.35,29.94,107.47,950,1
68158,-75.44,30.18,108.70,950,1
68168,-75.49,30.35,109.88,950,1
68178,-75.49,30.43,111.02,950,1
68188,-75.42,30.47,112.15,950,1
68198,-75.30,30.50,113.25,950,1
68208,-75.14,30.56,114.33,950,1
68218,-74.98,30.66,115.40,950,1
68228,-74.83,30.76,116.42,950,1
68238,-74.68,30.87,117.38,950,1
68248,-74.51,30.96,118.28,950,1
68258,-74.29,31.04,119.11,950,1
68268,-74.00,31.10,119.87,950,1
68278,-73.65,31.06,120.56,950,1
68288,-73.20,30.95,121.15,950,1
68298,-72.63,30.97,121.66,950,1
68308,-72.00,31.31,122.17,950,1
68318,-71.38,31.88,122.71,950,1
68328,-70.78,32.59,123.23,950,1
68349,-70.19,33.25,123.73,1474,1
68360,-69.58,33.45,124.12,1474,1
68370,-68.96,33.41,124.39,1474,1
68380,-68.32,33.18,124.51,1474,1
68390,-67.65,32.83,124.54,1474,1
68400,-66.96,32.35,124.55,1474,1
68410,-66.23,31.77,124.58,1474,1
68420,-65.48,31.29,124.68,1474,1
68430,-64.73,30.98,124.79,1474,1
68440,-64.04,30.84,124.98,1474,1
68450,-63.41,30.97,125.25,1474,1
68460,-62.88,31.45,125.50,1474,1
68470,-62.43,32.11,125.91,1474,1
68480,-62.05,32.77,126.48,1474,1
68490,-61.72,33.48,126.99,1474,1
68500,-61.40,34.14,127.51,1474,1
68510,-61.09,34.76,128.08,1474,1
68520,-60.79,35.33,128.68,1474,1
68530,-60.52,35.82,129.34,1474,1
68540,-60.26,36.29,130.03,1474,1
68550,-60.02,36.79,130.73,1474,1
68560,-59.78,37.35,131.38,1474,1
68570,-59.50,38.00,131.94,1474,1
68580,-59.16,38.86,132.45,1474,1
68590,-58.83,39.86,133.03,1474,1
68600,-58.48,40.88,133.44,1474,1
68610,-58.05,41.59,133.77,1474,1
68620,-57.45,41.97,134.20,1474,1
68630,-56.68,41.61,134.72,1474,1
68640,-55.79,40.91,135.44,1474,1
68650,-54.93,40.27,136.26,1474,1
68660,-54.12,39.48,136.94,1474,1
68670,-53.40,38.74,137.55,1474,1
68680,-52.77,38.11,138.04,1474,1
68690,-52.20,37.54,138.36,1474,1
68700,-51.65,37.07,138.56,1474,1
68710,-51.16,36.70,138.73,1474,1
68720,-50.72,36.42,138.91,1474,1
68730,-50.36,36.23,139.10,1474,1
68740,-50.10,36.03,139.39,1474,1
68750,-49.92,35.63,139.79,1474,1
68760,-49.79,34.88,140.20,1474,1
68770,-49.65,33.87,140.47,1474,1
68780,-49.52,32.82,140.54,1474,1
68790,-49.44,32.10,140.41,1474,1
68800,-49.44,31.66,140.32,1474,1
68810,-49.46,31.44,140.38,1474,1
68820,-49.47,31.20,140.60,1474,1
68830,-49.47,30.87,140.92,1474,1
68850,-49.45,30.37,141.27,1442,1
68861,-49.30,29.97,141.42,1442,1
68871,-49.10,29.74,141.60,1442,1
68881,-48.88,29.57,141.87,1442,1
68891,-48.62,29.44,142.20,1442,1
68901,-48.36,29.37,142.53,1442,1
68911,-48.08,29.32,142.85,1442,1
68921,-47.81,29.28,143.18,1442,1
68931,-47.55,29.22,143.52,1442,1
68941,-47.29,29.16,143.85,1442,1
68951,-47.06,29.10,144.14,1442,1
68961,-46.86,28.98,144.39,1442,1
68971,-46.74,28.75,144.59,1442,1
68981,-46.70,28.38,144.64,1442,1
68991,-46.75,27.77,144.56,1442,1
69001,-46.88,26.92,144.35,1442,1
69011,-47.05,26.03,144.12,1442,1
69021,-47.23,25.33,143.88,1442,1
69031,-47.35,24.98,143.74,1442,1
69041,-47.35,24.81,143.87,1442,1
69051,-47.22,24.76,144.21,1442,1
69061,-46.99,24.82,144.65,1442,1
69071,-46.69,25.06,145.23,1442,1
69081,-46.34,25.49,146.02,1442,1
69091,-45.98,25.94,146.92,1442,1
69101,-45.59,26.34,147.84,1442,1
69111,-45.17,26.67,148.77,1442,1
69121,-44.75,26.94,149.65,1442,1
69131,-44.33,27.13,150.41,1442,1
69141,-43.91,27.26,151.07,1442,1
69151,-43.54,27.31,151.63,1442,1
69161,-43.22,27.28,152.10,1442,1
69171,-42.98,27.18,152.50,1442,1
69181,-42.83,27.02,152.75,1442,1
69191,-42.72,26.76,152.82,1442,1
69201,-42.63,26.45,152.77,1442,1
69211,-42.55,26.17,152.62,1442,1
69221,-42.48,25.96,152.44,1442,1
69231,-42.42,25.83,152.30,1442,1
69241,-42.40,25.74,152.21,1442,1
69251,-42.40,25.63,152.18,1442,1
69261,-42.42,25.58,152.16,1442,1
69271,-42.46,25.57,152.14,1442,1
69281,-42.50,25.58,152.12,1442,1
69291,-42.53,25.70,152.07,1442,1
69301,-42.56,25.89,152.01,1442,1
69311,-42.59,26.10,151.96,1442,1
69321,-42.62,26.33,151.91,1442,1
69331,-42.67,26.53,151.88,1442,1
69344,-42.73,26.67,151.84,68,1
69355,-42.69,26.64,151.80,68,1
69365,-42.39,26.37,151.63,68,1
69375,-41.76,26.06,151.28,68,1
69385,-40.88,26.18,150.90,68,1
69395,-39.92,26.59,150.72,68,1
69405,-38.98,27.17,150.78,68,1
69415,-38.12,27.73,151.03,68,1
69425,-37.37,28.18,151.34,68,1
69435,-36.77,28.47,151.61,68,1
69445,-36.32,28.50,151.78,68,1
69455,-36.01,28.30,151.85,68,1
69465,-35.78,27.88,151.82,68,1
69475,-35.62,27.32,151.65,68,1
69485,-35.51,26.72,151.41,68,1
69495,-35.46,26.10,151.10,68,1
69505,-35.46,25.47,150.76,68,1
69515,-35.49,24.87,150.42,68,1
69525,-35.54,24.34,150.09,68,1
69535,-35.60,23.89,149.80,68,1
69545,-35.66,23.56,149.56,68,1
69555,-35.72,23.32,149.44,68,1
69565,-35.77,23.12,149.49,68,1
69575,-35.79,22.90,149.66,68,1
69585,-35.79,22.71,149.91,68,1
69595,-35.77,22.52,150.20,68,1
69605,-35.74,22.31,150.48,68,1
69615,-35.72,22.07,150.75,68,1
69625,-35.69,21.80,151.03,68,1
69635,-35.66,21.46,151.30,68,1
69645,-35.59,21.09,151.57,68,1
69655,-35.47,20.68,151.83,68,1
69665,-35.24,20.22,152.07,68,1
69675,-34.89,19.78,152.32,68,1
69685,-34.43,19.44,152.60,68,1
69695,-33.86,19.25,152.94,68,1
69705,-33.23,19.23,153.36,68,1
69715,-32.59,19.34,153.83,68,1
69725,-31.96,19.55,154.35,68,1
69735,-31.36,19.77,154.88,68,1
69745,-30.79,19.95,155.43,68,1
69755,-30.26,20.12,155.99,68,1
69765,-29.80,20.28,156.54,68,1
69775,-29.40,20.42,157.06,68,1
69785,-29.08,20.56,157.61,68,1
69795,-28.88,20.65,158.13,68,1
69805,-28.77,20.68,158.59,68,1
69815,-28.73,20.60,159.00,68,1
69825,-28.73,20.44,159.36,68,1
69835,-28.76,20.26,159.66,68,1
69877,-28.80,20.03,159.91,68,0
69888,-28.88,19.88,160.10,68,0
69898,-28.96,19.72,160.30,68,0
69908,-29.02,19.53,160.50,68,0
69918,-29.07,19.32,160.70,68,0
69928,-29.11,19.12,160.88,68,0
69938,-29.13,18.94,161.04,68,0
69948,-29.13,18.79,161.17,68,0
69958,-29.13,18.67,161.29,68,0
69968,-29.13,18.53,161.40,68,0
69978,-29.13,18.41,161.50,68,0
69988,-29.13,18.30,161.60,68,0
69998,-29.13,18.21,161.69,68,0
70008,-29.13,18.13,161.76,68,0
70018,-29.13,18.08,161.82,68,0
70028,-29.17,18.06,161.89,68,0
70038,-29.24,18.05,161.92,68,0
70048,-29.33,18.03,161.97,68,0
70058,-29.44,17.99,162.03,68,0
70068,-29.57,17.94,162.11,68,0
70078,-29.72,17.89,162.20,68,0
70088,-29.88,17.83,162.30,68,0
70098,-30.05,17.78,162.42,68,0
70108,-30.23,17.73,162.56,68,0
70118,-30.40,17.68,162.72,68,0
70128,-30.57,17.63,162.89,68,0
70138,-30.74,17.57,163.06,68,0
70148,-30.92,17.48,163.21,68,0
70158,-31.11,17.34,163.33,68,0
70168,-31.33,17.15,163.43,68,0
70178,-31.57,16.93,163.51,68,0
70188,-31.82,16.75,163.57,68,0
70198,-32.06,16.60,163.58,68,0
70208,-32.29,16.46,163.55,68,0
70218,-32.48,16.37,163.46,68,0
70228,-32.63,16.27,163.32,68,0
70238,-32.74,16.20,163.16,68,0
70248,-32.81,16.15,163.00,68,0
70258,-32.86,16.13,162.86,68,0
70268,-32.91,16.12,162.73,68,0
70278,-32.94,16.12,162.62,68,0
70288,-32.97,16.15,162.55,68,0
70298,-32.97,16.21,162.50,68,0
70308,-32.97,16.31,162.46,68,0
70318,-32.92,16.43,162.46,68,0
70328,-32.86,16.56,162.50,68,0
70338,-32.79,16.70,162.56,68,0
70381,-32.73,16.85,162.62,68,0
70392,-32.71,16.93,162.60,68,0
70402,-32.71,16.99,162.56,68,0
70412,-32.73,17.04,162.50,68,0
70422,-32.76,17.10,162.40,68,0
70432,-32.80,17.13,162.31,68,0
70442,-32.85,17.14,162.24,68,0
70452,-32.88,17.17,162.20,68,0
70462,-32.86,17.20,162.21,68,0
70472,-32.74,17.25,162.27,68,0
70482,-32.51,17.38,162.35,68,0
70492,-32.23,17.63,162.41,68,0
70502,-31.94,17.99,162.46,68,0
70512,-31.69,18.40,162.49,68,0
70522,-31.48,18.79,162.48,68,0
70532,-31.31,19.11,162.44,68,0
70542,-31.15,19.35,162.37,68,0
70552,-31.01,19.49,162.26,68,0
70562,-30.90,19.56,162.10,68,0
70572,-30.80,19.57,161.91,68,0
70582,-30.72,19.49,161.71,68,0
70592,-30.63,19.36,161.49,68,0
70602,-30.54,19.21,161.26,68,0
70612,-30.45,19.07,161.06,68,0
70622,-30.35,18.98,160.93,68,0
70632,-30.27,18.93,160.90,68,0
70642,-30.19,18.92,160.98,68,0
70652,-30.12,18.95,161.16,68,0
70662,-30.06,18.99,161.41,68,0
70672,-30.00,19.03,161.71,68,0
70682,-29.95,19.07,162.03,68,0
70692,-29.90,19.13,162.35,68,0
70702,-29.87,19.21,162.65,68,0
70712,-29.86,19.25,162.91,68,0
70722,-29.86,19.28,163.13,68,0
70732,-29.87,19.31,163.31,68,0
70742,-29.90,19.35,163.44,68,0
70752,-29.95,19.39,163.52,68,0
70762,-30.02,19.44,163.57,68,0
70772,-30.12,19.47,163.59,68,0
70782,-30.21,19.49,163.55,68,0
70792,-30.30,19.48,163.48,68,0
70802,-30.37,19.45,163.37,68,0
70812,-30.43,19.38,163.21,68,0
70822,-30.47,19.27,163.01,68,0
70832,-30.49,19.12,162.77,68,0
70842,-30.51,18.93,162.49,68,0
70866,-30.51,18.70,162.18,68,0
70877,-30.47,18.46,161.99,68,0
70887,-30.41,18.28,161.94,68,0
70897,-30.34,18.16,162.04,68,0
70907,-30.23,18.06,162.29,68,0
70917,-30.09,17.99,162.64,68,0
70927,-29.92,17.95,163.06,68,0
70937,-29.73,17.95,163.50,68,0
70947,-29.54,17.97,163.95,68,0
70957,-29.35,18.01,164.41,68,0
70967,-29.16,18.08,164.83,68,0
70977,-28.94,18.22,165.24,68,0
70987,-28.75,18.41,165.74,68,0
70997,-28.63,18.62,166.34,68,0
71007,-28.63,18.82,166.92,68,0
71017,-28.72,18.93,167.35,68,0
71027,-28.81,18.97,167.63,68,0
71037,-28.89,18.93,167.75,68,0
71047,-28.96,18.87,167.70,68,0
71057,-29.04,18.81,167.53,68,0
71067,-29.15,18.75,167.29,68,0
71077,-29.28,18.69,167.03,68,0
71087,-29.40,18.62,166.76,68,0
71097,-29.51,18.60,166.50,68,0
71107,-29.60,18.66,166.27,68,0
71117,-29.67,18.78,166.12,68,0
71127,-29.73,18.94,166.07,68,0
71137,-29.77,19.11,166.12,68,0
71147,-29.79,19.28,166.26,68,0
71157,-29.79,19.43,166.47,68,0
71167,-29.79,19.55,166.70,68,0
71177,-29.79,19.66,166.95,68,0
71187,-29.79,19.71,167.23,68,0
71197,-29.82,19.72,167.51,68,0
71207,-29.84,19.69,167.80,68,0
71217,-29.85,19.62,168.07,68,0
71227,-29.85,19.53,168.31,68,0
71237,-29.83,19.42,168.50,68,0
71247,-29.79,19.32,168.64,68,0
71257,-29.74,19.22,168.73,68,0
71267,-29.69,19.13,168.81,68,0
71277,-29.64,19.08,168.87,68,0
71287,-29.60,19.40,169.04,68,0
71297,-29.68,20.07,162.03,68,0
71307,-29.83,20.37,161.81,68,0
71317,-29.81,20.07,161.40,68,0
71327,-29.48,19.54,161.10,68,0
71337,-28.88,19.31,161.14,68,0
71347,-28.19,19.41,161.51,68,0
71363,-27.54,19.71,162.13,666,1
71374,-27.08,20.16,162.83,666,1
71384,-26.70,20.57,163.50,666,1
71394,-26.37,20.96,164.08,666,1
71404,-26.08,21.33,164.53,666,1
71414,-25.86,21.67,164.87,666,1
71424,-25.71,21.95,165.10,666,1
71434,-25.65,22.10,165.26,666,1
71444,-25.67,22.11,165.37,666,1
71454,-25.75,21.95,165.41,666,1
71464,-25.88,21.63,165.42,666,1
71474,-26.02,21.21,165.41,666,1
71484,-26.12,20.77,165.40,666,1
71494,-26.20,20.35,165.39,666,1
71504,-26.24,19.98,165.37,666,1
71514,-26.29,19.68,165.35,666,1
71524,-26.35,19.45,165.35,666,1
71534,-26.43,19.23,165.39,666,1
71544,-26.52,19.03,165.50,666,1
71554,-26.60,18.83,165.69,666,1
71564,-26.68,18.63,165.94,666,1
71574,-26.76,18.43,166.22,666,1
71584,-26.82,18.30,166.48,666,1
71594,-26.89,18.30,166.71,666,1
71604,-26.99,18.38,166.90,666,1
71614,-27.13,18.49,167.03,666,1
71624,-27.31,18.60,167.08,666,1
71634,-27.53,18.67,167.05,666,1
71644,-27.78,18.70,166.94,666,1
71654,-28.05,18.67,166.79,666,1
71664,-28.33,18.57,166.63,666,1
71674,-28.63,18.42,166.46,666,1
71684,-28.95,18.21,166.29,666,1
71694,-29.30,17.95,166.11,666,1
71704,-29.68,17.60,165.92,666,1
71714,-30.08,17.17,165.69,666,1
71724,-30.49,16.66,165.40,666,1
71734,-30.91,16.08,165.00,666,1
71744,-31.29,15.51,164.53,666,1
71754,-31.61,15.01,164.03,666,1
71764,-31.84,14.63,163.54,666,1
71774,-31.97,14.42,163.09,666,1
71784,-31.99,14.38,162.72,666,1
71794,-31.92,14.52,162.48,666,1
71804,-31.78,14.82,162.35,666,1
71814,-31.57,15.24,162.33,666,1
71824,-31.34,15.73,162.42,666,1
71834,-31.09,16.23,162.57,666,1
71844,-30.85,16.70,162.74,666,1
71854,-30.61,17.10,162.89,666,1
71870,-30.38,17.46,163.01,708,1
71881,-30.21,17.75,163.09,708,1
71891,-30.08,17.98,163.15,708,1
71901,-30.01,18.17,163.19,708,1
71911,-30.01,18.32,163.22,708,1
71921,-30.06,18.45,163.24,708,1
71931,-30.14,18.57,163.25,708,1
71941,-30.27,18.70,163.25,708,1
71951,-30.41,18.83,163.24,708,1
71961,-30.56,18.99,163.25,708,1
71971,-30.71,19.14,163.28,708,1
71981,-30.87,19.29,163.35,708,1
71991,-31.02,19.44,163.43,708,1
72001,-31.17,19.58,163.53,708,1
72011,-31.34,19.69,163.65,708,1
72021,-31.54,19.76,163.77,708,1
72031,-31.78,19.78,163.90,708,1
72041,-32.05,19.75,164.01,708,1
72051,-32.34,19.68,164.11,708,1
72061,-32.64,19.56,164.19,708,1
72071,-32.94,19.43,164.25,708,1
72081,-33.25,19.28,164.28,708,1
72091,-33.55,19.12,164.29,708,1
72101,-33.85,18.95,164.27,708,1
72111,-34.15,18.76,164.26,708,1
72121,-34.45,18.57,164.25,708,1
72131,-34.75,18.40,164.25,708,1
72141,-35.05,18.23,164.30,708,1
72151,-35.34,18.11,164.39,708,1
72161,-35.64,18.04,164.52,708,1
72171,-35.91,18.00,164.69,708,1
72181,-36.16,18.00,164.88,708,1
72191,-36.38,18.04,165.11,708,1
72201,-36.57,18.11,165.34,708,1
72211,-36.72,18.19,165.55,708,1
72221,-36.83,18.25,165.71,708,1
72231,-36.91,18.31,165.79,708,1
72241,-36.98,18.42,165.78,708,1
72251,-37.04,18.56,165.75,708,1
72261,-37.12,18.72,165.69,708,1
72271,-37.22,18.90,165.58,708,1
72281,-37.32,19.06,165.40,708,1
72291,-37.43,19.22,165.15,708,1
72301,-37.55,19.39,164.82,708,1
72311,-37.71,19.57,164.46,708,1
72321,-37.89,19.77,164.08,708,1
72331,-38.11,19.92,163.73,708,1
72341,-38.35,20.07,163.37,708,1
72351,-38.58,20.20,163.03,708,1
72361,-38.81,20.33,162.71,708,1
72377,-39.01,20.47,162.42,660,1
72388,-39.15,20.63,162.22,660,1
72398,-39.26,20.79,162.10,660,1
72408,-39.33,20.92,162.03,660,1
72418,-39.36,21.07,162.00,660,1
72428,-39.33,21.21,162.01,660,1
72438,-39.25,21.38,162.06,660,1
72448,-39.12,21.60,162.15,660,1
72458,-38.95,21.85,162.26,660,1
72468,-38.75,22.12,162.39,660,1
72478,-38.53,22.42,162.52,660,1
72488,-38.30,22.76,162.64,660,1
72498,-38.06,23.14,162.76,660,1
72508,-37.82,23.53,162.88,660,1
72518,-37.60,23.90,162.98,660,1
72528,-37.38,24.24,163.08,660,1
72538,-37.17,24.53,163.15,660,1
72548,-36.97,24.79,163.19,660,1
72558,-36.78,25.00,163.18,660,1
72568,-36.61,25.17,163.13,660,1
72578,-36.45,25.31,163.04,660,1
72588,-36.28,25.41,162.93,660,1
72598,-36.11,25.48,162.79,660,1
72608,-35.93,25.55,162.64,660,1
72618,-35.73,25.58,162.50,660,1
72628,-35.52,25.64,162.35,660,1
72638,-35.31,25.77,162.21,660,1
72648,-35.10,25.99,162.06,660,1
72658,-34.90,26.26,161.91,660,1
72668,-34.74,26.59,161.74,660,1
72678,-34.62,26.91,161.57,660,1
72688,-34.55,27.18,161.40,660,1
72698,-34.53,27.44,161.22,660,1
72708,-34.55,27.68,161.07,660,1
72718,-34.61,27.91,160.93,660,1
72728,-34.67,28.08,160.81,660,1
72738,-34.73,28.17,160.70,660,1
72748,-34.76,28.19,160.58,660,1
72758,-34.76,28.17,160.46,660,1
72768,-34.73,28.15,160.34,660,1
72778,-34.66,28.12,160.25,660,1
72788,-34.57,28.11,160.18,660,1
72798,-34.46,28.11,160.17,660,1
72808,-34.31,28.13,160.19,660,1
72818,-34.14,28.11,160.25,660,1
72828,-33.93,28.06,160.37,660,1
72838,-33.69,28.01,160.56,660,1
72848,-33.43,27.96,160.81,660,1
72858,-33.15,27.93,161.13,660,1
72868,-32.85,27.92,161.51,660,1
72887,-32.55,27.93,161.92,1001,1
72897,-32.22,28.00,162.37,1001,1
72907,-31.89,28.11,162.82,1001,1
72917,-31.55,28.23,163.26,1001,1
72928,-31.21,28.38,163.68,1001,1
72938,-30.87,28.55,164.10,1001,1
72948,-30.54,28.72,164.50,1001,1
72958,-30.23,28.89,164.87,1001,1
72968,-29.95,29.04,165.20,1001,1
72978,-29.70,29.18,165.49,1001,1
72988,-29.50,29.27,165.72,1001,1
72998,-29.36,29.29,165.90,1001,1
73008,-29.26,29.25,165.99,1001,1
73018,-29.21,29.14,166.01,1001,1
73028,-29.21,28.99,165.95,1001,1
73038,-29.25,28.79,165.84,1001,1
73048,-29.32,28.52,165.72,1001,1
73058,-29.42,28.21,165.58,1001,1
73068,-29.54,27.87,165.43,1001,1
73078,-29.68,27.55,165.28,1001,1
73088,-29.83,27.25,165.14,1001,1
73098,-29.98,26.96,165.00,1001,1
73108,-30.12,26.68,164.88,1001,1
73118,-30.25,26.43,164.79,1001,1
73128,-30.35,26.22,164.72,1001,1
73138,-30.42,26.06,164.70,1001,1
73148,-30.46,25.93,164.72,1001,1
73158,-30.46,25.86,164.81,1001,1
73168,-30.45,25.83,164.94,1001,1
73178,-30.42,25.84,165.13,1001,1
73188,-30.39,25.86,165.33,1001,1
73198,-30.37,25.89,165.52,1001,1
73208,-30.35,25.89,165.70,1001,1
73218,-30.35,25.88,165.86,1001,1
73228,-30.37,25.83,165.97,1001,1
73238,-30.39,25.76,166.05,1001,1
73248,-30.43,25.70,166.08,1001,1
73258,-30.49,25.63,166.09,1001,1
73268,-30.55,25.54,166.08,1001,1
73278,-30.61,25.44,166.06,1001,1
73288,-30.66,25.33,166.03,1001,1
73298,-30.71,25.23,166.01,1001,1
73308,-30.76,25.12,165.97,1001,1
73318,-30.80,25.03,165.93,1001,1
73328,-30.84,24.95,165.89,1001,1
73338,-30.88,24.89,165.86,1001,1
73348,-30.91,24.84,165.83,1001,1
73358,-30.94,24.80,165.80,1001,1
73368,-30.97,24.77,165.78,1001,1
73384,-30.99,24.75,165.77,727,1
73395,-31.02,24.76,165.79,727,1
73405,-31.04,24.77,165.82,727,1
73415,-31.06,24.85,165.86,727,1
73425,-31.10,24.99,165.90,727,1
73435,-31.17,25.17,165.94,727,1
73445,-31.28,25.36,165.98,727,1
73455,-31.42,25.52,165.99,727,1
73465,-31.58,25.65,165.99,727,1
73475,-31.76,25.75,165.97,727,1
73485,-31.95,25.82,165.93,727,1
73495,-32.13,25.87,165.89,727,1
73505,-32.30,25.89,165.81,727,1
73515,-32.47,25.89,165.73,727,1
73525,-32.63,25.86,165.64,727,1
73535,-32.77,25.82,165.52,727,1
73545,-32.90,25.75,165.41,727,1
73555,-33.01,25.69,165.28,727,1
73565,-33.10,25.62,165.15,727,1
73575,-33.16,25.55,165.02,727,1
73585,-33.19,25.47,164.90,727,1
73595,-33.19,25.37,164.79,727,1
73605,-33.16,25.27,164.69,727,1
73615,-33.09,25.18,164.61,727,1
73625,-33.01,25.11,164.55,727,1
73635,-32.92,25.08,164.50,727,1
73645,-32.82,25.08,164.48,727,1
73655,-32.72,25.12,164.48,727,1
73665,-32.63,25.17,164.52,727,1
73675,-32.55,25.24,164.59,727,1
73685,-32.49,25.31,164.69,727,1
73695,-32.44,25.38,164.81,727,1
73705,-32.42,25.46,164.93,727,1
73715,-32.40,25.54,165.06,727,1
73725,-32.40,25.61,165.18,727,1
73735,-32.40,25.67,165.31,727,1
73745,-32.40,25.71,165.42,727,1
73755,-32.40,25.74,165.51,727,1
73765,-32.40,25.79,165.53,727,1
73775,-32.40,25.87,165.49,727,1
73785,-32.40,25.97,165.40,727,1
73795,-32.40,26.09,165.28,727,1
73805,-32.40,26.20,165.16,727,1
73815,-32.40,26.31,165.03,727,1
73825,-32.40,26.38,164.90,727,1
73835,-32.41,26.44,164.77,727,1
73845,-32.43,26.48,164.61,727,1
73855,-32.44,26.51,164.45,727,1
73865,-32.45,26.54,164.30,727,1
73875,-32.45,26.55,164.16,727,1
73893,-32.45,26.55,164.02,976,1
73904,-32.45,26.53,163.91,976,1
73914,-32.45,26.50,163.81,976,1
73924,-32.45,26.47,163.74,976,1
73934,-32.45,26.43,163.70,976,1
73944,-32.45,26.41,163.69,976,1
73954,-32.45,26.39,163.69,976,1
73964,-32.45,26.37,163.70,976,1
73974,-32.45,26.35,163.74,976,1
73984,-32.45,26.33,163.79,976,1
73994,-32.47,26.32,163.85,976,1
74004,-32.48,26.28,163.92,976,1
74014,-32.51,26.24,164.00,976,1
74024,-32.54,26.19,164.08,976,1
74034,-32.57,26.13,164.16,976,1
74044,-32.60,26.08,164.24,976,1
74054,-32.64,26.03,164.30,976,1
74064,-32.68,25.98,164.36,976,1
74074,-32.71,25.92,164.42,976,1
74084,-32.74,25.86,164.47,976,1
74094,-32.76,25.80,164.53,976,1
74104,-32.76,25.75,164.57,976,1
74114,-32.76,25.71,164.61,976,1
74124,-32.76,25.66,164.63,976,1
74134,-32.74,25.60,164.65,976,1
74144,-32.72,25.55,164.67,976,1
74154,-32.68,25.50,164.68,976,1
74164,-32.65,25.46,164.67,976,1
74174,-32.61,25.43,164.67,976,1
74184,-32.58,25.39,164.66,976,1
74194,-32.55,25.36,164.65,976,1
74204,-32.52,25.34,164.63,976,1
74214,-32.49,25.33,164.62,976,1
74224,-32.46,25.32,164.62,976,1
74234,-32.43,25.31,164.62,976,1
74244,-32.41,25.31,164.62,976,1
74254,-32.39,25.33,164.62,976,1
74264,-32.39,25.34,164.62,976,1
74274,-32.39,25.36,164.63,976,1
74284,-32.40,25.37,164.63,976,1
74294,-32.43,25.37,164.63,976,1
74304,-32.45,25.36,164.64,976,1
74314,-32.48,25.36,164.64,976,1
74324,-32.51,25.33,164.62,976,1
74334,-32.54,25.34,164.60,976,1
74344,-32.57,25.36,164.58,976,1
74354,-32.60,25.38,164.54,976,1
74364,-32.65,25.38,164.50,976,1
74374,-32.69,25.36,164.44,976,1
74384,-32.73,25.34,164.40,976,1
74426,-32.77,25.31,164.34,976,0
74437,-32.79,25.28,164.29,976,0
74447,-32.81,25.23,164.24,976,0
74457,-32.81,25.18,164.20,976,0
74467,-32.81,25.13,164.17,976,0
74477,-32.81,25.08,164.13,976,0
74487,-32.81,25.06,164.11,976,0
74497,-32.81,25.05,164.10,976,0
74507,-32.81,25.04,164.10,976,0
74517,-32.81,25.02,164.10,976,0
74527,-32.81,25.00,164.11,976,0
74537,-32.81,24.96,164.11,976,0
74547,-32.81,24.91,164.12,976,0
74557,-32.81,24.87,164.12,976,0
74567,-32.81,24.84,164.12,976,0
74577,-32.81,24.83,164.13,976,0
74587,-32.81,24.83,164.13,976,0
74597,-32.82,24.82,164.14,976,0
74607,-32.84,24.80,164.14,976,0
74617,-32.85,24.78,164.14,976,0
74627,-32.87,24.74,164.14,976,0
74637,-32.87,24.70,164.13,976,0
74647,-32.87,24.66,164.13,976,0
74657,-32.87,24.63,164.11,976,0
74667,-32.87,24.61,164.10,976,0
74677,-32.87,24.60,164.10,976,0
74687,-32.87,24.59,164.10,976,0
74697,-32.87,24.58,164.10,976,0
74707,-32.87,24.57,164.09,976,0
74717,-32.87,24.55,164.07,976,0
74727,-32.87,24.53,164.04,976,0
74737,-32.87,24.51,164.01,976,0
74747,-32.87,24.49,163.97,976,0
74757,-32.87,24.47,163.92,976,0
74767,-32.87,24.46,163.89,976,0
74777,-32.87,24.46,163.85,976,0
74787,-32.87,24.45,163.81,976,0
74797,-32.87,24.45,163.79,976,0
74807,-32.87,24.46,163.78,976,0
74817,-32.87,24.47,163.78,976,0
74827,-32.87,24.48,163.78,976,0
74837,-32.87,24.47,163.79,976,0
74847,-32.87,24.46,163.80,976,0
74857,-32.87,24.44,163.80,976,0
74867,-32.87,24.43,163.81,976,0
74877,-32.87,24.42,163.81,976,0
74887,-32.87,24.40,163.80,976,0
74903,-32.87,24.39,163.79,624,1
74914,-32.87,24.39,163.80,624,1
74924,-32.87,24.38,163.79,624,1
74934,-32.87,24.36,163.80,624,1
74944,-32.87,24.35,163.79,624,1
74954,-32.87,24.34,163.79,624,1
74964,-32.87,24.33,163.78,624,1
74974,-32.87,24.33,163.77,624,1
74984,-32.87,24.31,163.77,624,1
74994,-32.87,24.30,163.76,624,1
75004,-32.87,24.28,163.75,624,1
75014,-32.87,24.27,163.73,624,1
75024,-32.87,24.27,163.72,624,1
75034,-32.87,24.27,163.71,624,1
75044,-32.88,24.27,163.69,624,1
75054,-32.90,24.26,163.66,624,1
75064,-32.92,24.27,163.63,624,1
75074,-32.95,24.27,163.60,624,1
75084,-32.98,24.27,163.57,624,1
75094,-33.00,24.27,163.55,624,1
75104,-33.01,24.27,163.52,624,1
75114,-33.01,24.27,163.48,624,1
75124,-33.01,24.27,163.45,624,1
75134,-33.01,24.28,163.42,624,1
75144,-33.01,24.29,163.40,624,1
75154,-33.02,24.29,163.40,624,1
75164,-33.04,24.28,163.40,624,1
75174,-33.05,24.26,163.42,624,1
75184,-33.07,24.23,163.43,624,1
75194,-33.07,24.21,163.45,624,1
75204,-33.07,24.18,163.48,624,1
75214,-33.07,24.17,163.50,624,1
75224,-33.05,24.17,163.51,624,1
75234,-33.04,24.17,163.54,624,1
75244,-33.02,24.18,163.55,624,1
75254,-33.01,24.19,163.57,624,1
75264,-33.01,24.19,163.57,624,1
75274,-33.01,24.19,163.57,624,1
75284,-33.01,24.17,163.55,624,1
75294,-33.00,24.16,163.52,624,1
75304,-32.98,24.15,163.48,624,1
75314,-32.97,24.15,163.45,624,1
75324,-32.95,24.15,163.41,624,1
75334,-32.93,24.16,163.38,624,1
75344,-32.92,24.17,163.35,624,1
75354,-32.90,24.19,163.34,624,1
75364,-32.88,24.20,163.33,624,1
75374,-32.88,24.22,163.32,624,1
75384,-32.88,24.24,163.33,624,1
75394,-32.88,24.25,163.34,624,1
75410,-32.88,24.26,163.36,640,1
75421,-32.90,24.25,163.38,640,1
75431,-32.92,24.18,163.37,640,1
75441,-32.93,24.13,163.33,640,1
75451,-32.93,24.10,163.26,640,1
75461,-32.93,24.12,163.20,640,1
75471,-32.92,24.17,163.13,640,1
75481,-32.90,24.23,163.10,640,1
75491,-32.90,24.29,163.07,640,1
75501,-32.90,24.30,163.05,640,1
75511,-32.93,24.29,163.02,640,1
75521,-32.96,24.27,163.00,640,1
75531,-32.98,24.25,162.96,640,1
75541,-33.01,24.24,162.91,640,1
75551,-33.02,24.22,162.85,640,1
75561,-33.02,24.21,162.79,640,1
75571,-33.02,24.21,162.75,640,1
75581,-33.02,24.22,162.74,640,1
75591,-33.02,24.24,162.75,640,1
75601,-33.02,24.25,162.78,640,1
75611,-33.02,24.25,162.81,640,1
75621,-33.02,24.26,162.84,640,1
75631,-33.02,24.26,162.87,640,1
75641,-33.02,24.26,162.90,640,1
75651,-33.02,24.24,162.92,640,1
75661,-33.02,24.23,162.94,640,1
75671,-33.02,24.21,162.95,640,1
75681,-33.02,24.21,162.96,640,1
75691,-33.02,24.20,162.97,640,1
75701,-33.02,24.20,162.98,640,1
75711,-33.02,24.21,162.97,640,1
75721,-33.02,24.21,162.96,640,1
75731,-33.02,24.21,162.95,640,1
75741,-33.02,24.22,162.94,640,1
75751,-33.02,24.21,162.93,640,1
75761,-33.02,24.19,162.91,640,1
75771,-33.02,24.18,162.89,640,1
75781,-33.02,24.18,162.86,640,1
75791,-33.01,24.18,162.84,640,1
75801,-32.99,24.19,162.83,640,1
75811,-32.97,24.20,162.84,640,1
75821,-32.95,24.21,162.84,640,1
75831,-32.94,24.23,162.85,640,1
75841,-32.94,24.25,162.85,640,1
75851,-32.94,24.27,162.86,640,1
75861,-32.94,24.29,162.84,640,1
75871,-32.94,24.29,162.81,640,1
75881,-32.94,24.28,162.77,640,1
75891,-32.94,24.28,162.73,640,1
75901,-32.94,24.27,162.70,640,1
75919,-32.94,24.28,162.68,970,1
75930,-32.94,24.29,162.67,970,1
75940,-32.94,24.30,162.66,970,1
75950,-32.94,24.30,162.68,970,1
75960,-32.94,24.30,162.69,970,1
75970,-32.94,24.30,162.70,970,1
75980,-32.94,24.29,162.72,970,1
75990,-32.94,24.28,162.72,970,1
76000,-32.94,24.27,162.73,970,1
76010,-32.94,24.27,162.73,970,1
76020,-32.94,24.27,162.74,970,1
76030,-32.94,24.27,162.75,970,1
76040,-32.94,24.27,162.76,970,1
76050,-32.94,24.27,162.76,970,1
76060,-32.94,24.27,162.76,970,1
76070,-32.94,24.28,162.75,970,1
76080,-32.94,24.28,162.74,970,1
76090,-32.94,24.28,162.72,970,1
76100,-32.94,24.28,162.70,970,1
76110,-32.94,24.29,162.69,970,1
76120,-32.94,24.30,162.67,970,1
76130,-32.94,24.32,162.65,970,1
76140,-32.94,24.33,162.64,970,1
76150,-32.94,24.35,162.63,970,1
76160,-32.94,24.36,162.62,970,1
76170,-32.94,24.37,162.62,970,1
76180,-32.94,24.37,162.62,970,1
76190,-32.94,24.38,162.62,970,1
76200,-32.94,24.37,162.62,970,1
76210,-32.94,24.36,162.61,970,1
76220,-32.94,24.37,162.61,970,1
76230,-32.94,24.37,162.60,970,1
76240,-32.94,24.37,162.59,970,1
76250,-32.94,24.37,162.59,970,1
76260,-32.94,24.36,162.60,970,1
76270,-32.94,24.36,162.60,970,1
76280,-32.94,24.36,162.60,970,1
76290,-32.94,24.36,162.60,970,1
76300,-32.94,24.36,162.59,970,1
76310,-32.94,24.36,162.58,970,1
76320,-32.94,24.37,162.57,970,1
76330,-32.95,24.37,162.56,970,1
76340,-32.97,24.37,162.56,970,1
76350,-32.98,24.36,162.55,970,1
76360,-32.98,24.36,162.55,970,1
76370,-32.98,24.35,162.55,970,1
76380,-32.98,24.35,162.54,970,1
76390,-32.98,24.35,162.54,970,1
76400,-32.98,24.35,162.54,970,1
76410,-32.98,24.35,162.54,970,1
76423,-32.98,24.36,162.54,72,1
76434,-32.98,24.37,162.54,72,1
76444,-32.98,24.37,162.53,72,1
76454,-32.98,24.36,162.52,72,1
76464,-32.98,24.35,162.51,72,1
76474,-32.98,24.35,162.50,72,1
76484,-32.98,24.34,162.48,72,1
76494,-32.98,24.35,162.46,72,1
76504,-32.98,24.35,162.45,72,1
76514,-32.98,24.35,162.43,72,1
76524,-32.98,24.36,162.42,72,1
76534,-32.98,24.36,162.42,72,1
76544,-32.98,24.36,162.42,72,1
76554,-32.98,24.35,162.43,72,1
76564,-32.98,24.35,162.44,72,1
76574,-32.98,24.34,162.44,72,1
76584,-32.98,24.34,162.44,72,1
76594,-32.98,24.33,162.45,72,1
76604,-32.98,24.32,162.45,72,1
76614,-32.98,24.32,162.46,72,1
76624,-32.98,24.31,162.46,72,1
76634,-32.98,24.31,162.47,72,1
76644,-32.98,24.31,162.47,72,1
76654,-32.98,24.31,162.46,72,1
76664,-32.98,24.30,162.45,72,1
76674,-32.98,24.30,162.44,72,1
76684,-32.98,24.30,162.43,72,1
76694,-32.98,24.30,162.42,72,1
76704,-32.98,24.30,162.40,72,1
76714,-32.98,24.30,162.38,72,1
76724,-32.98,24.31,162.37,72,1
76734,-32.98,24.32,162.37,72,1
76744,-32.98,24.34,162.37,72,1
76754,-32.98,24.34,162.37,72,1
76764,-32.98,24.34,162.38,72,1
76774,-32.98,24.34,162.39,72,1
76784,-32.98,24.33,162.40,72,1
76794,-32.98,24.31,162.40,72,1
76804,-32.98,24.29,162.41,72,1
76814,-32.98,24.28,162.41,72,1
76824,-32.98,24.28,162.41,72,1
76834,-32.98,24.28,162.41,72,1
76844,-32.98,24.28,162.42,72,1
76854,-32.98,24.28,162.43,72,1
76864,-32.98,24.28,162.44,72,1
76874,-32.98,24.28,162.45,72,1
76884,-32.98,24.27,162.45,72,1
76894,-32.98,24.28,162.44,72,1
76904,-32.98,24.28,162.43,72,1
76914,-32.98,24.29,162.41,72,1
76932,-32.98,24.31,162.41,978,1
76943,-32.98,24.31,162.40,978,1
76953,-32.98,24.31,162.40,978,1
76963,-32.98,24.31,162.40,978,1
76973,-32.98,24.31,162.40,978,1
76983,-32.98,24.31,162.40,978,1
76993,-32.98,24.30,162.39,978,1
77003,-32.98,24.30,162.39,978,1
77013,-32.98,24.30,162.40,978,1
77023,-32.98,24.30,162.41,978,1
77033,-32.98,24.30,162.42,978,1
77043,-32.98,24.30,162.43,978,1
77053,-32.98,24.31,162.44,978,1
77063,-32.98,24.31,162.44,978,1
77073,-32.98,24.31,162.44,978,1
77083,-32.98,24.32,162.43,978,1
77093,-32.98,24.31,162.41,978,1
77103,-32.98,24.31,162.40,978,1
77113,-32.98,24.31,162.38,978,1
77123,-32.98,24.32,162.37,978,1
77133,-32.98,24.32,162.36,978,1
77143,-32.98,24.32,162.36,978,1
77153,-32.98,24.33,162.36,978,1
77163,-32.98,24.32,162.36,978,1
77173,-32.98,24.31,162.37,978,1
77183,-32.98,24.30,162.38,978,1
77193,-32.98,24.30,162.40,978,1
77203,-32.98,24.30,162.41,978,1
77213,-32.98,24.31,162.42,978,1
77223,-32.98,24.30,162.43,978,1
77233,-32.98,24.30,162.44,978,1
77243,-32.98,24.29,162.45,978,1
77253,-32.98,24.29,162.45,978,1
77263,-32.98,24.28,162.44,978,1
77273,-32.98,24.29,162.43,978,1
77283,-32.98,24.30,162.41,978,1
77293,-32.98,24.30,162.40,978,1
77303,-32.98,24.31,162.38,978,1
77313,-32.98,24.32,162.37,978,1
77323,-32.98,24.32,162.36,978,1
77333,-32.98,24.32,162.35,978,1
77343,-32.98,24.33,162.34,978,1
77353,-32.98,24.33,162.34,978,1
77363,-32.98,24.33,162.35,978,1
77373,-32.98,24.34,162.35,978,1
77383,-32.98,24.34,162.37,978,1
77393,-32.98,24.35,162.38,978,1
77403,-32.98,24.34,162.39,978,1
77413,-32.98,24.33,162.41,978,1
77423,-32.98,24.31,162.42,978,1
77439,-32.98,24.28,162.42,645,1
77450,-32.98,24.27,162.42,645,1
77460,-32.97,24.27,162.42,645,1
77470,-32.97,24.27,162.43,645,1
77480,-32.97,24.28,162.43,645,1
77490,-32.97,24.29,162.43,645,1
77500,-32.97,24.31,162.44,645,1
77510,-32.97,24.32,162.45,645,1
77520,-32.97,24.32,162.46,645,1
77530,-32.97,24.32,162.45,645,1
77540,-32.97,24.32,162.44,645,1
77550,-32.97,24.32,162.42,645,1
77560,-32.97,24.34,162.40,645,1
77570,-32.97,24.35,162.38,645,1
77580,-32.97,24.36,162.38,645,1
77590,-32.97,24.36,162.38,645,1
77600,-32.97,24.36,162.38,645,1
77610,-32.97,24.35,162.38,645,1
77620,-32.97,24.34,162.38,645,1
77630,-32.97,24.33,162.39,645,1
77640,-32.97,24.32,162.40,645,1
77650,-32.97,24.32,162.41,645,1
77660,-32.97,24.33,162.43,645,1
77670,-32.97,24.33,162.44,645,1
77680,-32.97,24.34,162.45,645,1
77690,-32.97,24.33,162.45,645,1
77700,-32.97,24.32,162.45,645,1
77710,-32.97,24.30,162.43,645,1
77720,-32.97,24.29,162.41,645,1
77730,-32.97,24.29,162.39,645,1
77740,-32.97,24.29,162.36,645,1
77750,-32.97,24.31,162.34,645,1
77760,-32.97,24.32,162.33,645,1
77770,-32.97,24.33,162.33,645,1
77780,-32.97,24.33,162.33,645,1
77790,-32.97,24.34,162.34,645,1
77800,-32.97,24.34,162.34,645,1
77810,-32.97,24.34,162.36,645,1
77820,-32.97,24.34,162.37,645,1
77830,-32.97,24.33,162.38,645,1
77840,-32.97,24.32,162.38,645,1
77850,-32.97,24.31,162.39,645,1
77860,-32.97,24.31,162.40,645,1
77870,-32.97,24.31,162.41,645,1
77880,-32.97,24.31,162.41,645,1
77890,-32.97,24.31,162.41,645,1
77900,-32.97,24.31,162.41,645,1
77910,-32.97,24.31,162.40,645,1
77920,-32.97,24.31,162.39,645,1
77930,-32.97,24.31,162.37,645,1
77947,-32.97,24.33,162.35,718,1
77958,-32.97,24.34,162.34,718,1
77968,-32.97,24.34,162.34,718,1
77978,-32.97,24.35,162.33,718,1
77988,-32.97,24.35,162.34,718,1
77998,-32.97,24.35,162.34,718,1
78008,-32.97,24.35,162.34,718,1
78018,-32.97,24.36,162.36,718,1
78028,-32.97,24.35,162.37,718,1
78038,-32.97,24.34,162.38,718,1
78048,-32.97,24.34,162.40,718,1
78058,-32.97,24.33,162.41,718,1
78068,-32.97,24.33,162.41,718,1
78078,-32.97,24.32,162.42,718,1
78088,-32.97,24.31,162.42,718,1
78098,-32.97,24.30,162.41,718,1
78108,-32.97,24.28,162.41,718,1
78118,-32.97,24.28,162.40,718,1
78128,-32.97,24.28,162.39,718,1
78138,-32.97,24.30,162.38,718,1
78148,-32.97,24.30,162.37,718,1
78158,-32.97,24.31,162.38,718,1
78168,-32.97,24.32,162.39,718,1
78178,-32.97,24.31,162.39,718,1
78188,-32.97,24.31,162.39,718,1
78198,-32.97,24.31,162.39,718,1
78208,-32.97,24.31,162.38,718,1
78218,-32.97,24.33,162.37,718,1
78228,-32.97,24.34,162.37,718,1
78238,-32.97,24.35,162.37,718,1
78248,-32.97,24.34,162.37,718,1
78258,-32.97,24.34,162.38,718,1
78268,-32.97,24.32,162.38,718,1
78278,-32.97,24.31,162.39,718,1
78288,-32.97,24.29,162.38,718,1
78298,-32.97,24.28,162.38,718,1
78308,-32.97,24.28,162.39,718,1
78318,-32.97,24.28,162.40,718,1
78328,-32.97,24.28,162.42,718,1
78338,-32.97,24.28,162.43,718,1
78348,-32.97,24.28,162.43,718,1
78358,-32.97,24.27,162.43,718,1
78368,-32.97,24.27,162.43,718,1
78378,-32.97,24.26,162.42,718,1
78388,-32.97,24.26,162.40,718,1
78398,-32.97,24.26,162.39,718,1
78408,-32.97,24.27,162.37,718,1
78418,-32.97,24.27,162.36,718,1
78428,-32.97,24.27,162.36,718,1
78438,-32.97,24.27,162.35,718,1
78454,-32.97,24.27,162.35,702,1
78465,-32.97,24.27,162.35,702,1
78475,-32.97,24.27,162.37,702,1
78485,-32.97,24.27,162.38,702,1
78495,-32.97,24.26,162.39,702,1
78505,-32.97,24.26,162.40,702,1
78515,-32.97,24.26,162.42,702,1
78525,-32.97,24.26,162.43,702,1
78535,-32.97,24.27,162.44,702,1
78545,-32.97,24.27,162.44,702,1
78555,-32.97,24.27,162.44,702,1
78565,-32.97,24.27,162.44,702,1
78575,-32.97,24.28,162.43,702,1
78585,-32.97,24.28,162.42,702,1
78595,-32.97,24.29,162.40,702,1
78605,-32.97,24.29,162.38,702,1
78615,-32.97,24.30,162.37,702,1
78625,-32.97,24.31,162.36,702,1
78635,-32.97,24.32,162.35,702,1
78645,-32.97,24.32,162.36,702,1
78655,-32.97,24.32,162.36,702,1
78665,-32.97,24.32,162.37,702,1
78675,-32.97,24.31,162.38,702,1
78685,-32.97,24.31,162.40,702,1
78695,-32.97,24.32,162.41,702,1
78705,-32.97,24.32,162.42,702,1
78715,-32.97,24.32,162.43,702,1
78725,-32.97,24.31,162.44,702,1
78735,-32.97,24.30,162.45,702,1
78745,-32.97,24.28,162.45,702,1
78755,-32.97,24.28,162.45,702,1
78765,-32.97,24.28,162.45,702,1
78775,-32.97,24.28,162.45,702,1
78785,-32.97,24.28,162.44,702,1
78795,-32.97,24.28,162.44,702,1
78805,-32.97,24.28,162.43,702,1
78815,-32.97,24.29,162.43,702,1
78825,-32.97,24.30,162.43,702,1
78835,-32.97,24.30,162.44,702,1
78845,-32.97,24.30,162.45,702,1
78855,-32.97,24.30,162.46,702,1
78865,-32.97,24.29,162.46,702,1
78875,-32.97,24.29,162.46,702,1
78885,-32.97,24.29,162.46,702,1
78895,-32.97,24.30,162.45,702,1
78905,-32.97,24.31,162.45,702,1
78915,-32.97,24.33,162.46,702,1
78925,-32.97,24.33,162.46,702,1
78935,-32.97,24.33,162.47,702,1
78945,-32.97,24.32,162.47,702,1
78961,-32.97,24.32,162.48,682,1
78972,-32.97,24.30,162.48,682,1
78982,-32.97,24.30,162.49,682,1
78992,-32.97,24.29,162.50,682,1
79002,-32.97,24.30,162.51,682,1
79012,-32.97,24.29,162.52,682,1
79022,-32.97,24.29,162.53,682,1
79032,-32.97,24.28,162.54,682,1
79042,-32.97,24.27,162.54,682,1
79052,-32.97,24.26,162.53,682,1
79062,-32.97,24.26,162.52,682,1
79072,-32.97,24.26,162.50,682,1
79082,-32.97,24.27,162.49,682,1
79092,-32.97,24.27,162.47,682,1
79102,-32.97,24.25,162.45,682,1
79112,-32.97,24.25,162.42,682,1
79122,-32.97,24.27,162.42,682,1
79132,-32.97,24.29,162.44,682,1
79142,-32.97,24.31,162.45,682,1
79152,-32.97,24.32,162.46,682,1
79162,-32.97,24.34,162.48,682,1
79172,-32.97,24.35,162.48,682,1
79182,-32.97,24.37,162.49,682,1
79192,-32.97,24.37,162.50,682,1
79202,-32.97,24.38,162.51,682,1
79212,-32.97,24.38,162.52,682,1
79222,-32.97,24.37,162.53,682,1
79232,-32.97,24.35,162.53,682,1
79242,-32.97,24.31,162.53,682,1
79252,-32.97,24.26,162.52,682,1
79262,-32.95,24.23,162.51,682,1
79272,-32.94,24.20,162.50,682,1
79282,-32.91,24.19,162.50,682,1
79292,-32.89,24.18,162.50,682,1
79302,-32.86,24.18,162.51,682,1
79312,-32.84,24.19,162.52,682,1
79322,-32.82,24.21,162.54,682,1
79332,-32.82,24.23,162.56,682,1
79342,-32.82,24.26,162.58,682,1
79352,-32.83,24.28,162.58,682,1
79362,-32.86,24.29,162.57,682,1
79372,-32.89,24.30,162.57,682,1
79382,-32.92,24.29,162.57,682,1
79392,-32.95,24.29,162.58,682,1
79402,-32.99,24.27,162.59,682,1
79412,-33.02,24.25,162.60,682,1
79422,-33.04,24.23,162.60,682,1
79432,-33.05,24.20,162.61,682,1
79442,-33.05,24.16,162.60,682,1
79452,-33.05,24.13,162.60,682,1
79469,-33.05,24.10,162.60,684,1
79480,-33.05,24.08,162.60,684,1
79490,-33.04,24.06,162.59,684,1
79500,-33.02,24.05,162.58,684,1
79510,-32.99,24.05,162.57,684,1
79520,-32.97,24.05,162.55,684,1
79530,-32.95,24.06,162.53,684,1
79540,-32.92,24.06,162.51,684,1
79550,-32.91,24.08,162.49,684,1
79560,-32.89,24.09,162.46,684,1
79570,-32.89,24.10,162.42,684,1
79580,-32.89,24.12,162.38,684,1
79590,-32.89,24.14,162.34,684,1
79600,-32.89,24.15,162.31,684,1
79610,-32.89,24.14,162.27,684,1
79620,-32.89,24.14,162.25,684,1
79630,-32.89,24.14,162.23,684,1
79640,-32.89,24.13,162.22,684,1
79650,-32.89,24.13,162.22,684,1
79660,-32.89,24.12,162.24,684,1
79670,-32.89,24.12,162.26,684,1
79680,-32.89,24.12,162.29,684,1
79690,-32.89,24.12,162.31,684,1
79700,-32.89,24.11,162.33,684,1
79710,-32.89,24.11,162.33,684,1
79720,-32.89,24.11,162.32,684,1
79730,-32.91,24.11,162.30,684,1
79740,-32.92,24.11,162.26,684,1
79750,-32.94,24.11,162.23,684,1
79760,-32.96,24.11,162.19,684,1
79770,-32.97,24.11,162.15,684,1
79780,-32.99,24.12,162.11,684,1
79790,-33.01,24.13,162.08,684,1
79800,-33.02,24.13,162.06,684,1
79810,-33.02,24.14,162.04,684,1
79820,-33.02,24.15,162.03,684,1
79830,-33.02,24.15,162.03,684,1
79840,-33.02,24.15,162.02,684,1
79850,-33.02,24.15,162.01,684,1
79860,-33.02,24.14,162.01,684,1
79870,-33.02,24.14,162.00,684,1
79880,-33.02,24.14,162.00,684,1
79890,-33.02,24.14,162.00,684,1
79900,-33.02,24.15,162.00,684,1
79910,-33.02,24.16,162.00,684,1
79920,-33.01,24.16,161.99,684,1
79930,-33.01,24.17,161.97,684,1
79940,-33.01,24.18,161.94,684,1
79950,-33.01,24.20,161.91,684,1
79960,-33.01,24.21,161.87,684,1
79983,-33.01,24.22,161.83,1998,1
79994,-33.01,24.24,161.79,1998,1
80004,-33.01,24.26,161.76,1998,1
80014,-33.01,24.28,161.73,1998,1
80024,-33.01,24.30,161.71,1998,1
80034,-33.01,24.31,161.69,1998,1
80044,-33.01,24.33,161.67,1998,1
80054,-33.02,24.33,161.66,1998,1
80064,-33.03,24.33,161.65,1998,1
80074,-33.05,24.32,161.64,1998,1
80084,-33.06,24.32,161.63,1998,1
80094,-33.08,24.32,161.63,1998,1
80104,-33.09,24.31,161.62,1998,1
80114,-33.09,24.30,161.62,1998,1
80124,-33.09,24.28,161.60,1998,1
80134,-33.09,24.27,161.59,1998,1
80144,-33.09,24.27,161.58,1998,1
80154,-33.09,24.28,161.57,1998,1
80164,-33.09,24.28,161.57,1998,1
80174,-33.09,24.28,161.57,1998,1
80184,-33.09,24.27,161.57,1998,1
80194,-33.09,24.25,161.56,1998,1
80204,-33.09,24.23,161.54,1998,1
80214,-33.09,24.23,161.53,1998,1
80224,-33.09,24.24,161.51,1998,1
80234,-33.09,24.24,161.50,1998,1
80245,-33.09,24.25,161.49,1998,1
80254,-33.09,24.26,161.49,1998,1
80265,-33.09,24.26,161.49,1998,1
80275,-33.09,24.27,161.49,1998,1
80285,-33.09,24.27,161.48,1998,1
80295,-33.09,24.27,161.48,1998,1
80305,-33.09,24.27,161.48,1998,1
80315,-33.09,24.28,161.48,1998,1
80325,-33.09,24.30,161.48,1998,1
80335,-33.09,24.31,161.49,1998,1
80345,-33.09,24.33,161.48,1998,1
80355,-33.08,24.34,161.48,1998,1
80365,-33.07,24.36,161.46,1998,1
80375,-33.07,24.37,161.44,1998,1
80385,-33.05,24.39,161.42,1998,1
80395,-33.05,24.41,161.40,1998,1
80405,-33.05,24.43,161.38,1998,1
80415,-33.05,24.46,161.37,1998,1
80425,-33.05,24.49,161.35,1998,1
80435,-33.05,24.51,161.34,1998,1
80445,-33.05,24.53,161.33,1998,1
80455,-33.05,24.55,161.31,1998,1
80465,-33.05,24.56,161.30,1998,1
80481,-33.07,24.56,161.29,703,1
80492,-33.07,24.55,161.29,703,1
80502,-33.07,24.55,161.29,703,1
80512,-33.07,24.54,161.29,703,1
80522,-33.07,24.54,161.30,703,1
80532,-33.07,24.54,161.32,703,1
80542,-33.07,24.54,161.35,703,1
80552,-33.07,24.55,161.39,703,1
80562,-33.07,24.54,161.44,703,1
80572,-33.07,24.54,161.48,703,1
80582,-33.07,24.52,161.52,703,1
80592,-33.07,24.53,161.55,703,1
80602,-33.07,24.53,161.56,703,1
80612,-33.07,24.54,161.56,703,1
80622,-33.07,24.54,161.56,703,1
80632,-33.07,24.56,161.54,703,1
80642,-33.05,24.57,161.52,703,1
80652,-33.04,24.59,161.50,703,1
80662,-33.03,24.61,161.48,703,1
80672,-33.01,24.63,161.47,703,1
80682,-33.00,24.66,161.45,703,1
80692,-32.98,24.68,161.44,703,1
80702,-32.96,24.71,161.43,703,1
80712,-32.94,24.74,161.43,703,1
80722,-32.92,24.76,161.43,703,1
80732,-32.91,24.79,161.44,703,1
80742,-32.89,24.82,161.44,703,1
80752,-32.87,24.84,161.45,703,1
80762,-32.85,24.87,161.46,703,1
80772,-32.84,24.90,161.46,703,1
80782,-32.82,24.93,161.46,703,1
80792,-32.81,24.97,161.47,703,1
80802,-32.79,25.01,161.46,703,1
80812,-32.77,25.05,161.47,703,1
80822,-32.76,25.09,161.46,703,1
80832,-32.76,25.12,161.45,703,1
80842,-32.76,25.16,161.44,703,1
80852,-32.76,25.19,161.42,703,1
80862,-32.76,25.23,161.40,703,1
80872,-32.76,25.28,161.38,703,1
80882,-32.76,25.32,161.37,703,1
80892,-32.76,25.35,161.36,703,1
80902,-32.76,25.39,161.36,703,1
80912,-32.77,25.43,161.36,703,1
80922,-32.79,25.48,161.36,703,1
80932,-32.82,25.52,161.35,703,1
80942,-32.86,25.55,161.35,703,1
80952,-32.91,25.56,161.35,703,1
80962,-32.98,25.56,161.35,703,1
80972,-33.07,25.55,161.33,703,1
80996,-33.18,25.53,161.29,1993,1
81007,-33.31,25.48,161.21,1993,1
81017,-33.44,25.43,161.12,1993,1
81027,-33.55,25.38,161.01,1993,1
81037,-33.65,25.32,160.90,1993,1
81047,-33.73,25.21,160.80,1993,1
81057,-33.78,25.11,160.67,1993,1
81067,-33.78,25.05,160.53,1993,1
81077,-33.75,25.12,160.39,1993,1
81087,-33.71,25.23,160.28,1993,1
81097,-33.67,25.34,160.20,1993,1
81107,-33.63,25.46,160.17,1993,1
81117,-33.61,25.62,160.16,1993,1
81127,-33.61,25.76,160.16,1993,1
81137,-33.63,25.86,160.16,1993,1
81147,-33.69,25.92,160.16,1993,1
81157,-33.76,25.94,160.13,1993,1
81167,-33.85,25.93,160.09,1993,1
81177,-33.94,25.89,160.03,1993,1
81187,-34.02,25.85,159.98,1993,1
81197,-34.08,25.84,159.93,1993,1
81207,-34.13,25.85,159.90,1993,1
81217,-34.16,25.86,159.89,1993,1
81227,-34.17,25.88,159.90,1993,1
81237,-34.17,25.90,159.92,1993,1
81247,-34.16,25.92,159.94,1993,1
81257,-34.14,25.95,159.96,1993,1
81267,-34.12,25.97,159.98,1993,1
81277,-34.09,25.99,159.98,1993,1
81287,-34.07,26.02,159.97,1993,1
81297,-34.05,26.06,159.96,1993,1
81307,-34.04,26.09,159.95,1993,1
81317,-34.04,26.12,159.95,1993,1
81327,-34.04,26.14,159.95,1993,1
81337,-34.04,26.15,159.96,1993,1
81347,-34.04,26.17,159.96,1993,1
81357,-34.04,26.18,159.97,1993,1
81367,-34.04,26.19,159.97,1993,1
81377,-34.02,26.21,159.98,1993,1
81387,-34.00,26.23,159.99,1993,1
81397,-33.98,26.25,160.01,1993,1
81407,-33.96,26.27,160.03,1993,1
81417,-33.93,26.29,160.05,1993,1
81427,-33.91,26.31,160.07,1993,1
81437,-33.89,26.33,160.09,1993,1
81447,-33.87,26.36,160.11,1993,1
81457,-33.86,26.38,160.13,1993,1
81467,-33.85,26.39,160.15,1993,1
81477,-33.85,26.40,160.18,1993,1
81501,-33.85,26.41,160.20,1995,1
81512,-33.85,26.40,160.21,1995,1
81522,-33.84,26.40,160.22,1995,1
81532,-33.82,26.40,160.22,1995,1
81542,-33.80,26.42,160.22,1995,1
81552,-33.77,26.44,160.22,1995,1
81562,-33.75,26.47,160.23,1995,1
81572,-33.72,26.51,160.23,1995,1
81582,-33.70,26.55,160.25,1995,1
81592,-33.70,26.57,160.29,1995,1
81602,-33.70,26.58,160.32,1995,1
81612,-33.70,26.58,160.33,1995,1
81622,-33.70,26.58,160.34,1995,1
81632,-33.70,26.58,160.34,1995,1
81642,-33.70,26.58,160.35,1995,1
81652,-33.70,26.58,160.35,1995,1
81662,-33.70,26.57,160.35,1995,1
81672,-33.68,26.58,160.34,1995,1
81682,-33.66,26.61,160.32,1995,1
81692,-33.65,26.62,160.32,1995,1
81702,-33.65,26.62,160.33,1995,1
81712,-33.65,26.60,160.34,1995,1
81722,-33.65,26.59,160.34,1995,1
81732,-33.63,26.60,160.31,1995,1
81742,-33.61,26.62,160.28,1995,1
81752,-33.59,26.64,160.25,1995,1
81762,-33.56,26.68,160.23,1995,1
81772,-33.54,26.71,160.25,1995,1
81782,-33.53,26.72,160.28,1995,1
81792,-33.53,26.73,160.30,1995,1
81802,-33.53,26.74,160.31,1995,1
81812,-33.53,26.74,160.31,1995,1
81822,-33.51,26.74,160.30,1995,1
81832,-33.50,26.75,160.30,1995,1
81842,-33.48,26.76,160.29,1995,1
81852,-33.46,26.77,160.28,1995,1
81862,-33.44,26.79,160.27,1995,1
81872,-33.42,26.81,160.28,1995,1
81882,-33.40,26.85,160.28,1995,1
81892,-33.38,26.88,160.29,1995,1
81902,-33.37,26.90,160.29,1995,1
81912,-33.37,26.91,160.29,1995,1
81922,-33.37,26.93,160.28,1995,1
81932,-33.37,26.93,160.27,1995,1
81942,-33.37,26.98,160.25,1995,1
81952,-33.37,27.02,160.25,1995,1
81962,-33.37,27.05,160.27,1995,1
81972,-33.37,27.06,160.29,1995,1
81982,-33.37,27.07,160.30,1995,1
81998,-33.37,27.07,160.32,609,1
82009,-33.37,27.06,160.33,609,1
82019,-33.37,27.04,160.35,609,1
82029,-33.37,27.01,160.37,609,1
82039,-33.37,26.99,160.39,609,1
82049,-33.37,26.98,160.42,609,1
82059,-33.35,26.97,160.46,609,1
82069,-33.33,26.95,160.50,609,1
82079,-33.30,26.95,160.55,609,1
82089,-33.27,26.95,160.59,609,1
82099,-33.25,26.95,160.64,609,1
82109,-33.23,26.95,160.68,609,1
82119,-33.21,26.96,160.71,609,1
82129,-33.20,26.95,160.73,609,1
82139,-33.18,26.94,160.73,609,1
82149,-33.16,26.97,160.73,609,1
82159,-33.14,26.98,160.71,609,1
82169,-33.14,27.00,160.69,609,1
82179,-33.14,27.02,160.66,609,1
82189,-33.14,27.05,160.62,609,1
82199,-33.14,27.06,160.58,609,1
82209,-33.14,27.08,160.54,609,1
82219,-33.14,27.08,160.51,609,1
82229,-33.16,27.10,160.48,609,1
82239,-33.16,27.12,160.45,609,1
82249,-33.16,27.14,160.42,609,1
82259,-33.16,27.14,160.39,609,1
82269,-33.16,27.14,160.39,609,1
82279,-33.14,27.16,160.40,609,1
82289,-33.12,27.19,160.43,609,1
82299,-33.09,27.22,160.46,609,1
82309,-33.05,27.28,160.51,609,1
82319,-32.99,27.36,160.54,609,1
82329,-32.93,27.45,160.56,609,1
82339,-32.86,27.54,160.60,609,1
82349,-32.80,27.69,160.65,609,1
82359,-32.74,27.84,160.73,609,1
82369,-32.70,27.97,160.82,609,1
82379,-32.67,28.09,160.96,609,1
82389,-32.65,28.20,161.11,609,1
82399,-32.63,28.27,161.23,609,1
82409,-32.61,28.33,161.38,609,1
82419,-32.61,28.36,161.51,609,1
82429,-32.61,28.37,161.66,609,1
82439,-32.61,28.35,161.81,609,1
82449,-32.59,28.35,161.99,609,1
82459,-32.56,28.35,162.19,609,1
82469,-32.51,28.33,162.39,609,1
82479,-32.44,28.31,162.59,609,1
82489,-32.35,28.28,162.80,609,1
82505,-32.26,28.25,163.00,745,1
82516,-32.15,28.20,163.15,745,1
82526,-32.03,28.16,163.27,745,1
82536,-31.92,28.11,163.37,745,1
82546,-31.81,28.06,163.44,745,1
82556,-31.70,28.00,163.50,745,1
82566,-31.60,27.96,163.54,745,1
82576,-31.49,27.89,163.54,745,1
82586,-31.39,27.84,163.55,745,1
82596,-31.27,27.80,163.55,745,1
82606,-31.15,27.77,163.52,745,1
82616,-31.04,27.74,163.50,745,1
82626,-30.94,27.72,163.47,745,1
82636,-30.85,27.68,163.44,745,1
82646,-30.77,27.62,163.40,745,1
82656,-30.71,27.53,163.36,745,1
82666,-30.64,27.41,163.31,745,1
82676,-30.56,27.32,163.26,745,1
82686,-30.48,27.27,163.17,745,1
82696,-30.39,27.22,163.09,745,1
82706,-30.30,27.19,163.04,745,1
82716,-30.22,27.18,163.01,745,1
82726,-30.14,27.17,163.00,745,1
82736,-30.08,27.17,163.04,745,1
82746,-30.05,27.16,163.12,745,1
82756,-30.04,27.13,163.23,745,1
82766,-30.04,27.06,163.33,745,1
82776,-30.04,26.96,163.47,745,1
82786,-30.04,26.87,163.63,745,1
82796,-30.04,26.77,163.81,745,1
82806,-30.04,26.69,164.01,745,1
82816,-30.01,26.60,164.25,745,1
82826,-29.97,26.55,164.46,745,1
82836,-29.92,26.50,164.67,745,1
82846,-29.87,26.45,164.87,745,1
82856,-29.80,26.39,165.02,745,1
82866,-29.73,26.32,165.15,745,1
82876,-29.67,26.27,165.25,745,1
82886,-29.61,26.20,165.31,745,1
82896,-29.54,26.14,165.35,745,1
82906,-29.45,26.10,165.36,745,1
82916,-29.37,26.08,165.35,745,1
82926,-29.28,26.07,165.34,745,1
82936,-29.19,26.09,165.31,745,1
82946,-29.10,26.10,165.29,745,1
82956,-29.02,26.12,165.27,745,1
82966,-28.94,26.15,165.26,745,1
82976,-28.86,26.18,165.24,745,1
82986,-28.80,26.20,165.23,745,1
82996,-28.75,26.19,165.23,745,1
83020,-28.72,26.18,165.23,1997,1
83031,-28.72,26.12,165.22,1997,1
83041,-28.72,26.06,165.21,1997,1
83051,-28.72,26.00,165.21,1997,1
83061,-28.72,25.95,165.22,1997,1
83071,-28.72,25.90,165.25,1997,1
83081,-28.72,25.85,165.30,1997,1
83091,-28.70,25.80,165.37,1997,1
83101,-28.68,25.76,165.44,1997,1
83111,-28.66,25.72,165.52,1997,1
83121,-28.64,25.68,165.59,1997,1
83131,-28.61,25.65,165.65,1997,1
83141,-28.58,25.58,165.68,1997,1
83151,-28.54,25.54,165.74,1997,1
83161,-28.51,25.48,165.78,1997,1
83171,-28.48,25.40,165.81,1997,1
83181,-28.43,25.31,165.83,1997,1
83191,-28.38,25.31,165.83,1997,1
83201,-28.33,25.35,165.82,1997,1
83211,-28.28,25.40,165.81,1997,1
83221,-28.24,25.43,165.83,1997,1
83231,-28.22,25.44,165.85,1997,1
83241,-28.22,25.47,165.87,1997,1
83251,-28.22,25.46,165.87,1997,1
83261,-28.22,25.45,165.88,1997,1
83271,-28.22,25.45,165.89,1997,1
83281,-28.22,25.47,165.91,1997,1
83291,-28.22,25.48,165.93,1997,1
83301,-28.22,25.48,165.96,1997,1
83311,-28.22,25.48,166.00,1997,1
83321,-28.22,25.49,166.04,1997,1
83331,-28.22,25.48,166.08,1997,1
83341,-28.22,25.47,166.11,1997,1
83351,-28.22,25.46,166.15,1997,1
83361,-28.22,25.43,166.17,1997,1
83371,-28.22,25.41,166.20,1997,1
83381,-28.22,25.38,166.21,1997,1
83391,-28.21,25.38,166.21,1997,1
83401,-28.19,25.37,166.21,1997,1
83411,-28.18,25.38,166.23,1997,1
83421,-28.17,25.38,166.23,1997,1
83431,-28.16,25.38,166.25,1997,1
83441,-28.14,25.38,166.25,1997,1
83451,-28.12,25.37,166.24,1997,1
83461,-28.10,25.38,166.23,1997,1
83471,-28.09,25.41,166.22,1997,1
83481,-28.07,25.46,166.23,1997,1
83491,-28.07,25.52,166.23,1997,1
83501,-28.07,25.58,166.24,1997,1
83525,-28.10,25.62,166.25,1997,0
83536,-28.12,25.64,166.22,1997,0
83546,-28.15,25.66,166.17,1997,0
83556,-28.18,25.68,166.12,1997,0
83566,-28.21,25.70,166.07,1997,0
83576,-28.24,25.70,166.02,1997,0
83586,-28.27,25.71,165.95,1997,0
83596,-28.30,25.73,165.90,1997,0
83606,-28.33,25.74,165.88,1997,0
83616,-28.37,25.72,165.84,1997,0
83626,-28.41,25.68,165.82,1997,0
83636,-28.44,25.65,165.81,1997,0
83646,-28.48,25.60,165.85,1997,0
83656,-28.51,25.51,165.90,1997,0
83666,-28.53,25.42,165.97,1997,0
83676,-28.55,25.35,166.06,1997,0
83686,-28.55,25.25,166.17,1997,0
83696,-28.55,25.13,166.28,1997,0
83706,-28.55,25.02,166.38,1997,0
83716,-28.55,24.92,166.46,1997,0
83726,-28.55,24.84,166.51,1997,0
83736,-28.53,24.78,166.56,1997,0
83746,-28.50,24.71,166.60,1997,0
83756,-28.47,24.67,166.62,1997,0
83766,-28.43,24.65,166.61,1997,0
83776,-28.40,24.64,166.57,1997,0
83786,-28.37,24.66,166.52,1997,0
83796,-28.35,24.71,166.44,1997,0
83806,-28.33,24.76,166.35,1997,0
83816,-28.32,24.82,166.24,1997,0
83826,-28.32,24.89,166.11,1997,0
83836,-28.32,24.95,165.98,1997,0
83846,-28.32,25.02,165.84,1997,0
83856,-28.32,25.08,165.69,1997,0
83866,-28.34,25.14,165.54,1997,0
83876,-28.37,25.18,165.39,1997,0
83886,-28.41,25.19,165.26,1997,0
83896,-28.46,25.21,165.14,1997,0
83906,-28.51,25.21,165.05,1997,0
83916,-28.57,25.23,164.99,1997,0
83926,-28.64,25.26,164.96,1997,0
83936,-28.72,25.28,164.97,1997,0
83946,-28.81,25.27,165.02,1997,0
83956,-28.89,25.24,165.09,1997,0
83966,-28.98,25.20,165.15,1997,0
83976,-29.04,25.18,165.20,1997,0
83986,-29.10,25.18,165.26,1997,0
83996,-29.14,25.16,165.32,1997,0
84006,-29.19,25.15,165.37,1997,0
84030,-29.22,25.15,165.36,1997,0
84041,-29.25,25.16,165.30,1997,0
84051,-29.28,25.15,165.21,1997,0
84061,-29.32,25.13,165.08,1997,0
84071,-29.38,25.07,164.95,1997,0
84081,-29.46,24.95,164.80,1997,0
84091,-29.58,24.76,164.62,1997,0
84101,-29.73,24.47,164.38,1997,0
84111,-29.90,24.10,164.09,1997,0
84121,-30.08,23.67,163.76,1997,0
84131,-30.27,23.22,163.39,1997,0
84141,-30.45,22.82,163.01,1997,0
84151,-30.63,22.56,162.57,1997,0
84161,-30.80,22.33,162.12,1997,0
84171,-30.96,22.16,161.69,1997,0
84181,-31.08,22.08,161.30,1997,0
84191,-31.17,22.12,160.95,1997,0
84201,-31.19,22.25,160.62,1997,0
84211,-31.13,22.55,160.31,1997,0
84221,-30.98,22.98,160.06,1997,0
84231,-30.74,23.58,159.96,1997,0
84241,-30.40,24.34,160.04,1997,0
84251,-29.97,25.25,160.26,1997,0
84261,-29.45,26.14,160.64,1997,0
84271,-28.89,27.05,161.15,1997,0
84281,-28.33,27.92,161.69,1997,0
84291,-27.81,28.81,162.26,1997,0
84301,-27.36,29.67,162.86,1997,0
84311,-27.00,30.50,163.48,1997,0
84321,-26.70,31.18,164.05,1997,0
84331,-26.43,31.71,164.60,1997,0
84341,-26.22,32.12,165.11,1997,0
84351,-26.07,32.41,165.57,1997,0
84361,-25.99,32.52,165.97,1997,0
84371,-25.95,32.46,166.30,1997,0
84381,-25.95,32.29,166.55,1997,0
84391,-25.97,32.02,166.74,1997,0
84401,-26.01,31.59,166.91,1997,0
84411,-26.04,31.16,166.88,1997,0
84421,-26.04,30.71,166.85,1997,0
84431,-26.00,30.38,166.84,1997,0
84441,-25.92,30.14,166.84,1997,0
84451,-25.82,30.00,166.85,1997,0
84461,-25.69,29.96,166.90,1997,0
84471,-25.55,30.01,167.03,1997,0
84481,-25.42,30.11,167.19,1997,0
84491,-25.30,30.22,167.37,1997,0
84501,-25.20,30.29,167.59,1997,0
84511,-25.12,30.35,167.83,1997,0
84535,-25.08,30.36,168.07,1997,0
84546,-25.14,30.21,168.28,1997,0
84556,-25.24,30.00,168.48,1997,0
84566,-25.37,29.74,168.65,1997,0
84576,-25.52,29.45,168.79,1997,0
84586,-25.67,29.15,168.90,1997,0
84596,-25.80,28.87,168.99,1997,0
84606,-25.91,28.53,169.08,1997,0
84616,-26.00,28.25,169.15,1997,0
84626,-26.07,28.00,169.23,1997,0
84636,-26.12,27.76,169.30,1997,0
84646,-26.16,27.54,169.37,1997,0
84656,-26.19,27.31,169.44,1997,0
84666,-26.23,27.09,169.50,1997,0
84676,-26.26,26.85,169.55,1997,0
84686,-26.29,26.62,169.59,1997,0
84696,-26.33,26.45,169.61,1997,0
84706,-26.36,26.31,169.62,1997,0
84716,-26.37,26.22,169.59,1997,0
84726,-26.37,26.15,169.57,1997,0
84736,-26.35,26.09,169.57,1997,0
84746,-26.31,26.04,169.58,1997,0
84756,-26.27,25.99,169.61,1997,0
84766,-26.24,25.95,169.63,1997,0
84776,-26.22,25.91,169.64,1997,0
84786,-26.22,25.85,169.64,1997,0
84796,-26.22,25.79,169.61,1997,0
84806,-26.24,25.71,169.58,1997,0
84816,-26.28,25.64,169.54,1997,0
84826,-26.33,25.55,169.47,1997,0
84836,-26.39,25.43,169.38,1997,0
84846,-26.47,25.29,169.27,1997,0
84856,-26.55,25.14,169.16,1997,0
84866,-26.64,24.97,169.04,1997,0
84876,-26.74,24.82,168.92,1997,0
84886,-26.86,24.70,168.80,1997,0
84896,-27.00,24.56,168.68,1997,0
84906,-27.16,24.42,168.55,1997,0
84916,-27.33,24.28,168.42,1997,0
84926,-27.51,24.14,168.28,1997,0
84936,-27.70,24.00,168.13,1997,0
84946,-27.91,23.87,167.98,1997,0
84956,-28.12,23.75,167.82,1997,0
84966,-28.37,23.64,167.65,1997,0
84976,-28.63,23.51,167.45,1997,0
84986,-28.91,23.40,167.24,1997,0
84996,-29.22,23.29,167.00,1997,0
85006,-29.57,23.14,166.74,1997,0
85016,-29.94,22.94,166.43,1997,0
85040,-30.33,22.68,166.09,1997,0
85051,-30.70,22.30,165.62,1997,0
85061,-31.06,21.94,165.12,1997,0
85071,-31.39,21.61,164.61,1997,0
85081,-31.69,21.33,164.10,1997,0
85091,-31.96,21.11,163.60,1997,0
85101,-32.17,20.98,163.11,1997,0
85111,-32.34,20.94,162.66,1997,0
85121,-32.47,21.00,162.27,1997,0
85131,-32.53,20.98,161.93,1997,0
85141,-32.53,21.10,161.63,1997,0
85151,-32.46,21.38,161.42,1997,0
85161,-32.31,21.76,161.28,1997,0
85171,-32.11,22.28,161.23,1997,0
85181,-31.88,22.96,161.31,1997,0
85191,-31.65,23.71,161.52,1997,0
85201,-31.42,24.47,161.80,1997,0
85211,-31.20,25.21,162.15,1997,0
85221,-30.99,25.93,162.54,1997,0
85231,-30.81,26.59,162.94,1997,0
85241,-30.68,27.19,163.35,1997,0
85251,-30.59,27.68,163.74,1997,0
85261,-30.54,28.07,164.11,1997,0
85271,-30.51,28.35,164.45,1997,0
85281,-30.51,28.53,164.76,1997,0
85291,-30.53,28.63,165.03,1997,0
85301,-30.55,28.65,165.25,1997,0
85311,-30.57,28.62,165.45,1997,0
85321,-30.59,28.53,165.63,1997,0
85331,-30.61,28.39,165.77,1997,0
85341,-30.63,28.22,165.86,1997,0
85351,-30.64,28.05,165.92,1997,0
85361,-30.64,27.87,165.93,1997,0
85371,-30.64,27.71,165.92,1997,0
85381,-30.64,27.56,165.88,1997,0
85391,-30.64,27.44,165.81,1997,0
85401,-30.68,27.17,165.77,1997,0
85411,-30.73,26.82,165.69,1997,0
85421,-30.80,26.51,165.58,1997,0
85431,-30.86,26.24,165.41,1997,0
85441,-30.95,26.07,165.19,1997,0
85451,-31.11,25.99,164.93,1997,0
85461,-31.33,25.98,164.65,1997,0
85471,-31.61,25.88,164.30,1997,0
85481,-31.89,25.78,163.88,1997,0
85491,-32.18,25.73,163.46,1997,0
85501,-32.49,25.65,163.06,1997,0
85511,-32.80,25.52,162.65,1997,0
85521,-33.11,25.38,162.25,1997,0
85545,-33.38,25.24,161.85,1997,0
85556,-33.60,25.21,161.47,1997,0
85566,-33.80,25.20,161.11,1997,0
85576,-33.98,25.20,160.79,1997,0
85586,-34.13,25.21,160.50,1997,0
85596,-34.25,25.21,160.24,1997,0
85606,-34.33,25.20,160.03,1997,0
85616,-34.39,25.19,159.86,1997,0
85626,-34.40,25.21,159.75,1997,0
85636,-34.39,25.26,159.69,1997,0
85646,-34.37,25.35,159.68,1997,0
85656,-34.33,25.44,159.71,1997,0
85666,-34.30,25.51,159.77,1997,0
85676,-34.27,25.55,159.86,1997,0
85686,-34.25,25.57,159.94,1997,0
85696,-34.22,25.57,160.01,1997,0
85706,-34.19,25.54,160.09,1997,0
85716,-34.15,25.51,160.18,1997,0
85726,-34.11,25.46,160.24,1997,0
85736,-34.06,25.42,160.29,1997,0
85746,-34.00,25.39,160.32,1997,0
85756,-33.94,25.38,160.34,1997,0
85766,-33.89,25.36,160.34,1997,0
85776,-33.84,25.33,160.33,1997,0
85786,-33.82,25.28,160.32,1997,0
85796,-33.80,25.24,160.28,1997,0
85806,-33.78,25.20,160.21,1997,0
85816,-33.75,25.14,160.13,1997,0
85826,-33.73,25.09,160.05,1997,0
85836,-33.71,25.03,159.97,1997,0
85846,-33.67,24.97,159.90,1997,0
85856,-33.63,24.95,159.83,1997,0
85866,-33.59,24.99,159.77,1997,0
85876,-33.57,25.05,159.73,1997,0
85886,-33.57,24.79,159.69,1997,0
85896,-33.57,24.57,159.62,1997,0
85906,-33.54,24.40,159.56,1997,0
85916,-33.48,24.28,159.52,1997,0
85926,-33.42,24.20,159.50,1997,0
85936,-33.33,24.15,159.54,1997,0
85946,-33.22,24.15,159.61,1997,0
85956,-33.09,24.20,159.71,1997,0
85966,-32.96,24.32,159.81,1997,0
85976,-32.84,24.51,159.90,1997,0
85986,-32.72,24.74,159.99,1997,0
85996,-32.63,24.98,160.08,1997,0
86006,-32.57,25.18,160.15,1997,0
86016,-32.53,25.33,160.20,1997,0
86026,-32.50,25.42,160.20,1997,0
86042,-32.50,25.49,160.19,615,1
86053,-32.50,25.51,160.08,615,1
86063,-32.52,25.54,159.93,615,1
86073,-32.54,25.56,159.77,615,1
86083,-32.58,25.61,159.61,615,1
86093,-32.62,25.79,159.45,615,1
86103,-32.70,26.18,159.34,615,1
86113,-32.89,26.75,159.27,615,1
86123,-33.27,27.29,159.20,615,1
86133,-33.81,27.64,159.10,615,1
86143,-34.43,27.75,159.04,615,1
86153,-35.05,27.70,159.00,615,1
86163,-35.64,27.66,158.94,615,1
86173,-36.20,27.72,158.86,615,1
86183,-36.71,27.84,158.79,615,1
86193,-37.16,27.91,158.85,615,1
86203,-37.55,27.96,158.97,615,1
86213,-37.86,28.01,159.20,615,1
86223,-38.12,28.08,159.47,615,1
86233,-38.33,28.17,159.75,615,1
86243,-38.54,28.28,160.09,615,1
86253,-38.75,28.31,160.47,615,1
86263,-38.92,28.22,160.86,615,1
86273,-39.06,28.03,161.21,615,1
86283,-39.14,27.76,161.51,615,1
86293,-39.18,27.44,161.75,615,1
86303,-39.18,27.10,161.94,615,1
86313,-39.14,26.73,162.10,615,1
86323,-39.07,26.33,162.21,615,1
86333,-38.98,25.91,162.29,615,1
86343,-38.85,25.48,162.35,615,1
86353,-38.71,25.06,162.38,615,1
86363,-38.54,24.68,162.38,615,1
86373,-38.36,24.33,162.34,615,1
86383,-38.17,23.98,162.26,615,1
86393,-37.96,23.67,162.17,615,1
86403,-37.75,23.36,162.09,615,1
86413,-37.53,23.09,161.99,615,1
86423,-37.30,22.84,161.84,615,1
86433,-37.07,22.64,161.63,615,1
86443,-36.86,22.49,161.40,615,1
86453,-36.67,22.37,161.15,615,1
86463,-36.51,22.27,160.88,615,1
86473,-36.36,22.30,160.55,615,1
86483,-36.24,22.40,160.22,615,1
86493,-36.16,22.44,159.92,615,1
86503,-36.09,22.36,159.66,615,1
86513,-36.04,22.21,159.42,615,1
86523,-35.98,22.09,159.19,615,1
86533,-35.93,22.00,158.99,615,1
86557,-35.88,21.94,158.82,1997,1
86568,-35.86,21.93,158.71,1997,1
86578,-35.86,21.92,158.61,1997,1
86588,-35.88,21.83,158.48,1997,1
86598,-35.91,21.66,158.32,1997,1
86608,-35.94,21.47,158.11,1997,1
86618,-35.97,21.32,157.91,1997,1
86628,-36.03,21.19,157.74,1997,1
86638,-36.11,21.14,157.46,1997,1
86648,-36.16,21.04,157.33,1997,1
86658,-36.19,20.93,157.41,1997,1
86668,-36.19,20.81,157.49,1997,1
86678,-36.19,20.75,157.58,1997,1
86688,-36.17,20.68,157.71,1997,1
86698,-36.15,20.59,157.87,1997,1
86708,-36.12,20.57,158.06,1997,1
86718,-36.08,20.52,158.24,1997,1
86728,-36.07,20.48,158.40,1997,1
86738,-36.07,20.43,158.54,1997,1
86748,-36.10,20.36,158.65,1997,1
86758,-36.15,20.26,158.73,1997,1
86768,-36.20,20.14,158.79,1997,1
86778,-36.25,20.02,158.82,1997,1
86788,-36.29,19.92,158.83,1997,1
86798,-36.36,19.87,158.88,1997,1
86808,-36.47,19.81,158.90,1997,1
86818,-36.66,19.78,158.85,1997,1
86828,-36.98,19.75,158.76,1997,1
86838,-37.47,19.64,158.71,1997,1
86848,-38.06,19.31,158.65,1997,1
86858,-38.66,18.83,158.54,1997,1
86868,-39.19,18.31,158.38,1997,1
86878,-39.64,17.79,158.18,1997,1
86888,-39.99,17.33,157.95,1997,1
86898,-40.26,16.94,157.71,1997,1
86908,-40.42,16.60,157.49,1997,1
86918,-40.48,16.31,157.32,1997,1
86928,-40.44,16.07,157.22,1997,1
86938,-40.31,15.87,157.21,1997,1
86948,-40.12,15.72,157.26,1997,1
86958,-39.88,15.60,157.36,1997,1
86968,-39.62,15.50,157.47,1997,1
86978,-39.34,15.41,157.58,1997,1
86988,-39.06,15.33,157.69,1997,1
86998,-38.78,15.27,157.78,1997,1
87008,-38.50,15.23,157.87,1997,1
87018,-38.24,15.19,157.96,1997,1
87028,-37.98,15.14,158.06,1997,1
87038,-37.74,15.10,158.15,1997,1
87062,-37.52,15.07,158.23,1997,0
87073,-37.47,15.13,158.25,1997,0
87083,-37.50,15.10,158.24,1997,0
87093,-37.54,14.98,158.15,1997,0
87103,-37.54,14.89,158.06,1997,0
87113,-37.52,15.05,157.98,1997,0
87123,-37.50,15.28,157.95,1997,0
87133,-37.53,15.51,158.03,1997,0
87143,-37.63,15.63,158.08,1997,0
87153,-37.76,15.62,158.07,1997,0
87163,-37.87,15.58,158.03,1997,0
87173,-37.95,15.57,157.98,1997,0
87183,-38.01,15.60,157.93,1997,0
87193,-38.07,15.62,157.90,1997,0
87203,-38.14,15.58,157.88,1997,0
87213,-38.22,15.48,157.85,1997,0
87223,-38.29,15.33,157.80,1997,0
87233,-38.33,15.18,157.72,1997,0
87243,-38.35,15.06,157.64,1997,0
87253,-38.35,14.99,157.58,1997,0
87263,-38.33,14.95,157.56,1997,0
87273,-38.30,14.92,157.57,1997,0
87283,-38.26,14.90,157.61,1997,0
87293,-38.22,14.88,157.66,1997,0
87303,-38.18,14.87,157.72,1997,0
87313,-38.14,14.87,157.76,1997,0
87323,-38.10,14.90,157.80,1997,0
87333,-38.07,14.95,157.82,1997,0
87343,-38.03,15.01,157.84,1997,0
87353,-38.01,15.06,157.89,1997,0
87363,-37.99,15.10,157.90,1997,0
87373,-37.99,15.20,157.88,1997,0
87383,-37.99,15.31,157.87,1997,0
87393,-38.02,15.38,157.89,1997,0
87403,-38.09,15.39,157.92,1997,0
87413,-38.19,15.33,157.95,1997,0
87423,-38.32,15.23,157.94,1997,0
87433,-38.45,15.12,157.91,1997,0
87443,-38.58,15.01,157.87,1997,0
87453,-38.68,14.96,157.82,1997,0
87463,-38.76,14.95,157.80,1997,0
87473,-38.84,14.97,157.82,1997,0
87483,-38.90,14.98,157.87,1997,0
87493,-38.96,14.98,157.93,1997,0
87503,-39.00,14.97,157.99,1997,0
87513,-39.04,14.93,158.03,1997,0
87523,-39.06,14.85,158.02,1997,0
87533,-39.06,14.77,157.95,1997,0
87543,-39.02,14.72,157.85,1997,0
87585,-38.98,14.71,157.75,1997,0
87596,-38.95,14.72,157.61,1997,0
87606,-38.90,14.73,157.47,1997,0
87616,-38.84,14.78,157.32,1997,0
87626,-38.79,14.88,157.16,1997,0
87636,-38.75,14.97,157.01,1997,0
87646,-38.72,15.04,156.88,1997,0
87656,-38.70,15.02,156.75,1997,0
87666,-38.68,15.02,156.63,1997,0
87676,-38.68,15.04,156.54,1997,0
87686,-38.68,15.08,156.44,1997,0
87696,-38.68,15.11,156.34,1997,0
87706,-38.68,15.14,156.28,1997,0
87716,-38.68,15.17,156.24,1997,0
87726,-38.68,15.20,156.24,1997,0
87736,-38.68,15.24,156.26,1997,0
87746,-38.68,15.29,156.31,1997,0
87756,-38.70,15.33,156.37,1997,0
87766,-38.73,15.34,156.43,1997,0
87776,-38.76,15.30,156.47,1997,0
87786,-38.79,15.27,156.49,1997,0
87796,-38.81,15.24,156.50,1997,0
87806,-38.83,15.24,156.53,1997,0
87816,-38.83,15.22,156.58,1997,0
87826,-38.83,15.23,156.62,1997,0
87836,-38.83,15.23,156.65,1997,0
87846,-38.83,15.21,156.67,1997,0
87856,-38.83,15.19,156.69,1997,0
87866,-38.83,15.14,156.69,1997,0
87876,-38.83,15.10,156.66,1997,0
87886,-38.83,15.06,156.61,1997,0
87896,-38.81,15.04,156.56,1997,0
87906,-38.79,15.04,156.51,1997,0
87916,-38.76,15.03,156.46,1997,0
87926,-38.73,15.01,156.42,1997,0
87936,-38.70,15.00,156.38,1997,0
87946,-38.67,15.01,156.36,1997,0
87956,-38.64,15.04,156.34,1997,0
87966,-38.60,15.10,156.32,1997,0
87976,-38.58,15.14,156.31,1997,0
87986,-38.56,15.17,156.29,1997,0
87996,-38.56,15.18,156.26,1997,0
88006,-38.56,15.17,156.22,1997,0
88016,-38.56,15.16,156.18,1997,0
88026,-38.56,15.18,156.14,1997,0
88036,-38.56,15.21,156.10,1997,0
88046,-38.56,15.26,156.06,1997,0
88062,-38.56,15.30,156.02,637,1
88073,-38.57,15.31,155.99,637,1
88083,-38.61,15.31,155.94,637,1
88093,-38.66,15.28,155.88,637,1
88103,-38.71,15.28,155.82,637,1
88113,-38.75,15.24,155.73,637,1
88123,-38.78,15.26,155.66,637,1
88133,-38.82,15.27,155.58,637,1
88143,-38.86,15.28,155.49,637,1
88153,-38.90,15.33,155.44,637,1
88163,-38.97,15.43,155.42,637,1
88173,-39.05,15.46,155.34,637,1
88183,-39.10,15.42,155.25,637,1
88193,-39.11,15.40,155.19,637,1
88203,-39.13,15.44,155.23,637,1
88213,-39.17,15.54,155.27,637,1
88223,-39.24,15.63,155.27,637,1
88233,-39.31,15.71,155.26,637,1
88243,-39.38,15.74,155.24,637,1
88253,-39.46,15.75,155.24,637,1
88263,-39.56,15.71,155.22,637,1
88273,-39.64,15.61,155.20,637,1
88283,-39.70,15.60,155.22,637,1
88293,-39.75,15.64,155.24,637,1
88303,-39.78,15.70,155.29,637,1
88313,-39.80,15.77,155.35,637,1
88323,-39.82,15.85,155.41,637,1
88333,-39.85,15.91,155.45,637,1
88343,-39.89,15.97,155.46,637,1
88353,-39.95,16.07,155.45,637,1
88363,-40.04,16.19,155.41,637,1
88373,-40.13,16.24,155.30,637,1
88383,-40.22,16.28,155.18,637,1
88393,-40.29,16.31,155.07,637,1
88403,-40.35,16.34,155.00,637,1
88413,-40.40,16.34,154.94,637,1
88423,-40.41,16.30,154.85,637,1
88433,-40.41,16.31,154.78,637,1
88443,-40.40,16.38,154.76,637,1
88453,-40.40,16.43,154.78,637,1
88463,-40.40,16.43,154.84,637,1
88473,-40.40,16.39,154.93,637,1
88483,-40.40,16.34,155.03,637,1
88493,-40.39,16.27,155.13,637,1
88503,-40.36,16.19,155.24,637,1
88513,-40.30,16.11,155.35,637,1
88523,-40.22,16.04,155.45,637,1
88533,-40.11,15.98,155.57,637,1
88543,-39.98,15.95,155.70,637,1
88553,-39.84,15.97,155.83,637,1
88569,-39.70,15.97,155.93,590,1
88580,-39.53,15.95,155.98,590,1
88590,-39.36,15.91,156.00,590,1
88600,-39.18,15.89,156.01,590,1
88610,-39.01,15.85,156.01,590,1
88620,-38.83,15.80,156.03,590,1
88630,-38.68,15.83,156.11,590,1
88640,-38.55,15.91,156.14,590,1
88650,-38.45,15.99,156.09,590,1
88660,-38.36,16.02,155.98,590,1
88670,-38.30,15.88,155.81,590,1
88680,-38.25,15.87,155.72,590,1
88690,-38.25,15.97,155.63,590,1
88700,-38.25,15.99,155.48,590,1
88710,-38.25,15.98,155.34,590,1
88720,-38.23,16.07,155.29,590,1
88730,-38.21,16.16,155.28,590,1
88740,-38.20,16.27,155.33,590,1
88750,-38.20,16.37,155.38,590,1
88760,-38.18,16.31,155.39,590,1
88770,-38.14,16.27,155.36,590,1
88780,-38.11,16.36,155.33,590,1
88790,-38.11,16.49,155.34,590,1
88800,-38.15,16.49,155.38,590,1
88810,-38.21,16.44,155.45,590,1
88820,-38.29,16.41,155.54,590,1
88830,-38.37,16.39,155.66,590,1
88840,-38.44,16.37,155.78,590,1
88850,-38.48,16.34,155.91,590,1
88860,-38.51,16.31,156.04,590,1
88870,-38.51,16.30,156.15,590,1
88880,-38.51,16.31,156.26,590,1
88890,-38.49,16.29,156.36,590,1
88900,-38.47,16.27,156.43,590,1
88910,-38.45,16.23,156.47,590,1
88920,-38.43,16.16,156.49,590,1
88930,-38.41,16.10,156.51,590,1
88940,-38.39,16.11,156.55,590,1
88950,-38.39,16.22,156.60,590,1
88960,-38.39,16.29,156.59,590,1
88970,-38.37,16.30,156.55,590,1
88980,-38.34,16.32,156.53,590,1
88990,-38.31,16.29,156.51,590,1
89000,-38.31,16.36,156.50,590,1
89010,-38.31,16.43,156.48,590,1
89020,-38.30,16.42,156.43,590,1
89030,-38.27,16.40,156.42,590,1
89040,-38.25,16.47,156.50,590,1
89050,-38.22,16.52,156.57,590,1
89060,-38.18,16.60,156.63,590,1
89102,-38.13,16.68,156.68,590,0
89113,-38.10,16.81,156.66,590,0
89123,-38.10,16.89,156.66,590,0
89133,-38.12,16.93,156.67,590,0
89143,-38.16,16.96,156.69,590,0
89153,-38.19,17.00,156.70,590,0
89163,-38.22,17.05,156.68,590,0
89173,-38.26,17.08,156.66,590,0
89183,-38.29,17.12,156.64,590,0
89193,-38.33,17.15,156.59,590,0
89203,-38.37,17.14,156.57,590,0
89213,-38.40,17.12,156.53,590,0
89223,-38.44,17.08,156.50,590,0
89233,-38.47,17.04,156.48,590,0
89243,-38.50,17.02,156.51,590,0
89253,-38.54,17.16,156.62,590,0
89263,-38.60,17.21,156.67,590,0
89273,-38.65,17.19,156.68,590,0
89283,-38.69,17.11,156.65,590,0
89293,-38.71,17.01,156.66,590,0
89303,-38.75,17.02,156.71,590,0
89313,-38.78,16.95,156.69,590,0
89323,-38.78,16.91,156.72,590,0
89333,-38.76,16.95,156.80,590,0
89343,-38.73,17.00,156.88,590,0
89353,-38.69,17.06,156.97,590,0
89363,-38.66,17.15,157.07,590,0
89373,-38.64,17.21,157.14,590,0
89383,-38.61,17.17,157.14,590,0
89393,-38.57,17.18,157.12,590,0
89403,-38.53,17.24,157.09,590,0
89413,-38.52,17.31,157.06,590,0
89423,-38.52,17.33,157.03,590,0
89433,-38.52,17.33,157.00,590,0
89443,-38.50,17.33,156.97,590,0
89453,-38.48,17.35,156.93,590,0
89463,-38.45,17.37,156.88,590,0
89473,-38.42,17.39,156.86,590,0
89483,-38.40,17.40,156.84,590,0
89493,-38.36,17.37,156.82,590,0
89503,-38.29,17.32,156.81,590,0
89513,-38.19,17.26,156.80,590,0
89523,-38.07,17.21,156.79,590,0
89533,-37.89,17.19,156.79,590,0
89543,-37.64,17.21,156.80,590,0
89553,-37.30,17.25,156.88,590,0
89563,-36.86,17.37,157.05,590,0
89606,-36.35,17.50,157.37,590,0
89617,-35.51,17.16,158.28,590,0
89627,-34.58,16.61,159.31,590,0
89637,-33.58,15.86,160.44,590,0
89647,-32.52,14.96,161.66,590,0
89657,-31.42,13.92,162.91,590,0
89667,-30.31,12.76,164.20,590,0
89677,-29.20,11.52,158.31,590,0
89687,-28.10,10.24,152.55,590,0
89697,-26.99,8.86,146.87,590,0
89707,-25.86,7.46,141.22,590,0
89717,-24.70,6.11,135.56,590,0
89727,-23.54,4.82,129.93,590,0
89737,-22.38,3.58,124.36,590,0
89747,-21.17,2.46,118.83,590,0
89757,-19.94,1.51,113.37,590,0
89767,-18.70,0.86,107.95,590,0
89777,-17.51,0.57,102.62,590,0
89787,-16.40,0.63,97.41,590,0
89797,-15.36,1.04,92.25,590,0
89807,-14.37,1.80,87.15,590,0
89817,-13.40,2.96,82.10,590,0
89827,-12.40,4.44,77.08,590,0
89837,-11.36,6.18,72.09,590,0
89847,-10.29,8.03,67.13,590,0
89857,-9.26,10.00,62.24,590,0
89867,-8.33,12.03,57.43,590,0
89877,-7.56,14.10,52.69,590,0
89887,-7.01,16.14,47.96,590,0
89897,-6.69,18.14,43.23,590,0
89907,-6.60,20.12,38.49,590,0
89917,-6.71,22.09,33.73,590,0
89927,-6.98,24.04,28.96,590,0
89937,-7.37,26.03,24.18,590,0
89947,-7.82,28.03,19.47,590,0
89957,-8.31,30.07,14.85,590,0
89967,-8.80,32.11,10.33,590,0
89977,-9.28,34.03,5.96,590,0
89987,-9.73,35.80,1.75,590,0
89997,-10.13,37.38,-2.24,590,0
90007,-10.47,38.73,-6.07,590,0
90017,-10.79,39.89,-9.80,590,0
90027,-11.10,40.91,-13.47,590,0
90037,-11.44,41.81,-17.10,590,0
90047,-11.82,42.61,-20.78,590,0
90057,-12.22,43.33,-24.54,590,0
90067,-12.62,43.98,-28.33,590,0
90109,-12.99,44.51,-32.14,590,0
90120,-13.27,44.15,-28.48,590,0
90130,-13.54,43.66,-24.76,590,0
90140,-13.81,43.05,-21.02,590,0
90150,-14.07,42.31,-17.30,590,0
90160,-14.32,41.41,-13.63,590,0
90170,-14.56,40.50,-9.94,590,0
90180,-14.80,39.39,-6.43,590,0
90190,-15.03,38.28,-2.96,590,0
90200,-15.26,37.22,0.51,590,0
90210,-15.51,36.06,3.91,590,0
90220,-15.79,34.83,7.24,590,0
90230,-16.07,33.52,10.50,590,0
90240,-16.32,32.17,13.74,590,0
90250,-16.50,30.82,16.98,590,0
90260,-16.62,29.63,20.28,590,0
90270,-16.67,28.58,23.56,590,0
90280,-16.67,27.67,26.85,590,0
90290,-16.63,26.94,30.13,590,0
90300,-16.58,26.34,33.39,590,0
90310,-16.55,25.83,36.61,590,0
90320,-16.55,25.37,39.77,590,0
90330,-16.60,24.93,42.86,590,0
90340,-16.70,24.47,45.85,590,0
90350,-16.80,23.97,48.78,590,0
90360,-16.90,23.47,51.71,590,0
90370,-16.99,22.99,54.67,590,0
90380,-17.10,22.58,57.70,590,0
90390,-17.27,22.22,53.55,590,0
90400,-17.50,21.92,49.48,590,0
90410,-17.78,21.63,45.44,590,0
90420,-18.06,21.36,41.43,590,0
90430,-18.33,21.08,37.42,590,0
90440,-18.56,20.73,33.37,590,0
90450,-18.76,20.40,29.28,590,0
90460,-18.94,20.06,25.15,590,0
90470,-19.12,19.70,20.96,590,0
90480,-19.30,19.29,16.73,590,0
90490,-19.49,18.83,19.69,590,0
90500,-19.68,18.32,22.55,590,0
90510,-19.90,17.73,25.35,590,0
90520,-20.13,17.11,28.10,590,0
90530,-20.36,16.50,30.85,590,0
90540,-20.57,15.88,33.60,590,0
90550,-20.69,15.20,36.24,590,0
90560,-20.69,14.59,38.93,590,0
90570,-20.55,14.12,41.66,590,0
90612,-20.29,13.84,44.35,590,0
90623,-19.94,13.77,39.86,590,0
90633,-19.61,13.61,42.58,590,0
90643,-19.29,13.37,45.19,590,0
90653,-19.03,13.10,40.52,590,0
90663,-18.94,12.80,35.94,590,0
90673,-19.07,12.39,31.39,590,0
90683,-19.35,11.77,26.89,590,0
90693,-19.70,11.00,29.66,590,0
90703,-20.06,10.23,25.17,590,0
90713,-20.40,9.47,20.76,590,0
90723,-20.72,8.66,16.42,590,0
90733,-21.00,7.93,19.34,590,0
90743,-21.24,7.27,22.17,590,0
90753,-21.44,6.63,24.95,590,0
90763,-21.58,6.00,27.71,590,0
90773,-21.69,5.42,30.46,590,0
90783,-21.76,4.88,33.18,590,0
90793,-21.82,4.35,35.86,590,0
90803,-21.87,3.83,38.55,590,0
90813,-21.93,3.27,41.34,590,0
90823,-21.94,2.64,44.22,590,0
90833,-21.86,2.04,46.94,590,0
90843,-21.70,1.53,42.37,590,0
90853,-21.57,1.04,37.82,590,0
90863,-21.55,0.67,33.28,590,0
90873,-21.66,0.36,28.77,590,0
90883,-21.84,0.04,31.49,590,0
90893,-22.01,-0.27,34.11,590,0
90903,-22.18,-0.55,36.71,590,0
90913,-22.36,-0.79,39.16,590,0
90923,-22.46,-0.90,41.62,590,0
90933,-22.51,-0.83,44.09,590,0
90943,-22.54,-0.63,46.68,590,0
90953,-22.55,-0.38,49.31,590,0
90963,-22.55,-0.04,51.97,590,0
90973,-22.53,0.14,54.47,590,0
90983,-22.46,0.43,57.00,590,0
90993,-22.39,0.79,59.49,590,0
91003,-22.36,1.22,62.00,590,0
91013,-22.38,1.67,64.47,590,0
91023,-22.44,1.95,66.79,590,0
91033,-22.52,2.23,69.06,590,0
91043,-22.63,2.54,71.31,590,0
91053,-22.79,2.87,73.49,590,0
91063,-23.00,3.24,75.62,590,0
91073,-23.26,3.55,77.67,590,0
91116,-23.53,3.85,79.67,590,0
91127,-23.85,4.34,74.57,590,0
91137,-24.21,4.93,69.61,590,0
91147,-24.66,5.55,64.71,590,0
91157,-25.22,6.18,59.89,590,0
91167,-25.89,6.72,55.04,590,0
91177,-26.60,6.98,57.23,590,0
91187,-27.21,6.98,59.33,590,0
91197,-27.74,7.12,61.50,590,0
91207,-28.28,7.40,56.48,590,0
91217,-28.93,7.74,51.52,590,0
91227,-29.69,7.97,46.59,590,0
91237,-30.54,8.23,48.88,590,0
91247,-31.43,8.29,51.02,590,0
91257,-32.32,8.16,52.98,590,0
91267,-33.18,8.08,54.76,590,0
91277,-34.04,8.16,56.35,590,0
91287,-34.90,8.26,57.78,590,0
91297,-35.74,8.33,59.06,590,0
91307,-36.50,8.29,60.26,590,0
91317,-37.12,8.15,61.43,590,0
91327,-37.60,8.11,62.61,590,0
91337,-37.91,8.21,63.88,590,0
91347,-38.08,8.45,65.28,590,0
91357,-38.08,8.78,66.87,590,0
91367,-37.93,9.29,68.73,590,0
91377,-37.64,10.00,71.01,590,0
91387,-37.23,10.80,73.70,590,0
91397,-36.70,11.54,76.82,590,0
91407,-36.03,12.28,80.04,590,0
91417,-35.26,13.10,83.27,590,0
91427,-34.41,13.82,86.52,590,0
91437,-33.52,14.28,89.87,590,0
91447,-32.61,14.35,93.26,590,0
91457,-31.72,14.18,96.62,590,0
91467,-30.88,13.93,99.90,590,0
91477,-30.11,13.72,95.86,590,0
91487,-29.42,13.56,91.79,590,0
91497,-28.82,13.50,87.63,590,0
91507,-28.30,13.56,83.33,590,0
91517,-27.86,13.74,78.91,590,0
91527,-27.48,14.01,74.37,590,0
91537,-27.17,14.30,69.68,590,0
91547,-26.93,14.61,64.89,590,0
91557,-26.78,14.91,60.05,590,0
91567,-26.71,15.10,55.17,590,0
91577,-26.74,15.30,50.31,590,0
91619,-26.86,15.48,45.51,590,0
91630,-27.12,15.46,40.83,590,0
91640,-27.34,15.46,36.39,590,0
91650,-27.52,15.52,32.02,590,0
91660,-27.63,15.65,34.94,590,0
91670,-27.66,15.88,37.80,590,0
91680,-27.63,16.23,40.62,590,0
91690,-27.53,16.64,43.42,590,0
91700,-27.39,17.16,46.25,590,0
91710,-27.21,17.73,49.11,590,0
91720,-27.00,18.38,52.02,590,0
91730,-26.72,19.07,54.99,590,0
91740,-26.39,19.84,58.01,590,0
91750,-26.01,20.57,61.06,590,0
91760,-25.60,21.32,56.98,590,0
91770,-25.18,22.14,53.15,590,0
91780,-24.78,22.98,49.53,590,0
91790,-24.34,23.69,46.03,590,0
91800,-23.85,24.35,42.61,590,0
91810,-23.29,24.83,39.28,590,0
91820,-22.66,25.17,35.99,590,0
91830,-21.97,25.61,32.75,590,0
91840,-21.26,26.04,29.59,590,0
91850,-20.56,26.40,26.49,590,0
91860,-19.87,26.70,23.47,590,0
91870,-19.23,26.91,20.51,590,0
91880,-18.63,27.02,17.57,590,0
91890,-18.07,27.01,14.63,590,0
91900,-17.56,26.92,11.67,590,0
91910,-17.08,26.74,8.66,590,0
91920,-16.63,26.50,5.65,590,0
91930,-16.21,26.13,2.64,590,0
91940,-15.81,25.70,-0.36,590,0
91950,-15.41,25.17,-3.37,590,0
91960,-14.94,24.50,-6.36,590,0
91970,-14.35,23.66,-9.24,590,0
91980,-13.56,22.63,-11.96,590,0
91990,-12.53,21.37,-14.50,590,0
92000,-11.25,19.98,-16.85,590,0
92010,-9.76,18.55,-18.96,590,0
92020,-8.14,17.12,-20.86,590,0
92030,-6.46,15.80,-22.61,590,0
92040,-4.78,14.54,-24.27,590,0
92050,-3.12,13.31,-25.85,590,0
92060,-1.53,12.20,-27.34,590,0
92070,-0.05,11.26,-28.77,590,0
92080,1.21,10.60,-30.11,590,0
92122,2.16,10.10,-31.37,590,0
92133,2.27,9.21,-32.70,590,0
92143,2.29,8.21,-34.16,590,0
92153,2.25,7.17,-35.78,590,0
92163,2.16,6.12,-37.57,590,0
92173,2.03,5.14,-39.51,590,0
92183,1.84,4.26,-41.61,590,0
92193,1.56,3.46,-43.85,590,0
92203,1.15,2.74,-46.15,590,0
92213,0.49,1.98,-48.50,590,0
92223,-0.50,1.09,-50.93,590,0
92233,-1.89,-0.05,-53.50,590,0
92243,-3.71,-1.45,-56.19,590,0
92253,-5.92,-3.07,-59.02,590,0
92263,-8.45,-4.83,-61.98,590,0
92273,-11.23,-6.64,-65.09,590,0
92283,-14.20,-8.44,-68.35,590,0
92293,-17.35,-10.30,-71.75,590,0
92303,-20.64,-12.24,-75.24,590,0
92313,-24.01,-14.26,-78.80,590,0
92323,-27.36,-16.37,-82.42,590,0
92333,-30.64,-18.56,-86.09,590,0
92343,-33.79,-20.78,-89.76,590,0
92353,-36.79,-22.97,-93.42,590,0
92363,-39.62,-25.08,-97.06,590,0
92373,-42.26,-26.98,-100.71,590,0
92383,-44.70,-28.62,-97.15,590,0
92393,-46.95,-30.07,-93.80,590,0
92403,-48.95,-31.36,-90.83,590,0
92413,-50.68,-32.46,-88.11,590,0
92423,-52.10,-33.33,-85.71,590,0
92433,-53.19,-34.01,-83.51,590,0
92443,-53.92,-34.46,-81.24,590,0
92453,-54.36,-34.52,-78.75,590,0
92463,-54.57,-34.20,-76.05,590,0
92473,-54.61,-33.56,-72.98,590,0
92483,-54.53,-32.68,-69.56,590,0
92493,-54.31,-31.57,-66.03,590,0
92503,-53.96,-30.27,-62.44,590,0
92513,-53.51,-28.82,-58.79,590,0
92523,-52.99,-27.32,-55.12,590,0
92533,-52.44,-25.72,-51.57,590,0
92543,-51.93,-23.99,-48.25,590,0
92553,-51.49,-22.07,-45.19,590,0
92563,-51.14,-19.90,-42.37,590,0
92573,-50.81,-17.44,-39.61,590,0
92583,-50.44,-14.68,-36.66,590,0
92625,-49.95,-11.62,-33.43,590,0
92636,-48.26,-7.68,-29.13,590,0
92646,-46.41,-3.45,-24.61,590,0
92656,-44.49,0.94,-19.82,590,0
92666,-42.55,5.35,-14.83,590,0
92676,-40.65,9.61,-9.78,590,0
92686,-38.80,13.73,-4.77,590,0
92696,-37.01,17.65,-7.01,590,0
92706,-35.30,21.28,-9.22,590,0
92716,-33.69,24.62,-11.43,590,0
92726,-32.20,27.65,-13.66,590,0
92736,-30.84,30.41,-15.93,590,0
92746,-29.62,32.90,-18.25,590,0
92756,-28.52,35.21,-20.66,590,0
92766,-27.50,37.36,-23.07,590,0
92776,-26.55,39.27,-25.44,590,0
92786,-25.66,40.90,-27.78,590,0
92796,-24.83,42.18,-30.08,590,0
92806,-24.08,43.17,-32.35,590,0
92816,-23.38,43.93,-34.59,590,0
92826,-22.75,44.45,-36.78,590,0
92836,-22.17,44.74,-38.97,590,0
92846,-21.66,44.85,-41.15,590,0
92856,-21.20,44.79,-43.31,590,0
92866,-20.79,44.54,-45.42,590,0
92876,-20.48,44.13,-47.53,590,0
92886,-20.28,43.53,-49.67,590,0
92896,-20.20,42.70,-51.87,590,0
92906,-20.23,41.70,-54.10,590,0
92916,-20.38,40.61,-56.34,590,0
92926,-20.64,39.45,-58.59,590,0
92936,-20.97,38.22,-60.84,590,0
92946,-21.36,36.95,-63.08,590,0
92956,-21.82,35.67,-65.30,590,0
92966,-22.38,34.30,-67.54,590,0
92977,-23.06,32.86,-69.77,590,0
92986,-23.87,31.39,-72.02,590,0
92997,-24.83,29.94,-74.29,590,0
93007,-25.92,28.58,-76.59,590,0
93017,-27.11,27.38,-78.90,590,0
93027,-28.35,26.30,-81.24,590,0
93037,-29.58,25.38,-83.64,590,0
93047,-30.75,24.61,-86.10,590,0
93057,-31.83,23.89,-88.61,590,0
93067,-32.82,23.25,-91.13,590,0
93077,-33.70,22.68,-93.67,590,0
93087,-34.47,22.15,-96.16,590,0
93129,-35.14,21.54,-98.57,590,0
93140,-36.06,20.85,-93.11,590,0
93150,-37.04,20.13,-87.72,590,0
93160,-38.06,19.37,-82.42,590,0
93170,-39.07,18.65,-77.20,590,0
93180,-40.09,18.05,-72.09,590,0
93190,-41.13,17.58,-67.12,590,0
93200,-42.21,17.29,-62.32,590,0
93210,-43.35,17.07,-57.65,590,0
93220,-44.56,16.88,-53.13,590,0
93230,-45.84,16.76,-48.76,590,0
93240,-47.19,16.65,-44.50,590,0
93250,-48.64,16.51,-40.40,590,0
93260,-50.16,16.28,-36.46,590,0
93270,-51.75,15.89,-32.73,590,0
93280,-53.38,15.38,-29.21,590,0
93290,-55.03,14.87,-25.90,590,0
93300,-56.56,14.42,-22.95,590,0
93310,-57.95,14.13,-20.12,590,0
93320,-59.23,13.85,-17.49,590,0
93330,-60.41,13.53,-15.03,590,0
93340,-61.48,13.25,-12.64,590,0
93350,-62.44,13.08,-10.31,590,0
93360,-63.26,13.05,-8.06,590,0
93370,-63.92,13.27,-5.74,590,0
93380,-64.40,13.56,-3.33,590,0
93390,-64.69,13.86,-0.85,590,0
93400,-64.81,14.28,1.67,590,0
93410,-64.78,14.83,4.28,590,0
93420,-64.63,15.48,7.04,590,0
93430,-64.27,16.19,9.75,590,0
93440,-63.22,17.03,12.77,590,0
93450,-61.91,18.36,16.10,590,0
93460,-60.62,19.77,19.31,590,0
93470,-59.54,21.15,22.36,590,0
93480,-58.76,22.46,25.32,590,0
93490,-58.28,23.67,28.30,590,0
93500,-58.00,24.71,31.37,590,0
93510,-57.80,25.55,34.51,590,0
93520,-57.57,26.21,37.72,590,0
93530,-57.22,26.59,41.10,590,0
93540,-56.69,26.94,44.55,590,0
93550,-56.05,27.37,47.84,590,0
93560,-55.35,27.75,50.94,590,0
93570,-54.65,28.14,53.85,590,0
93580,-53.96,28.31,56.66,590,0
93590,-53.18,28.18,59.51,590,0
93632,-52.25,28.15,62.33,590,0
93643,-51.11,29.82,58.56,590,0
93653,-50.13,30.74,54.94,590,0
93663,-49.34,31.23,51.34,590,0
93673,-48.77,31.41,47.69,590,0
93683,-48.45,31.42,43.87,590,0
93693,-48.33,31.27,39.84,590,0
93703,-48.33,31.04,35.65,590,0
93713,-48.38,30.79,31.40,590,0
93723,-48.45,30.56,27.12,590,0
93733,-48.51,30.32,22.82,590,0
93743,-48.57,30.08,25.69,590,0
93753,-48.59,29.85,28.38,590,0
93763,-48.59,29.62,30.92,590,0
93773,-48.56,29.37,33.39,590,0
93783,-48.52,29.20,35.85,590,0
93793,-48.50,28.91,38.32,590,0
93803,-48.48,28.66,40.80,590,0
93813,-48.48,28.43,43.38,590,0
93823,-48.50,28.15,46.03,590,0
93833,-48.54,27.87,48.68,590,0
93843,-48.60,27.57,51.33,590,0
93853,-48.66,27.24,53.93,590,0
93863,-48.72,26.90,56.47,590,0
93873,-48.77,26.57,58.93,590,0
93883,-48.80,26.26,61.29,590,0
93893,-48.83,25.98,63.57,590,0
93903,-48.84,25.72,65.79,590,0
93913,-48.86,25.49,67.95,590,0
93923,-48.87,25.28,70.05,590,0
93933,-48.91,25.07,72.11,590,0
93943,-48.95,24.83,74.13,590,0
93953,-49.00,24.55,76.12,590,0
93963,-49.06,24.24,78.09,590,0
93973,-49.13,23.91,80.02,590,0
93983,-49.21,23.58,81.91,590,0
93993,-49.29,23.24,83.74,590,0
94003,-49.34,22.91,85.51,590,0
94013,-49.37,22.60,87.22,590,0
94023,-49.37,22.33,88.90,590,0
94033,-49.37,22.09,90.53,590,0
94043,-49.35,21.89,92.13,590,0
94053,-49.31,21.70,93.71,590,0
94063,-49.27,21.52,95.27,590,0
94073,-49.25,21.33,96.81,590,0
94083,-49.25,21.14,98.36,590,0
94093,-49.27,20.93,99.91,590,0
94106,-49.33,20.68,101.45,76,1
94117,-49.44,20.29,102.93,76,1
94127,-49.56,19.81,104.33,76,1
94137,-49.68,19.28,105.62,76,1
94147,-49.78,18.70,106.84,76,1
94157,-49.87,18.02,107.99,76,1
94167,-49.95,17.26,109.07,76,1
94177,-50.03,16.46,110.04,76,1
94187,-50.08,15.66,110.89,76,1
94197,-50.12,14.88,111.64,76,1
94207,-50.14,14.15,112.33,76,1
94217,-50.15,13.51,112.99,76,1
94227,-50.18,12.98,113.64,76,1
94237,-50.25,12.49,114.29,76,1
94247,-50.38,12.02,114.94,76,1
94257,-50.54,11.58,115.58,76,1
94267,-50.74,11.15,116.21,76,1
94277,-50.96,10.77,116.81,76,1
94287,-51.20,10.47,117.39,76,1
94297,-51.47,10.20,117.93,76,1
94307,-51.78,9.90,118.48,76,1
94317,-52.13,9.57,119.02,76,1
94327,-52.51,9.28,119.48,76,1
94337,-52.91,9.07,119.86,76,1
94347,-53.31,9.00,120.14,76,1
94357,-53.70,9.10,120.29,76,1
94367,-54.07,9.39,120.34,76,1
94377,-54.42,9.94,120.47,76,1
94387,-54.72,10.62,120.93,76,1
94397,-54.99,11.32,121.96,76,1
94407,-55.22,12.06,123.42,76,1
94417,-55.42,12.78,125.20,76,1
94427,-55.58,13.47,127.16,76,1
94437,-55.72,14.00,129.25,76,1
94447,-55.80,14.50,131.39,76,1
94457,-55.82,15.00,133.59,76,1
94467,-55.79,15.48,135.76,76,1
94477,-55.69,15.86,137.80,76,1
94487,-55.50,16.13,139.62,76,1
94497,-55.25,16.28,141.17,76,1
94507,-54.96,16.33,142.45,76,1
94517,-54.64,16.29,143.48,76,1
94527,-54.32,16.16,144.28,76,1
94537,-53.98,15.89,144.90,76,1
94547,-53.65,15.54,145.40,76,1
94557,-53.32,15.14,138.60,76,1
94567,-53.02,14.66,131.88,76,1
94577,-52.74,14.15,132.45,76,1
94587,-52.50,13.57,133.00,76,1
94597,-52.33,12.87,126.31,76,1
94610,-52.23,12.09,126.91,83,1
94621,-52.20,11.26,127.48,83,1
94631,-52.20,10.42,128.06,83,1
94641,-52.23,9.47,128.59,83,1
94651,-52.27,8.53,129.01,83,1
94661,-52.32,7.70,129.32,83,1
94671,-52.37,6.98,129.52,83,1
94681,-52.40,6.35,129.67,83,1
94691,-52.41,5.84,129.79,83,1
94701,-52.41,5.45,129.89,83,1
94711,-52.39,5.17,129.99,83,1
94721,-52.37,5.03,130.09,83,1
94731,-52.37,5.02,130.21,83,1
94741,-52.39,5.12,130.33,83,1
94751,-52.44,5.31,130.44,83,1
94761,-52.52,5.62,130.52,83,1
94771,-52.63,6.03,130.62,83,1
94781,-52.77,6.59,130.71,83,1
94791,-52.91,7.27,130.82,83,1
94801,-53.05,8.05,131.16,83,1
94811,-53.20,8.80,131.95,83,1
94821,-53.36,9.47,133.12,83,1
94831,-53.52,10.07,134.59,83,1
94841,-53.68,10.58,136.32,83,1
94851,-53.83,11.06,138.29,83,1
94861,-53.98,11.49,140.40,83,1
94871,-54.16,11.82,142.59,83,1
94881,-54.36,11.92,137.51,83,1
94891,-54.58,11.82,132.29,83,1
94901,-54.80,11.63,126.90,83,1
94911,-55.00,11.39,121.32,83,1
94921,-55.18,11.10,115.59,83,1
94931,-55.31,10.79,116.92,83,1
94941,-55.38,10.48,118.04,83,1
94951,-55.42,10.20,119.05,83,1
94961,-55.44,9.94,120.02,83,1
94971,-55.47,9.73,121.00,83,1
94981,-55.51,9.56,122.01,83,1
94991,-55.60,9.43,123.07,83,1
95001,-55.74,9.32,124.16,83,1
95011,-55.94,9.20,125.28,83,1
95021,-56.18,9.06,126.40,83,1
95031,-56.47,8.91,127.51,83,1
95041,-56.81,8.73,128.60,83,1
95051,-57.17,8.51,129.66,83,1
95061,-57.56,8.21,130.68,83,1
95071,-57.98,7.87,131.67,83,1
95081,-58.42,7.50,132.61,83,1
95091,-58.90,7.12,133.51,83,1
95101,-59.40,6.74,134.37,83,1
95117,-59.91,6.35,135.21,708,1
95128,-60.41,5.88,136.06,708,1
95138,-60.91,5.40,136.92,708,1
95148,-61.43,4.92,137.78,708,1
95158,-61.96,4.51,138.66,708,1
95168,-62.51,4.12,139.54,708,1
95178,-63.11,3.70,140.35,708,1
95188,-63.74,3.29,141.09,708,1
95198,-64.42,2.94,141.76,708,1
95208,-65.12,2.59,135.21,708,1
95218,-65.85,2.22,128.81,708,1
95228,-66.62,1.83,122.57,708,1
95238,-67.43,1.44,116.45,708,1
95248,-68.30,1.14,110.47,708,1
95258,-69.25,0.92,104.62,708,1
95268,-70.25,0.77,98.89,708,1
95278,-71.28,0.73,93.30,708,1
95288,-72.33,0.78,87.83,708,1
95298,-73.41,0.91,82.51,708,1
95308,-74.54,1.03,84.51,708,1
95318,-75.71,1.12,86.45,708,1
95328,-76.87,1.21,88.34,708,1
95338,-78.02,1.35,90.21,708,1
95348,-79.13,1.58,92.05,708,1
95358,-80.23,1.86,93.86,708,1
95368,-81.31,2.12,95.67,708,1
95378,-82.36,2.33,97.48,708,1
95388,-83.37,2.49,99.30,708,1
95398,-84.36,2.68,101.10,708,1
95408,-85.34,2.91,102.89,708,1
95418,-86.33,3.19,104.63,708,1
95428,-87.31,3.51,106.33,708,1
95438,-88.29,3.83,107.99,708,1
95448,-89.24,4.12,109.61,708,1
95458,-90.19,4.36,111.19,708,1
95468,-91.12,4.52,112.68,708,1
95478,-92.00,4.65,114.05,708,1
95488,-92.79,4.76,115.30,708,1
95498,-93.49,4.82,116.44,708,1
95508,-94.09,4.81,117.52,708,1
95518,-94.62,4.72,118.56,708,1
95528,-95.07,4.55,119.58,708,1
95538,-95.41,4.38,120.57,708,1
95548,-95.64,4.26,121.55,708,1
95558,-95.80,4.18,122.53,708,1
95568,-95.89,4.11,123.51,708,1
95578,-95.96,4.03,124.49,708,1
95588,-95.99,3.91,125.45,708,1
95598,-96.01,3.75,126.40,708,1
95608,-96.01,3.59,127.35,708,1
95650,-96.01,3.45,128.30,708,0
95661,-95.95,3.39,129.12,708,0
95671,-95.86,3.31,129.88,708,0
95681,-95.76,3.17,130.59,708,0
95691,-95.64,2.95,131.26,708,0
95701,-95.50,2.66,131.88,708,0
95711,-95.33,2.32,132.46,708,0
95721,-95.13,1.94,132.99,708,0
95731,-94.89,1.54,133.47,708,0
95741,-94.60,1.15,133.89,708,0
95751,-94.28,0.72,134.29,708,0
95761,-93.92,0.29,134.67,708,0
95771,-93.55,-0.13,135.07,708,0
95781,-93.19,-0.53,135.48,708,0
95791,-92.86,-0.91,135.90,708,0
95801,-92.54,-1.25,136.34,708,0
95811,-92.25,-1.58,136.82,708,0
95821,-91.99,-1.91,137.32,708,0
95831,-91.75,-2.27,137.84,708,0
95841,-91.58,-2.63,138.34,708,0
95851,-91.49,-2.96,138.81,708,0
95861,-91.47,-3.24,139.26,708,0
95871,-91.49,-3.45,139.66,708,0
95881,-91.53,-3.59,140.00,708,0
95891,-91.56,-3.63,140.28,708,0
95901,-91.58,-3.61,140.49,708,0
95911,-91.58,-3.54,140.68,708,0
95921,-91.55,-3.48,140.82,708,0
95931,-91.51,-3.43,140.93,708,0
95941,-91.44,-3.39,141.00,708,0
95951,-91.33,-3.31,141.03,708,0
95961,-91.15,-3.18,140.99,708,0
95971,-90.91,-3.00,140.88,708,0
95981,-90.58,-2.73,140.72,708,0
95991,-90.18,-2.42,140.54,708,0
96001,-89.70,-2.12,140.37,708,0
96011,-89.14,-1.88,140.20,708,0
96021,-88.52,-1.66,140.00,708,0
96031,-87.86,-1.50,139.87,708,0
96041,-87.19,-1.41,139.81,708,0
96051,-86.56,-1.31,139.88,708,0
96061,-85.99,-1.46,140.22,708,0
96071,-85.50,-1.60,140.76,708,0
96081,-85.08,-1.55,141.29,708,0
96091,-84.70,-1.56,141.77,708,0
96101,-84.40,-1.53,142.25,708,0
96111,-84.23,-1.57,142.63,708,0
96132,-84.22,-1.29,142.88,1403,1
96143,-84.41,-0.72,142.99,1403,1
96153,-84.64,-0.19,143.16,1403,1
96163,-84.92,0.39,143.42,1403,1
96173,-85.27,0.94,143.72,1403,1
96183,-85.71,1.42,144.00,1403,1
96193,-86.20,1.80,144.23,1403,1
96203,-86.72,2.09,144.39,1403,1
96213,-87.25,2.37,144.50,1403,1
96223,-87.78,2.61,144.55,1403,1
96233,-88.30,2.75,144.58,1403,1
96243,-88.80,2.83,144.63,1403,1
96253,-89.28,2.87,144.64,1403,1
96263,-89.76,2.93,144.62,1403,1
96273,-90.22,2.98,144.54,1403,1
96283,-90.64,2.99,144.40,1403,1
96293,-91.02,2.93,144.16,1403,1
96303,-91.32,2.82,143.82,1403,1
96313,-91.53,2.69,143.41,1403,1
96323,-91.65,2.58,142.93,1403,1
96333,-91.67,2.50,142.41,1403,1
96343,-91.60,2.44,141.91,1403,1
96353,-91.47,2.39,141.43,1403,1
96363,-91.29,2.42,140.96,1403,1
96373,-91.09,2.49,140.57,1403,1
96383,-90.87,2.58,140.24,1403,1
96393,-90.63,2.73,139.97,1403,1
96403,-90.35,2.89,139.80,1403,1
96413,-90.01,3.05,139.71,1403,1
96423,-89.61,3.18,139.71,1403,1
96433,-89.13,3.31,139.82,1403,1
96443,-88.58,3.41,140.04,1403,1
96453,-87.96,3.52,140.35,1403,1
96463,-87.28,3.69,140.75,1403,1
96473,-86.57,3.95,141.21,1403,1
96483,-85.86,4.35,141.73,1403,1
96493,-85.16,4.86,142.32,1403,1
96503,-84.49,5.39,142.95,1403,1
96513,-83.85,5.95,143.61,1403,1
96523,-83.26,6.51,144.29,1403,1
96533,-82.72,7.08,145.01,1403,1
96543,-82.21,7.65,145.76,1403,1
96553,-81.75,8.23,146.52,1403,1
96563,-81.33,8.84,147.29,1403,1
96573,-80.97,9.47,148.05,1403,1
96583,-80.67,10.05,148.79,1403,1
96593,-80.42,10.60,149.47,1403,1
96603,-80.23,11.13,150.09,1403,1
96613,-80.08,11.64,150.67,1403,1
96633,-79.94,12.13,151.21,1422,1
96644,-79.85,12.61,151.69,1422,1
96654,-79.78,13.07,152.12,1422,1
96664,-79.72,13.52,152.47,1422,1
96674,-79.69,13.92,152.74,1422,1
96684,-79.67,14.30,152.91,1422,1
96694,-79.67,14.64,153.00,1422,1
96704,-79.68,14.96,153.01,1422,1
96714,-79.72,15.27,152.97,1422,1
96724,-79.76,15.56,152.89,1422,1
96734,-79.81,15.81,152.81,1422,1
96744,-79.86,16.02,152.72,1422,1
96754,-79.90,16.23,152.62,1422,1
96764,-79.93,16.46,152.50,1422,1
96774,-79.95,16.67,152.37,1422,1
96784,-79.95,16.85,152.22,1422,1
96794,-79.94,17.02,152.06,1422,1
96804,-79.91,17.20,151.92,1422,1
96814,-79.86,17.38,151.81,1422,1
96824,-79.80,17.56,151.75,1422,1
96834,-79.74,17.77,151.70,1422,1
96844,-79.70,18.01,151.68,1422,1
96854,-79.69,18.29,151.67,1422,1
96864,-79.70,18.58,151.69,1422,1
96874,-79.75,18.84,151.73,1422,1
96884,-79.82,19.06,151.77,1422,1
96894,-79.91,19.25,151.82,1422,1
96904,-80.02,19.42,151.86,1422,1
96914,-80.15,19.58,151.90,1422,1
96924,-80.28,19.73,151.94,1422,1
96934,-80.41,19.89,151.98,1422,1
96944,-80.55,20.03,152.01,1422,1
96954,-80.70,20.15,152.04,1422,1
96964,-80.85,20.25,152.07,1422,1
96974,-80.98,20.34,152.11,1422,1
96984,-81.10,20.38,152.18,1422,1
96994,-81.19,20.41,152.27,1422,1
97004,-81.25,20.42,152.37,1422,1
97014,-81.27,20.40,152.51,1422,1
97024,-81.26,20.36,152.65,1422,1
97034,-81.23,20.36,152.79,1422,1
97044,-81.20,20.38,152.93,1422,1
97054,-81.20,20.43,153.08,1422,1
97064,-81.24,20.47,153.24,1422,1
97074,-81.35,20.55,153.42,1422,1
97084,-81.53,20.68,153.60,1422,1
97094,-81.81,20.84,153.79,1422,1
97104,-82.17,21.03,154.01,1422,1
97114,-82.62,21.26,154.25,1422,1
97157,-83.15,21.53,154.53,1422,0
97168,-83.89,21.64,154.81,1422,0
97178,-84.60,21.69,155.06,1422,0
97188,-85.28,21.69,155.26,1422,0
97198,-85.89,21.63,155.42,1422,0
97208,-86.43,21.52,155.51,1422,0
97218,-86.87,21.37,155.56,1422,0
97228,-87.22,21.18,155.57,1422,0
97238,-87.46,21.01,155.52,1422,0
97248,-87.60,20.85,155.42,1422,0
97258,-87.65,20.69,155.30,1422,0
97268,-87.60,20.52,155.16,1422,0
97278,-87.46,20.37,155.03,1422,0
97288,-87.24,20.24,154.92,1422,0
97298,-86.98,20.16,154.84,1422,0
97308,-86.69,20.11,154.79,1422,0
97318,-86.39,20.07,154.80,1422,0
97328,-86.08,20.02,154.85,1422,0
97338,-85.79,19.99,154.93,1422,0
97348,-85.50,19.95,155.03,1422,0
97358,-85.23,19.90,155.15,1422,0
97368,-84.97,19.86,155.28,1422,0
97378,-84.72,19.82,155.41,1422,0
97388,-84.47,19.78,155.53,1422,0
97398,-84.23,19.74,155.65,1422,0
97408,-83.99,19.72,155.76,1422,0
97418,-83.75,19.72,155.88,1422,0
97428,-83.51,19.73,155.99,1422,0
97438,-83.28,19.76,156.13,1422,0
97448,-83.06,19.85,156.30,1422,0
97458,-82.90,20.01,156.50,1422,0
97468,-82.79,20.22,156.75,1422,0
97478,-82.74,20.43,157.03,1422,0
97488,-82.72,20.60,157.36,1422,0
97498,-82.72,20.71,157.70,1422,0
97508,-82.71,20.74,158.03,1422,0
97518,-82.67,20.71,158.32,1422,0
97528,-82.59,20.65,158.56,1422,0
97538,-82.47,20.56,158.73,1422,0
97548,-82.33,20.48,158.83,1422,0
97558,-82.17,20.41,158.89,1422,0
97568,-82.00,20.35,158.90,1422,0
97578,-81.84,20.29,158.89,1422,0
97588,-81.70,20.22,158.87,1422,0
97598,-81.58,20.15,158.85,1422,0
97608,-81.48,20.09,158.85,1422,0
97618,-81.40,20.05,158.85,1422,0
97660,-81.35,20.03,158.86,1422,0
97671,-81.31,19.99,158.92,1422,0
97681,-81.28,19.95,158.98,1422,0
97691,-81.26,19.93,159.04,1422,0
97701,-81.26,19.92,159.07,1422,0
97711,-81.28,19.93,159.10,1422,0
97721,-81.33,19.95,159.13,1422,0
97731,-81.40,19.97,159.14,1422,0
97741,-81.49,19.98,159.14,1422,0
97751,-81.56,19.97,159.12,1422,0
97761,-81.63,19.95,159.10,1422,0
97771,-81.68,19.92,159.09,1422,0
97781,-81.71,19.90,159.08,1422,0
97791,-81.74,19.87,159.08,1422,0
97801,-81.74,19.83,159.10,1422,0
97811,-81.72,19.79,159.12,1422,0
97821,-81.68,19.75,159.16,1422,0
97831,-81.63,19.71,159.21,1422,0
97841,-81.55,19.66,159.26,1422,0
97851,-81.45,19.64,159.32,1422,0
97861,-81.33,19.62,159.39,1422,0
97871,-81.21,19.63,159.47,1422,0
97881,-81.09,19.63,159.55,1422,0
97891,-80.99,19.63,159.64,1422,0
97901,-80.89,19.63,159.72,1422,0
97911,-80.82,19.65,159.79,1422,0
97921,-80.75,19.66,159.86,1422,0
97931,-80.70,19.68,159.93,1422,0
97941,-80.66,19.70,159.99,1422,0
97951,-80.62,19.72,160.06,1422,0
97961,-80.58,19.75,160.12,1422,0
97971,-80.55,19.79,160.18,1422,0
97981,-80.53,19.85,160.23,1422,0
97991,-80.53,19.91,160.27,1422,0
98001,-80.53,19.95,160.30,1422,0
98011,-80.53,19.96,160.31,1422,0
98021,-80.53,19.95,160.31,1422,0
98031,-80.53,19.94,160.29,1422,0
98041,-80.53,19.92,160.25,1422,0
98051,-80.55,19.91,160.19,1422,0
98061,-80.60,19.93,160.12,1422,0
98071,-80.67,19.95,160.04,1422,0
98081,-80.77,19.97,159.96,1422,0
98091,-80.89,19.99,159.89,1422,0
98101,-81.02,20.00,159.82,1422,0
98111,-81.17,20.01,159.76,1422,0
98121,-81.32,20.02,159.71,1422,0
98163,-81.47,20.01,159.65,1422,0
98174,-81.54,19.98,159.56,1422,0
98184,-81.56,19.96,159.47,1422,0
98194,-81.55,19.93,159.39,1422,0
98204,-81.49,19.91,159.36,1422,0
98214,-81.40,19.91,159.38,1422,0
98224,-81.29,19.93,159.45,1422,0
98234,-81.17,19.94,159.56,1422,0
98244,-81.04,19.94,159.70,1422,0
98254,-80.90,19.93,159.85,1422,0
98264,-80.76,19.89,160.00,1422,0
98274,-80.62,19.86,160.13,1422,0
98284,-80.49,19.83,160.22,1422,0
98294,-80.37,19.81,160.29,1422,0
98304,-80.27,19.80,160.33,1422,0
98314,-80.21,19.80,160.34,1422,0
98324,-80.18,19.80,160.32,1422,0
98334,-80.18,19.80,160.29,1422,0
98344,-80.18,19.81,160.26,1422,0
98354,-80.20,19.81,160.23,1422,0
98364,-80.22,19.82,160.22,1422,0
98374,-80.23,19.83,160.21,1422,0
98384,-80.25,19.83,160.23,1422,0
98394,-80.27,19.83,160.25,1422,0
98404,-80.27,19.81,160.28,1422,0
98414,-80.27,19.79,160.31,1422,0
98424,-80.27,19.77,160.35,1422,0
98434,-80.26,19.75,160.40,1422,0
98444,-80.26,19.73,160.46,1422,0
98454,-80.26,19.70,160.50,1422,0
98464,-80.26,19.63,160.51,1422,0
98474,-80.26,19.53,160.50,1422,0
98484,-80.26,19.45,160.47,1422,0
98494,-80.24,19.40,160.45,1422,0
98504,-80.22,19.37,160.47,1422,0
